path,condition,test_type,cell,visit,test_id,rpt_T_degC,size_MB,DOD_pct,C_ch,C_dis,T_degC,rows,duration_s,dt_median_s,dt_mean_s,V_min,V_max,V_mean,V_std,I_min,I_max,I_mean,I_std,T_min,T_max,T_mean,T_std,Ah_min,Ah_max,Ah_span,n_steps,Q_charge_Ah_total,Q_discharge_Ah_total,parse_status
/media/kabir/Research/Project/sodium battery /Data_Failure_Mode_and_Degradation_Analysis_of_a_Commercial_Sodium-Ion_Battery_With_Severe_Gassing_Issue/Standard cycling/DOD100_0.5C0.5C_-10degC/CU_at_25degC/S2000FOQ09_CU_at25degC_V00_4825.ird,DOD100_0.5C0.5C_-10degC,CU,S2000FOQ09,0,4825,25,15.424,100.0,0.5,0.5,-10.0,179830.0,299498.228046285,1.0000025139888749,1.6654612328728124,1.4998263120651245,3.800386428833008,2.9097235202789307,0.582259476184845,-2.4002535343170166,2.4042763710021973,-0.030686337500810623,0.44880610704421997,22.247560501098633,27.098339080810547,25.000642776489258,0.29593583941459656,-0.6504299640655518,0.5953947305679321,1.2458246946334839,126.0,3.6917159305116654,4.16262775813801,ok
/media/kabir/Research/Project/sodium battery /Data_Failure_Mode_and_Degradation_Analysis_of_a_Commercial_Sodium-Ion_Battery_With_Severe_Gassing_Issue/Standard cycling/DOD100_0.5C0.5C_-10degC/CU_at_25degC/S2000FQ6K4_CU_at25degC_V00_4827.ird,DOD100_0.5C0.5C_-10degC,CU,S2000FQ6K4,0,4827,25,15.462,100.0,0.5,0.5,-10.0,180054.0,300013.204079239,1.0000041869934648,1.666249404782142,1.4992386102676392,3.800346612930298,2.9100377559661865,0.5809457898139954,-2.4001386165618896,2.407501697540283,-0.03082791343331337,0.44872990250587463,22.104610443115234,27.012819290161133,24.998271942138672,0.2889440357685089,-0.6564369797706604,0.592768669128418,1.2492055892944336,126.0,3.7011935309129003,4.178388387778525,ok
/media/kabir/Research/Project/sodium battery /Data_Failure_Mode_and_Degradation_Analysis_of_a_Commercial_Sodium-Ion_Battery_With_Severe_Gassing_Issue/Standard cycling/DOD100_0.5C0.5C_-10degC/CU_at_25degC/S2000FQHB2_CU_at25degC_V00_4826.ird,DOD100_0.5C0.5C_-10degC,CU,S2000FQHB2,0,4826,25,15.481,100.0,0.5,0.5,-10.0,180399.0,300861.574496953,1.0000041909515858,1.667765576652474,1.4992616176605225,3.8004050254821777,2.905834674835205,0.58403480052948,-2.4001975059509277,2.404609203338623,-0.03080950304865837,0.4485478401184082,22.30838966369629,26.90896987915039,25.050395965576172,0.2681065499782562,-0.6516251564025879,0.603308379650116,1.2549335956573486,126.0,3.722077782781974,4.194206814344194,ok
/media/kabir/Research/Project/sodium battery /Data_Failure_Mode_and_Degradation_Analysis_of_a_Commercial_Sodium-Ion_Battery_With_Severe_Gassing_Issue/Standard cycling/DOD100_0.5C0.5C_-10degC/CU_at_25degC/S2000FQHB2_CU_at25degC_V01_4886.ird,DOD100_0.5C0.5C_-10degC,CU,S2000FQHB2,1,4886,25,14.916,100.0,0.5,0.5,-10.0,175010.0,291685.703639188,1.0000075430143625,1.66668973389476,1.499482274055481,3.800201416015625,2.9084877967834473,0.5959722995758057,-2.4001574516296387,2.401580810546875,-0.021172644570469856,0.4477289021015167,24.86920928955078,27.962730407714844,26.235919952392578,0.23732233047485352,-0.15738387405872345,1.0526615381240845,1.2100454568862915,126.0,3.605727673406051,3.591052194356115,ok
/media/kabir/Research/Project/sodium battery /Data_Failure_Mode_and_Degradation_Analysis_of_a_Commercial_Sodium-Ion_Battery_With_Severe_Gassing_Issue/Standard cycling/DOD100_0.5C0.5C_-10degC/Cycling_Periods/S2000FOQ09_CU_at-10degC_V01_4850.ird,DOD100_0.5C0.5C_-10degC,CYC,S2000FOQ09,1,4850,-10,30.148,100.0,0.5,0.5,-10.0,334645.0,2481023.375437702,9.999908646801487,7.413918598384261,-6.2494988441467285,6.2477827072143555,3.0427980422973633,0.6333632469177246,-0.6000633835792542,0.6000474691390991,0.012638394720852375,0.3717811703681946,-11.425959587097168,-1.7297500371932983,-8.823925971984863,1.913079857826233,-2.0417164137143118e-07,13.879255294799805,13.879255294799805,1224.0,120.5857309194256,107.77911017815073,ok
/media/kabir/Research/Project/sodium battery /Data_Failure_Mode_and_Degradation_Analysis_of_a_Commercial_Sodium-Ion_Battery_With_Severe_Gassing_Issue/Standard cycling/DOD100_0.5C0.5C_-10degC/Cycling_Periods/S2000FQ6K4_CU_at-10degC_V01_4852.ird,DOD100_0.5C0.5C_-10degC,CYC,S2000FQ6K4,1,4852,-10,31.508,100.0,0.5,0.5,-10.0,349645.0,2628026.044176794,9.999917028006166,7.516290982189868,-6.249814987182617,6.247335910797119,3.034497022628784,0.6237362623214722,-0.6023779511451721,0.6000505089759827,0.013358978554606438,0.38580286502838135,-10.570380210876465,-2.455980062484741,-8.343652725219727,1.864385962486267,-2.0541847334243357e-07,14.964386940002441,14.964386940002441,1224.0,134.54373153959352,120.54525399919117,ok
/media/kabir/Research/Project/sodium battery /Data_Failure_Mode_and_Degradation_Analysis_of_a_Commercial_Sodium-Ion_Battery_With_Severe_Gassing_Issue/Standard cycling/DOD100_0.5C0.5C_-10degC/Cycling_Periods/S2000FQHB2_CU_at-10degC_V01_4851.ird,DOD100_0.5C0.5C_-10degC,CYC,S2000FQHB2,1,4851,-10,39.101,100.0,0.5,0.5,-10.0,427683.0,3574008.685119611,9.999997487990186,8.356696529476599,1.4992616176605225,3.8002142906188965,2.95454478263855,0.599766731262207,-0.6018116474151611,0.6000496745109558,0.028907129541039467,0.4777597486972809,-11.195380210876465,-2.3063299655914307,-8.448225021362305,1.8128080368041992,-1.3080148164590355e-07,35.993873596191406,35.993873596191406,1213.0,247.47552396966745,212.74183876974345,ok
/media/kabir/Research/Project/sodium battery /Data_Failure_Mode_and_Degradation_Analysis_of_a_Commercial_Sodium-Ion_Battery_With_Severe_Gassing_Issue/Standard cycling/DOD100_0.5C0.5C_50degC/CU_at_25degC/S2000FNPEL_CU_at25degC_V00_4839.ird,DOD100_0.5C0.5C_50degC,CU,S2000FNPEL,0,4839,25,15.348,100.0,0.5,0.5,50.0,178992.0,297279.828062194,1.0000025139888749,1.6608646695207803,1.4997140169143677,3.8004202842712402,2.9114952087402344,0.5838372707366943,-2.428459405899048,2.4139552116394043,-0.030523404479026794,0.449375718832016,21.326030731201172,27.95966911315918,22.65201187133789,1.8600263595581055,-0.6369916796684265,0.5929147005081177,1.2299063205718994,126.0,3.655633430893316,4.120400115779891,ok
/media/kabir/Research/Project/sodium battery /Data_Failure_Mode_and_Degradation_Analysis_of_a_Commercial_Sodium-Ion_Battery_With_Severe_Gassing_Issue/Standard cycling/DOD100_0.5C0.5C_50degC/CU_at_25degC/S2000FNPEL_CU_at25degC_V01_4882.ird,DOD100_0.5C0.5C_50degC,CU,S2000FNPEL,1,4882,25,15.537,100.0,0.5,0.5,50.0,180948.0,299514.20761684503,1.000003352004569,1.6552593169096201,1.499717354774475,3.800224781036377,2.8952136039733887,0.5752420425415039,-2.400193691253662,2.405792713165283,-0.03657969832420349,0.450549453496933,24.60157012939453,27.89858055114746,25.837879180908203,0.3150694966316223,-0.968189001083374,0.26577961444854736,1.2339686155319214,126.0,3.6492566713986228,4.438330214772349,ok
/media/kabir/Research/Project/sodium battery /Data_Failure_Mode_and_Degradation_Analysis_of_a_Commercial_Sodium-Ion_Battery_With_Severe_Gassing_Issue/Standard cycling/DOD100_0.5C0.5C_50degC/CU_at_25degC/S2000FOMBK_CU_at25degC_V00_4837.ird,DOD100_0.5C0.5C_50degC,CU,S2000FOMBK,0,4837,25,15.449,100.0,0.5,0.5,50.0,179948.0,299554.337798374,1.0000050259986892,1.6646809215956588,1.499335765838623,3.8004157543182373,2.9081802368164062,0.583215057849884,-2.400177240371704,2.405792713165283,-0.030840007588267326,0.44892221689224243,21.435510635375977,27.871599197387695,22.726608276367188,1.7786344289779663,-0.6477921009063721,0.5980590581893921,1.2458511590957642,126.0,3.701479192477,4.17679562385999,ok
/media/kabir/Research/Project/sodium battery /Data_Failure_Mode_and_Degradation_Analysis_of_a_Commercial_Sodium-Ion_Battery_With_Severe_Gassing_Issue/Standard cycling/DOD100_0.5C0.5C_50degC/CU_at_25degC/S2000FOMBK_CU_at25degC_V01_4884.ird,DOD100_0.5C0.5C_50degC,CU,S2000FOMBK,1,4884,25,15.189,100.0,0.5,0.5,50.0,177565.0,297549.580834616,1.0000050300150178,1.6757314592744925,1.4997140169143677,3.800229549407959,2.8809282779693604,0.590001106262207,-2.419142961502075,2.4143786430358887,-0.022740136831998825,0.4467936158180237,24.327850341796875,28.185699462890625,26.01892852783203,0.28983041644096375,-0.2183903157711029,1.04013192653656,1.2585222721099854,126.0,3.731815357820493,3.752954892550791,ok
/media/kabir/Research/Project/sodium battery /Data_Failure_Mode_and_Degradation_Analysis_of_a_Commercial_Sodium-Ion_Battery_With_Severe_Gassing_Issue/Standard cycling/DOD100_0.5C0.5C_50degC/CU_at_25degC/S2000FQJRF_CU_at25degC_V00_4838.ird,DOD100_0.5C0.5C_50degC,CU,S2000FQJRF,0,4838,25,15.476,100.0,0.5,0.5,50.0,180039.0,299706.73106678703,1.000003352004569,1.6646859611125817,1.499181866645813,3.8003182411193848,2.904688596725464,0.586104154586792,-2.4001615047454834,2.4062347412109375,-0.030956383794546127,0.4489361643791199,21.3533992767334,28.02992057800293,22.67640495300293,1.819507122039795,-0.6524224877357483,0.5941500067710876,1.246572494506836,126.0,3.7054351819514832,4.185897616358508,ok
/media/kabir/Research/Project/sodium battery /Data_Failure_Mode_and_Degradation_Analysis_of_a_Commercial_Sodium-Ion_Battery_With_Severe_Gassing_Issue/Standard cycling/DOD100_0.5C0.5C_50degC/CU_at_25degC/S2000FQJRF_CU_at25degC_V01_4890.ird,DOD100_0.5C0.5C_50degC,CU,S2000FQJRF,1,4890,25,15.526,100.0,0.5,0.5,50.0,180416.0,300599.95632367,1.0000075470015872,1.666158336744007,1.4998098611831665,3.8001036643981934,2.880702257156372,0.5845310091972351,-2.400266170501709,2.402719020843506,-0.03156005218625069,0.4487510621547699,23.041349411010742,28.21013069152832,26.057331085205078,0.33065265417099,-0.695800244808197,0.5574532151222229,1.25325345993042,126.0,3.7069297275683635,4.221217471301083,ok
/media/kabir/Research/Project/sodium battery /Data_Failure_Mode_and_Degradation_Analysis_of_a_Commercial_Sodium-Ion_Battery_With_Severe_Gassing_Issue/Standard cycling/DOD100_0.5C0.5C_50degC/Cycling_Periods/S2000FNPEL_CU_at50degC_V01_4866.ird,DOD100_0.5C0.5C_50degC,CYC,S2000FNPEL,1,4866,50,38.383,100.0,0.5,0.5,50.0,411735.0,3573482.2393226624,9.999998323037289,8.67910408011644,1.4991415739059448,3.8006110191345215,2.864157199859619,0.61998051404953,-0.6212486028671265,0.6000479459762573,0.00015852726937737316,0.4966423511505127,48.47093963623047,53.07918167114258,51.567779541015625,0.5453677177429199,-0.23647402226924896,1.077501893043518,1.3139759302139282,1158.0,237.03443884634174,236.47939613546285,ok
/media/kabir/Research/Project/sodium battery /Data_Failure_Mode_and_Degradation_Analysis_of_a_Commercial_Sodium-Ion_Battery_With_Severe_Gassing_Issue/Standard cycling/DOD100_0.5C0.5C_50degC/Cycling_Periods/S2000FOMBK_CU_at50degC_V01_4864.ird,DOD100_0.5C0.5C_50degC,CYC,S2000FOMBK,1,4864,50,38.355,100.0,0.5,0.5,50.0,412599.0,3573581.00105853,9.999998323037289,8.66116898544959,1.4991450309753418,3.8004157543182373,2.8632724285125732,0.6176055073738098,-0.6000972986221313,0.600049614906311,-4.747499406221323e-05,0.49621033668518066,43.822898864746094,53.15922164916992,51.82526779174805,0.24195338785648346,-0.19729387760162354,1.3938217163085938,1.5911155939102173,1142.0,236.96501333909012,236.74454955160076,ok
/media/kabir/Research/Project/sodium battery /Data_Failure_Mode_and_Degradation_Analysis_of_a_Commercial_Sodium-Ion_Battery_With_Severe_Gassing_Issue/Standard cycling/DOD100_0.5C0.5C_50degC/Cycling_Periods/S2000FQJRF_CU_at50degC_V01_4865.ird,DOD100_0.5C0.5C_50degC,CYC,S2000FQJRF,1,4865,50,38.429,100.0,0.5,0.5,50.0,412239.0,3573527.5247674426,9.999998322688043,8.668602906009253,1.4989911317825317,3.8003182411193848,2.8616249561309814,0.6177319884300232,-0.600182831287384,0.6000505089759827,-4.9294958444079384e-05,0.496513694524765,48.14601135253906,53.18027877807617,51.77322769165039,0.5615466833114624,-0.2165047973394394,1.089644432067871,1.3061492443084717,1140.0,237.09862525526168,236.79791049184715,ok
/media/kabir/Research/Project/sodium battery /Data_Failure_Mode_and_Degradation_Analysis_of_a_Commercial_Sodium-Ion_Battery_With_Severe_Gassing_Issue/Standard cycling/DOD100_1C1C_-10degC/CU_at_25degC/S2000FOSGS_CU_at25degC_V00_4836.ird,DOD100_1C1C_-10degC,CU,S2000FOSGS,0,4836,25,15.47,100.0,1.0,1.0,-10.0,180289.0,300664.700445258,1.000003352004569,1.6676911410923525,1.499006986618042,3.800433874130249,2.9105775356292725,0.5808322429656982,-2.4002392292022705,2.405644178390503,-0.030734743922948837,0.4485292434692383,23.284149169921875,26.74098014831543,25.34987449645996,0.19075575470924377,-0.6518575549125671,0.6026324033737183,1.2544898986816406,126.0,3.713751899168257,4.185316151990364,ok
/media/kabir/Research/Project/sodium battery /Data_Failure_Mode_and_Degradation_Analysis_of_a_Commercial_Sodium-Ion_Battery_With_Severe_Gassing_Issue/Standard cycling/DOD100_1C1C_-10degC/CU_at_25degC/S2000FPFHG_CU_at25degC_V00_4834.ird,DOD100_1C1C_-10degC,CU,S2000FPFHG,0,4834,25,15.38,100.0,1.0,1.0,-10.0,179146.0,297832.984144265,1.0000041909806896,1.6625246819295263,1.4995003938674927,3.800349473953247,2.911780834197998,0.5797605514526367,-2.4003806114196777,2.4085946083068848,-0.030542291700839996,0.4491507112979889,23.09052085876465,26.255340576171875,25.12215232849121,0.156898632645607,-0.6460113525390625,0.5886936783790588,1.2347049713134766,126.0,3.6567637452657102,4.125875327882171,ok
/media/kabir/Research/Project/sodium battery /Data_Failure_Mode_and_Degradation_Analysis_of_a_Commercial_Sodium-Ion_Battery_With_Severe_Gassing_Issue/Standard cycling/DOD100_1C1C_-10degC/CU_at_25degC/S2000FQW1T_CU_at25degC_V00_4835.ird,DOD100_1C1C_-10degC,CU,S2000FQW1T,0,4835,25,15.456,100.0,1.0,1.0,-10.0,180067.0,300122.44914034003,1.0000050270027714,1.6667358032073798,1.4992045164108276,3.8002867698669434,2.906341791152954,0.5837118625640869,-2.400718927383423,2.4004859924316406,-0.030682038515806198,0.44864580035209656,23.37590980529785,26.469139099121094,25.342832565307617,0.15289747714996338,-0.6493092775344849,0.6011887788772583,1.2504980564117432,126.0,3.704166946406899,4.1733307957943575,ok
/media/kabir/Research/Project/sodium battery /Data_Failure_Mode_and_Degradation_Analysis_of_a_Commercial_Sodium-Ion_Battery_With_Severe_Gassing_Issue/Standard cycling/DOD100_1C1C_-10degC/CU_at_25degC/S2000FQW1T_CU_at25degC_V01_4885.ird,DOD100_1C1C_-10degC,CU,S2000FQW1T,1,4885,25,15.296,100.0,1.0,1.0,-10.0,177887.0,291697.972440206,1.0000067069777288,1.6398028649821008,1.4995590448379517,3.8002052307128906,2.9136857986450195,0.5934547185897827,-2.4002175331115723,2.401698112487793,-0.03656382858753204,0.4524914026260376,24.708019256591797,28.179590225219727,26.32671546936035,0.28566667437553406,-0.9744185209274292,0.20316234230995178,1.1775808334350586,126.0,3.491998333187159,4.295272368308392,ok
/media/kabir/Research/Project/sodium battery /Data_Failure_Mode_and_Degradation_Analysis_of_a_Commercial_Sodium-Ion_Battery_With_Severe_Gassing_Issue/Standard cycling/DOD100_1C1C_-10degC/Cycling_Periods/S2000FOSGS_CU_at-10degC_V01_4863.ird,DOD100_1C1C_-10degC,CYC,S2000FOSGS,1,4863,-10,10.644,100.0,1.0,1.0,-10.0,119115.0,884710.1828405481,9.999788801535033,7.427424004235842,-0.45612832903862,6.247165679931641,2.960010528564453,0.6195754408836365,-1.2001196146011353,1.2000294923782349,0.05039374530315399,0.7559196949005127,-9.780380249023438,1.4984400272369385,-7.2061872482299805,2.857135057449341,-1.8719849492754292e-07,17.6453857421875,17.6453857421875,454.0,90.15592475715589,73.16354557290819,ok
/media/kabir/Research/Project/sodium battery /Data_Failure_Mode_and_Degradation_Analysis_of_a_Commercial_Sodium-Ion_Battery_With_Severe_Gassing_Issue/Standard cycling/DOD100_1C1C_-10degC/Cycling_Periods/S2000FPFHG_CU_at-10degC_V01_4861.ird,DOD100_1C1C_-10degC,CYC,S2000FPFHG,1,4861,-10,14.733,100.0,1.0,1.0,-10.0,164105.0,1208408.5542685392,9.999725940055214,7.363675195415951,-6.250938892364502,6.2499847412109375,2.9485554695129395,0.6274015307426453,-1.2001018524169922,1.2000434398651123,0.060960251837968826,0.7550299167633057,-9.882519721984863,1.2072900533676147,-7.400315284729004,2.83650279045105,-1.3158093281617766e-07,29.8553466796875,29.8553466796875,619.0,126.83638499419816,97.64171108659956,ok
/media/kabir/Research/Project/sodium battery /Data_Failure_Mode_and_Degradation_Analysis_of_a_Commercial_Sodium-Ion_Battery_With_Severe_Gassing_Issue/Standard cycling/DOD100_1C1C_-10degC/Cycling_Periods/S2000FQW1T_CU_at-10degC_V01_4862.ird,DOD100_1C1C_-10degC,CYC,S2000FQW1T,1,4862,-10,44.15,100.0,1.0,1.0,-10.0,485241.0,3573504.0428611073,9.999802627135068,7.364405331096173,1.4988229274749756,3.8004775047302246,2.948478937149048,0.6115357279777527,-1.20136559009552,1.200052261352539,0.07373213768005371,0.7968516945838928,-9.877420425415039,0.47360000014305115,-7.201155662536621,2.8040709495544434,-5.870238055649679e-07,101.5942611694336,101.5942611694336,1894.0,417.1725823003354,316.3613356565009,ok
/media/kabir/Research/Project/sodium battery /Data_Failure_Mode_and_Degradation_Analysis_of_a_Commercial_Sodium-Ion_Battery_With_Severe_Gassing_Issue/Standard cycling/DOD100_1C1C_25degC/CU_at_25degC/S2000FM42G_CU_at25degC_V00_4905.ird,DOD100_1C1C_25degC,CU,S2000FM42G,0,4905,25,15.44,100.0,1.0,1.0,25.0,179712.0,299228.09121277905,1.000003352004569,1.6650516173900265,1.4995859861373901,3.8002867698669434,2.911466598510742,0.5802697539329529,-2.400718927383423,2.4003589153289795,-0.03066977672278881,0.4488241970539093,25.061080932617188,26.310319900512695,25.2707462310791,0.13749930262565613,-0.652459442615509,0.5920778512954712,1.244537353515625,126.0,3.6830126184658036,4.155643970634444,ok
/media/kabir/Research/Project/sodium battery /Data_Failure_Mode_and_Degradation_Analysis_of_a_Commercial_Sodium-Ion_Battery_With_Severe_Gassing_Issue/Standard cycling/DOD100_1C1C_25degC/CU_at_25degC/S2000FM42G_CU_at25degC_V02_4985.ird,DOD100_1C1C_25degC,CU,S2000FM42G,2,4985,25,15.506,100.0,1.0,1.0,25.0,180356.0,300489.033962412,1.0000016780104488,1.6660976072879154,1.499776840209961,3.8002867698669434,2.9011712074279785,0.5764214396476746,-2.4002583026885986,2.4001946449279785,-0.0316116027534008,0.4487755596637726,24.89657974243164,26.175920486450195,25.216938018798828,0.14275908470153809,-0.701632022857666,0.5489488840103149,1.250580906867981,126.0,3.6993985648099765,4.220047900924388,ok
/media/kabir/Research/Project/sodium battery /Data_Failure_Mode_and_Degradation_Analysis_of_a_Commercial_Sodium-Ion_Battery_With_Severe_Gassing_Issue/Standard cycling/DOD100_1C1C_25degC/CU_at_25degC/S2000FM42G_CU_at25degC_V06_5145.ird,DOD100_1C1C_25degC,CU,S2000FM42G,6,5145,25,15.538,100.0,1.0,1.0,25.0,180624.0,300827.141094618,1.0000016780104488,1.6654974233326765,1.4993952512741089,3.8002867698669434,2.8931307792663574,0.5687143206596375,-2.4002811908721924,2.400083541870117,-0.032124266028404236,0.4488205909729004,24.972610473632812,26.1453800201416,25.25623321533203,0.13445693254470825,-0.7277474999427795,0.52543044090271,1.2531778812408447,126.0,3.704640077905902,4.250551590511935,ok
/media/kabir/Research/Project/sodium battery /Data_Failure_Mode_and_Degradation_Analysis_of_a_Commercial_Sodium-Ion_Battery_With_Severe_Gassing_Issue/Standard cycling/DOD100_1C1C_25degC/CU_at_25degC/S2000FM42G_CU_at25degC_V08_5217.ird,DOD100_1C1C_25degC,CU,S2000FM42G,8,5217,25,15.492,100.0,1.0,1.0,25.0,180159.0,299320.803109559,1.0000016750127543,1.6614349799040786,1.499776840209961,3.8002867698669434,2.896287441253662,0.5597376823425293,-2.400332450866699,2.4005069732666016,-0.0322551354765892,0.4492143392562866,24.917869567871094,26.178979873657227,25.22283363342285,0.15689869225025177,-0.727939248085022,0.5133017301559448,1.2412409782409668,126.0,3.6812492630438034,4.233821064889356,ok
/media/kabir/Research/Project/sodium battery /Data_Failure_Mode_and_Degradation_Analysis_of_a_Commercial_Sodium-Ion_Battery_With_Severe_Gassing_Issue/Standard cycling/DOD100_1C1C_25degC/CU_at_25degC/S2000FM42G_CU_at25degC_V10_5270.ird,DOD100_1C1C_25degC,CU,S2000FM42G,10,5270,25,15.407,100.0,1.0,1.0,25.0,179248.0,296768.525759939,1.0000025129993446,1.655640126528974,1.499776840209961,3.8002867698669434,2.9066102504730225,0.5450136065483093,-2.4002115726470947,2.401672124862671,-0.03208144009113312,0.44964319467544556,25.018310546875,26.240060806274414,25.26447105407715,0.1455293446779251,-0.7215965390205383,0.5011733174324036,1.222769856452942,126.0,3.6305743186914827,4.180647096308568,ok
/media/kabir/Research/Project/sodium battery /Data_Failure_Mode_and_Degradation_Analysis_of_a_Commercial_Sodium-Ion_Battery_With_Severe_Gassing_Issue/Standard cycling/DOD100_1C1C_25degC/CU_at_25degC/S2000FM42G_CU_at25degC_V12_5333.ird,DOD100_1C1C_25degC,CU,S2000FM42G,12,5333,25,15.312,100.0,1.0,1.0,25.0,178096.0,293428.159267018,1.0000016749982024,1.647593471276667,1.499776840209961,3.800096035003662,2.919278621673584,0.5283441543579102,-2.4002528190612793,2.4023075103759766,-0.031823817640542984,0.4501391649246216,24.899620056152344,26.22784996032715,25.178213119506836,0.17172230780124664,-0.712375283241272,0.48615697026252747,1.198532223701477,126.0,3.564808649103566,4.110229700152933,ok
/media/kabir/Research/Project/sodium battery /Data_Failure_Mode_and_Degradation_Analysis_of_a_Commercial_Sodium-Ion_Battery_With_Severe_Gassing_Issue/Standard cycling/DOD100_1C1C_25degC/CU_at_25degC/S2000FM42G_CU_at25degC_V14_5385.ird,DOD100_1C1C_25degC,CU,S2000FM42G,14,5385,25,15.165,100.0,1.0,1.0,25.0,176694.0,289522.741871459,1.0000008399947546,1.6385637341120418,1.4992045164108276,3.800096035003662,2.93361234664917,0.5108152627944946,-2.4001893997192383,2.4031548500061035,-0.031405024230480194,0.4506453275680542,24.759729385375977,26.301149368286133,25.25930404663086,0.16397830843925476,-0.7020522952079773,0.4691297709941864,1.1711820363998413,126.0,3.481723921944512,4.019711777850094,ok
/media/kabir/Research/Project/sodium battery /Data_Failure_Mode_and_Degradation_Analysis_of_a_Commercial_Sodium-Ion_Battery_With_Severe_Gassing_Issue/Standard cycling/DOD100_1C1C_25degC/CU_at_25degC/S2000FM42G_CU_at25degC_V16_5419.ird,DOD100_1C1C_25degC,CU,S2000FM42G,16,5419,25,15.008,100.0,1.0,1.0,25.0,175191.0,285046.557888294,1.0000008390052244,1.6270709394845253,1.4995859861373901,3.800096035003662,2.9483206272125244,0.4927399456501007,-2.40030574798584,2.4040021896362305,-0.03090009093284607,0.45112988352775574,25.051910400390625,26.337799072265625,25.26201057434082,0.17066876590251923,-0.6886762976646423,0.45095011591911316,1.139626383781433,126.0,3.388914545352377,3.9168089464983304,ok
/media/kabir/Research/Project/sodium battery /Data_Failure_Mode_and_Degradation_Analysis_of_a_Commercial_Sodium-Ion_Battery_With_Severe_Gassing_Issue/Standard cycling/DOD100_1C1C_25degC/CU_at_25degC/S2000FNX7G_CU_at25degC_V00_4904.ird,DOD100_1C1C_25degC,CU,S2000FNX7G,0,4904,25,15.395,100.0,1.0,1.0,25.0,179725.0,299370.84417796397,1.0000016779995349,1.6657254689299368,1.4998819828033447,3.800158739089966,2.915285110473633,0.577644407749176,-2.4002492427825928,2.4084882736206055,-0.030554182827472687,0.4486808776855469,23.77634048461914,26.307260513305664,25.15549659729004,0.1518779993057251,-0.6522062420845032,0.5941541194915771,1.2463603019714355,126.0,3.6796913277856182,4.14933793302978,ok
/media/kabir/Research/Project/sodium battery /Data_Failure_Mode_and_Degradation_Analysis_of_a_Commercial_Sodium-Ion_Battery_With_Severe_Gassing_Issue/Standard cycling/DOD100_1C1C_25degC/CU_at_25degC/S2000FNX7G_CU_at25degC_V02_4984.ird,DOD100_1C1C_25degC,CU,S2000FNX7G,2,4984,25,15.529,100.0,1.0,1.0,25.0,180585.0,301019.700698367,1.0000016750127543,1.6669234300844318,1.4995003938674927,3.800349473953247,2.90152645111084,0.5758793950080872,-2.400146961212158,2.408381938934326,-0.03170588240027428,0.4486720561981201,24.78404998779297,26.178979873657227,25.109045028686523,0.1567326784133911,-0.7075376510620117,0.5484901666641235,1.2560278177261353,126.0,3.709058764896171,4.234239216489078,ok
/media/kabir/Research/Project/sodium battery /Data_Failure_Mode_and_Degradation_Analysis_of_a_Commercial_Sodium-Ion_Battery_With_Severe_Gassing_Issue/Standard cycling/DOD100_1C1C_25degC/CU_at_25degC/S2000FNX7G_CU_at25degC_V04_5071.ird,DOD100_1C1C_25degC,CU,S2000FNX7G,4,5071,25,15.582,100.0,1.0,1.0,25.0,181116.0,302104.94990134303,1.000001675041858,1.6680283240004585,1.4995003938674927,3.800349473953247,2.8932735919952393,0.5742542743682861,-2.4002633094787598,2.408700704574585,-0.03220991790294647,0.4485943615436554,24.844879150390625,26.175920486450195,25.089078903198242,0.16740159690380096,-0.7268211841583252,0.535652756690979,1.2624739408493042,126.0,3.7330613018526733,4.27845124191926,ok
/media/kabir/Research/Project/sodium battery /Data_Failure_Mode_and_Degradation_Analysis_of_a_Commercial_Sodium-Ion_Battery_With_Severe_Gassing_Issue/Standard cycling/DOD100_1C1C_25degC/CU_at_25degC/S2000FNX7G_CU_at25degC_V06_5144.ird,DOD100_1C1C_25degC,CU,S2000FNX7G,6,5144,25,15.569,100.0,1.0,1.0,25.0,180900.0,301423.605612127,1.0000016750127543,1.6662535758192527,1.4993096590042114,3.800349473953247,2.893665313720703,0.5675408244132996,-2.400416135787964,2.4090192317962646,-0.03226032480597496,0.44871264696121216,24.847919464111328,26.1453800201416,25.143024444580078,0.1503061056137085,-0.7326810359954834,0.5246865749359131,1.2573676109313965,126.0,3.716583297647445,4.268452596538496,ok
/media/kabir/Research/Project/sodium battery /Data_Failure_Mode_and_Degradation_Analysis_of_a_Commercial_Sodium-Ion_Battery_With_Severe_Gassing_Issue/Standard cycling/DOD100_1C1C_25degC/CU_at_25degC/S2000FNX7G_CU_at25degC_V08_5216.ird,DOD100_1C1C_25degC,CU,S2000FNX7G,8,5216,25,15.507,100.0,1.0,1.0,25.0,180383.0,299807.29472692305,1.0000016749982024,1.6620688024687778,1.4998819828033447,3.800158739089966,2.8978989124298096,0.5575172901153564,-2.4003098011016846,2.409656524658203,-0.03236394003033638,0.4491264820098877,24.80229949951172,26.169809341430664,25.121618270874023,0.1695341020822525,-0.7315377593040466,0.5129145979881287,1.2444523572921753,126.0,3.6912895289844725,4.248280148972623,ok
/media/kabir/Research/Project/sodium battery /Data_Failure_Mode_and_Degradation_Analysis_of_a_Commercial_Sodium-Ion_Battery_With_Severe_Gassing_Issue/Standard cycling/DOD100_1C1C_25degC/CU_at_25degC/S2000FNX7G_CU_at25degC_V10_5269.ird,DOD100_1C1C_25degC,CU,S2000FNX7G,10,5269,25,15.435,100.0,1.0,1.0,25.0,179448.0,297172.429241393,1.0000016749836504,1.656045680570826,1.4995003938674927,3.800158739089966,2.9082741737365723,0.5430042147636414,-2.400216817855835,2.409231662750244,-0.0321655198931694,0.44953325390815735,24.89657974243164,26.230899810791016,25.15025520324707,0.16079048812389374,-0.7254072427749634,0.5002059936523438,1.2256132364273071,126.0,3.6377067332584256,4.192183548196774,ok
/media/kabir/Research/Project/sodium battery /Data_Failure_Mode_and_Degradation_Analysis_of_a_Commercial_Sodium-Ion_Battery_With_Severe_Gassing_Issue/Standard cycling/DOD100_1C1C_25degC/CU_at_25degC/S2000FNX7G_CU_at25degC_V12_5332.ird,DOD100_1C1C_25degC,CU,S2000FNX7G,12,5332,25,15.316,100.0,1.0,1.0,25.0,178309.0,293854.807375434,1.0000016749836504,1.6480180775704625,1.4993096590042114,3.800158739089966,2.920719861984253,0.5266125798225403,-2.4003286361694336,2.4094440937042236,-0.03190919756889343,0.45001301169395447,24.787099838256836,26.240060806274414,25.0837459564209,0.1856296807527542,-0.7163012027740479,0.4852352440357208,1.2015364170074463,126.0,3.572147313266126,4.122043168797081,ok
/media/kabir/Research/Project/sodium battery /Data_Failure_Mode_and_Degradation_Analysis_of_a_Commercial_Sodium-Ion_Battery_With_Severe_Gassing_Issue/Standard cycling/DOD100_1C1C_25degC/CU_at_25degC/S2000FNX7G_CU_at25degC_V14_5384.ird,DOD100_1C1C_25degC,CU,S2000FNX7G,14,5384,25,15.174,100.0,1.0,1.0,25.0,176899.0,289938.438245858,1.0000008399947546,1.63901478957285,1.4995003938674927,3.800158739089966,2.934540033340454,0.5096642374992371,-2.4002037048339844,2.409231662750244,-0.03148723393678665,0.45052579045295715,24.62894058227539,26.310319900512695,25.16063117980957,0.17949357628822327,-0.7058185338973999,0.46839332580566406,1.174211859703064,126.0,3.4891289533186627,4.031238116253811,ok
/media/kabir/Research/Project/sodium battery /Data_Failure_Mode_and_Degradation_Analysis_of_a_Commercial_Sodium-Ion_Battery_With_Severe_Gassing_Issue/Standard cycling/DOD100_1C1C_25degC/CU_at_25degC/S2000FNX7G_CU_at25degC_V16_5418.ird,DOD100_1C1C_25degC,CU,S2000FNX7G,16,5418,25,15.026,100.0,1.0,1.0,25.0,175235.0,285462.038622974,1.000001674023224,1.62903339890075,1.4998819828033447,3.800158739089966,2.9482359886169434,0.49176281690597534,-2.4003021717071533,2.409656524658203,-0.03254533186554909,0.44694095849990845,24.954370498657227,26.359189987182617,25.172880172729492,0.1867646723985672,-0.6921700835227966,0.45076215267181396,1.1429321765899658,126.0,3.395683584446183,3.927234521967711,ok
/media/kabir/Research/Project/sodium battery /Data_Failure_Mode_and_Degradation_Analysis_of_a_Commercial_Sodium-Ion_Battery_With_Severe_Gassing_Issue/Standard cycling/DOD100_1C1C_25degC/CU_at_25degC/S2000FQ0EW_CU_at25degC_V00_4906.ird,DOD100_1C1C_25degC,CU,S2000FQ0EW,0,4906,25,15.421,100.0,1.0,1.0,25.0,179475.0,298619.770990345,1.0000016780104488,1.6638608990179358,1.4993884563446045,3.800433874130249,2.910281181335449,0.5831409692764282,-2.4001333713531494,2.4054322242736816,-0.030657468363642693,0.44894322752952576,25.07634925842285,26.832609176635742,25.327672958374023,0.19701559841632843,-0.654347836971283,0.5864481925964355,1.2407960891723633,126.0,3.6688816649920306,4.143552238859159,ok
/media/kabir/Research/Project/sodium battery /Data_Failure_Mode_and_Degradation_Analysis_of_a_Commercial_Sodium-Ion_Battery_With_Severe_Gassing_Issue/Standard cycling/DOD100_1C1C_25degC/CU_at_25degC/S2000FQ0EW_CU_at25degC_V02_4986.ird,DOD100_1C1C_25degC,CU,S2000FQ0EW,2,4986,25,15.474,100.0,1.0,1.0,25.0,180109.0,299921.667073928,1.0000025129993446,1.665232344337442,1.4991977214813232,3.800433874130249,2.899411916732788,0.5793173313140869,-2.40014386177063,2.405538320541382,-0.03152134642004967,0.44885876774787903,24.881879806518555,26.64019012451172,25.271512985229492,0.20020753145217896,-0.7007520198822021,0.5475600957870483,1.2483121156692505,126.0,3.685675052165335,4.204793663170272,ok
/media/kabir/Research/Project/sodium battery /Data_Failure_Mode_and_Degradation_Analysis_of_a_Commercial_Sodium-Ion_Battery_With_Severe_Gassing_Issue/Standard cycling/DOD100_1C1C_25degC/CU_at_25degC/S2000FQ0EW_CU_at25degC_V04_5073.ird,DOD100_1C1C_25degC,CU,S2000FQ0EW,4,5073,25,15.532,100.0,1.0,1.0,25.0,180552.0,300826.414117966,1.0000016749836504,1.6661575627826266,1.499006986618042,3.800433874130249,2.8919436931610107,0.5773131847381592,-2.4001660346984863,2.405538320541382,-0.03196002170443535,0.44877690076828003,24.972610473632812,26.66766929626465,25.234771728515625,0.21849091351032257,-0.7200208902359009,0.5345980525016785,1.2546188831329346,126.0,3.7038140698676876,4.241392429129681,ok
/media/kabir/Research/Project/sodium battery /Data_Failure_Mode_and_Degradation_Analysis_of_a_Commercial_Sodium-Ion_Battery_With_Severe_Gassing_Issue/Standard cycling/DOD100_1C1C_25degC/CU_at_25degC/S2000FQ0EW_CU_at25degC_V06_5146.ird,DOD100_1C1C_25degC,CU,S2000FQ0EW,6,5146,25,15.496,100.0,1.0,1.0,25.0,180318.0,300111.693832674,1.0000016750000214,1.6643560719880766,1.4991977214813232,3.800433874130249,2.8915646076202393,0.571617841720581,-2.4001545906066895,2.405856132507324,-0.03200265392661095,0.4488934874534607,24.981740951538086,26.624919891357422,25.32058334350586,0.19184094667434692,-0.7259789705276489,0.523248016834259,1.2492270469665527,126.0,3.6863338169606417,4.230309772643176,ok
/media/kabir/Research/Project/sodium battery /Data_Failure_Mode_and_Degradation_Analysis_of_a_Commercial_Sodium-Ion_Battery_With_Severe_Gassing_Issue/Standard cycling/DOD100_1C1C_25degC/CU_at_25degC/S2000FQ0EW_CU_at25degC_V08_5218.ird,DOD100_1C1C_25degC,CU,S2000FQ0EW,8,5218,25,15.459,100.0,1.0,1.0,25.0,179857.0,298620.337843627,1.0000016750127543,1.6603301410218563,1.4997698068618774,3.800433874130249,2.893780469894409,0.5636704564094543,-2.4001333713531494,2.405856132507324,-0.032133590430021286,0.44927966594696045,24.92243003845215,26.68906021118164,25.277576446533203,0.21640069782733917,-0.7264420986175537,0.5108644366264343,1.2373065948486328,126.0,3.662853468774888,4.213412401277853,ok
/media/kabir/Research/Project/sodium battery /Data_Failure_Mode_and_Degradation_Analysis_of_a_Commercial_Sodium-Ion_Battery_With_Severe_Gassing_Issue/Standard cycling/DOD100_1C1C_25degC/CU_at_25degC/S2000FQ0EW_CU_at25degC_V10_5271.ird,DOD100_1C1C_25degC,CU,S2000FQ0EW,10,5271,25,15.375,100.0,1.0,1.0,25.0,178970.0,296126.142307312,1.0000016749836504,1.654622545286122,1.4993884563446045,3.800433874130249,2.902759552001953,0.5506142973899841,-2.4001333713531494,2.4060680866241455,-0.03196924552321434,0.44971299171447754,25.030540466308594,26.679889678955078,25.333471298217773,0.2027304321527481,-0.7200013995170593,0.49914997816085815,1.2191513776779175,126.0,3.614201701448367,4.16251636269782,ok
/media/kabir/Research/Project/sodium battery /Data_Failure_Mode_and_Degradation_Analysis_of_a_Commercial_Sodium-Ion_Battery_With_Severe_Gassing_Issue/Standard cycling/DOD100_1C1C_25degC/CU_at_25degC/S2000FQ0EW_CU_at25degC_V12_5334.ird,DOD100_1C1C_25degC,CU,S2000FQ0EW,12,5334,25,15.283,100.0,1.0,1.0,25.0,177936.0,293033.450456946,1.0000016739941202,1.646856719908652,1.4993884563446045,3.8002431392669678,2.9134936332702637,0.5359894037246704,-2.400451183319092,2.4060680866241455,-0.03175528347492218,0.4501681625843048,24.92091941833496,26.658519744873047,25.240718841552734,0.22805671393871307,-0.7116881012916565,0.48490771651268005,1.1965957880020142,126.0,3.554236758282819,4.09934335779262,ok
/media/kabir/Research/Project/sodium battery /Data_Failure_Mode_and_Degradation_Analysis_of_a_Commercial_Sodium-Ion_Battery_With_Severe_Gassing_Issue/Standard cycling/DOD100_1C1C_25degC/CU_at_25degC/S2000FQ0EW_CU_at25degC_V14_5386.ird,DOD100_1C1C_25degC,CU,S2000FQ0EW,14,5386,25,15.152,100.0,1.0,1.0,25.0,176646.0,289462.840564867,1.0000008399947546,1.6386698778050157,1.4991977214813232,3.8002431392669678,2.926079034805298,0.520160436630249,-2.4001450538635254,2.406280040740967,-0.031402476131916046,0.450664758682251,24.7110595703125,26.765409469604492,25.328569412231445,0.22842103242874146,-0.7026779055595398,0.4688209891319275,1.1714988946914673,126.0,3.478628263028553,4.017682281650706,ok
/media/kabir/Research/Project/sodium battery /Data_Failure_Mode_and_Degradation_Analysis_of_a_Commercial_Sodium-Ion_Battery_With_Severe_Gassing_Issue/Standard cycling/DOD100_1C1C_25degC/CU_at_25degC/S2000FQ0EW_CU_at25degC_V16_5420.ird,DOD100_1C1C_25degC,CU,S2000FQ0EW,16,5420,25,14.999,100.0,1.0,1.0,25.0,175239.0,285256.99146076496,1.0000008399947546,1.6278261076979024,1.4993884563446045,3.8002431392669678,2.939659357070923,0.5032951235771179,-2.4000980854034424,2.4060680866241455,-0.030932946130633354,0.4511270225048065,25.079410552978516,26.80817985534668,25.329174041748047,0.23525844514369965,-0.6899194717407227,0.4518500566482544,1.141769528388977,126.0,3.3920562259667113,3.9216958650483034,ok
/media/kabir/Research/Project/sodium battery /Data_Failure_Mode_and_Degradation_Analysis_of_a_Commercial_Sodium-Ion_Battery_With_Severe_Gassing_Issue/Standard cycling/DOD100_1C1C_25degC/Cycling_Periods/S2000FM42G_CYC_at25degC_V01_4930.ird,DOD100_1C1C_25degC,CYC,S2000FM42G,1,4930,25,16.574,100.0,1.0,1.0,25.0,182936.0,1836621.173862187,9.999999996973202,10.03974730840018,1.4984413385391235,3.8004775047302246,2.8341686725616455,0.6737509965896606,-1.2001105546951294,1.200041651725769,-0.0017914498457685113,1.0512852668762207,24.847919464111328,26.96088981628418,25.724821090698242,0.5946370363235474,-0.20364060997962952,1.0570100545883179,1.260650634765625,1208.0,234.89822318555002,234.83290065227996,ok
/media/kabir/Research/Project/sodium battery /Data_Failure_Mode_and_Degradation_Analysis_of_a_Commercial_Sodium-Ion_Battery_With_Severe_Gassing_Issue/Standard cycling/DOD100_1C1C_25degC/Cycling_Periods/S2000FM42G_CYC_at25degC_V03_5008.ird,DOD100_1C1C_25degC,CYC,S2000FM42G,3,5008,25,16.637,100.0,1.0,1.0,25.0,183944.0,1879640.416100848,9.999999997089617,10.218602589393715,1.4984413385391235,3.8004775047302246,2.829753875732422,0.6688695549964905,-1.200412392616272,1.2000470161437988,-0.002058548852801323,1.048104166984558,24.86920928955078,26.991439819335938,25.73512840270996,0.5921463370323181,-0.2150140255689621,1.0654302835464478,1.2804442644119263,1208.0,234.7142833765088,234.651901396017,ok
/media/kabir/Research/Project/sodium battery /Data_Failure_Mode_and_Degradation_Analysis_of_a_Commercial_Sodium-Ion_Battery_With_Severe_Gassing_Issue/Standard cycling/DOD100_1C1C_25degC/Cycling_Periods/S2000FM42G_CYC_at25degC_V04_5072.ird,DOD100_1C1C_25degC,CYC,S2000FM42G,4,5072,25,15.571,100.0,1.0,1.0,25.0,180871.0,301547.93512485904,1.0000016749982024,1.6672081336034668,1.4992045164108276,3.8002867698669434,2.8928842544555664,0.5750228762626648,-2.40035343170166,2.400083541870117,-0.032085031270980835,0.44868728518486023,24.942209243774414,26.178979873657227,25.180513381958008,0.15996895730495453,-0.7222485542297363,0.5363476276397705,1.2585961818695068,126.0,3.7222581678708084,4.2622752628583385,ok
/media/kabir/Research/Project/sodium battery /Data_Failure_Mode_and_Degradation_Analysis_of_a_Commercial_Sodium-Ion_Battery_With_Severe_Gassing_Issue/Standard cycling/DOD100_1C1C_25degC/Cycling_Periods/S2000FM42G_CYC_at25degC_V05_5090.ird,DOD100_1C1C_25degC,CYC,S2000FM42G,5,5090,25,16.804,100.0,1.0,1.0,25.0,185988.0,1881383.0212719152,9.999999996973202,10.115669489114374,1.4988229274749756,3.8004775047302246,2.818467378616333,0.6723066568374634,-1.2033779621124268,1.2000364065170288,-0.001667718985117972,1.0417934656143188,24.92091941833496,27.031139373779297,25.775714874267578,0.602067768573761,-0.21773628890514374,1.0664112567901611,1.2841475009918213,1208.0,234.62065963174814,234.54900163126914,ok
/media/kabir/Research/Project/sodium battery /Data_Failure_Mode_and_Degradation_Analysis_of_a_Commercial_Sodium-Ion_Battery_With_Severe_Gassing_Issue/Standard cycling/DOD100_1C1C_25degC/Cycling_Periods/S2000FM42G_CYC_at25degC_V07_5158.ird,DOD100_1C1C_25degC,CYC,S2000FM42G,7,5158,25,16.867,100.0,1.0,1.0,25.0,186799.0,1878244.212993178,9.999999996973202,10.054948195340303,1.4986320734024048,3.8004775047302246,2.8149237632751465,0.6718907356262207,-1.2029542922973633,1.200041651725769,-0.0016866294899955392,1.0369348526000977,24.91482925415039,27.104450225830078,25.80561637878418,0.6134754419326782,-0.2288607358932495,1.060983657836914,1.2898443937301636,1208.0,233.53006723548847,233.46626058075177,ok
/media/kabir/Research/Project/sodium battery /Data_Failure_Mode_and_Degradation_Analysis_of_a_Commercial_Sodium-Ion_Battery_With_Severe_Gassing_Issue/Standard cycling/DOD100_1C1C_25degC/Cycling_Periods/S2000FM42G_CYC_at25degC_V09_5234.ird,DOD100_1C1C_25degC,CYC,S2000FM42G,9,5234,25,17.206,100.0,1.0,1.0,25.0,191096.0,1871226.248491548,9.999999162042513,9.792125636419309,1.4986320734024048,3.8004775047302246,2.795034646987915,0.6796883940696716,-1.202318787574768,1.2000946998596191,-0.0016345957992598414,1.0202414989471436,24.960460662841797,27.113609313964844,25.855255126953125,0.6290064454078674,-0.2246416062116623,1.0542683601379395,1.2789099216461182,1208.0,231.42738281148362,231.36472566571035,ok
/media/kabir/Research/Project/sodium battery /Data_Failure_Mode_and_Degradation_Analysis_of_a_Commercial_Sodium-Ion_Battery_With_Severe_Gassing_Issue/Standard cycling/DOD100_1C1C_25degC/Cycling_Periods/S2000FM42G_CYC_at25degC_V11_5288.ird,DOD100_1C1C_25degC,CYC,S2000FM42G,11,5288,25,17.449,100.0,1.0,1.0,25.0,194345.0,1857024.4720402951,9.999999162042513,9.555347590048035,1.4988229274749756,3.8004775047302246,2.7833192348480225,0.6834583878517151,-1.2014715671539307,1.2002005577087402,-0.001573466695845127,1.0030099153518677,24.984779357910156,27.177749633789062,25.923568725585938,0.6591784358024597,-0.20298346877098083,1.0400633811950684,1.2430468797683716,1208.0,227.7189188661596,227.64758368921304,ok
/media/kabir/Research/Project/sodium battery /Data_Failure_Mode_and_Degradation_Analysis_of_a_Commercial_Sodium-Ion_Battery_With_Severe_Gassing_Issue/Standard cycling/DOD100_1C1C_25degC/Cycling_Periods/S2000FM42G_CYC_at25degC_V13_5348.ird,DOD100_1C1C_25degC,CYC,S2000FM42G,13,5348,25,17.856,100.0,1.0,1.0,25.0,199617.0,1838854.3098458769,9.999999161926098,9.211958509567754,1.4986320734024048,3.8002867698669434,2.7653117179870605,0.6901675462722778,-1.2016832828521729,1.2045429944992065,-0.0015169724356383085,0.9785624742507935,25.012210845947266,27.27549934387207,26.031984329223633,0.7046979069709778,-0.19791360199451447,1.0203917026519775,1.2183053493499756,1208.0,222.94819970120741,222.88055645330425,ok
/media/kabir/Research/Project/sodium battery /Data_Failure_Mode_and_Degradation_Analysis_of_a_Commercial_Sodium-Ion_Battery_With_Severe_Gassing_Issue/Standard cycling/DOD100_1C1C_25degC/Cycling_Periods/S2000FM42G_CYC_at25degC_V15_5396.ird,DOD100_1C1C_25degC,CYC,S2000FM42G,15,5396,25,18.194,100.0,1.0,1.0,25.0,204279.0,1815020.290918991,9.999998323037289,8.885050230171585,1.4986320734024048,3.8002867698669434,2.7484984397888184,0.6936694383621216,-1.201259732246399,1.2002005577087402,-0.0014611587394028902,0.9541809558868408,25.071250915527344,27.431270599365234,26.182262420654297,0.7643699645996094,-0.15913009643554688,0.9969221949577332,1.1560523509979248,1208.0,217.24436021894735,217.15613921672377,ok
/media/kabir/Research/Project/sodium battery /Data_Failure_Mode_and_Degradation_Analysis_of_a_Commercial_Sodium-Ion_Battery_With_Severe_Gassing_Issue/Standard cycling/DOD100_1C1C_25degC/Cycling_Periods/S2000FNX7G_CYC_at25degC_V01_4929.ird,DOD100_1C1C_25degC,CYC,S2000FNX7G,1,4929,25,16.578,100.0,1.0,1.0,25.0,183198.0,1840098.394657061,9.999999996973202,10.044369693046617,1.4983558654785156,3.8005402088165283,2.8375656604766846,0.673046886920929,-1.200128436088562,1.2000486850738525,-0.0018709854921326041,1.0508809089660645,24.759729385375977,27.04030990600586,25.68026351928711,0.6657299399375916,-0.24236701428890228,1.0557513236999512,1.2981183528900146,1208.0,235.0981516205294,235.0685535952357,ok
/media/kabir/Research/Project/sodium battery /Data_Failure_Mode_and_Degradation_Analysis_of_a_Commercial_Sodium-Ion_Battery_With_Severe_Gassing_Issue/Standard cycling/DOD100_1C1C_25degC/Cycling_Periods/S2000FNX7G_CYC_at25degC_V03_5005.ird,DOD100_1C1C_25degC,CYC,S2000FNX7G,3,5005,25,16.653,100.0,1.0,1.0,25.0,184330.0,1885708.262758558,9.99999999703141,10.23012256757514,1.4985467195510864,3.8005402088165283,2.832730770111084,0.667847216129303,-1.2001336812973022,1.2000486850738525,-0.0020715591963380575,1.0484182834625244,24.750600814819336,27.067800521850586,25.68920135498047,0.6622079014778137,-0.25915247201919556,1.0635408163070679,1.3226933479309082,1208.0,235.39451155306006,235.37147483613197,ok
/media/kabir/Research/Project/sodium battery /Data_Failure_Mode_and_Degradation_Analysis_of_a_Commercial_Sodium-Ion_Battery_With_Severe_Gassing_Issue/Standard cycling/DOD100_1C1C_25degC/Cycling_Periods/S2000FNX7G_CYC_at25degC_V05_5089.ird,DOD100_1C1C_25degC,CYC,S2000FNX7G,5,5089,25,16.838,100.0,1.0,1.0,25.0,186587.0,1888509.050719318,9.999999996973202,10.121386656658688,1.4987374544143677,3.8005402088165283,2.8207390308380127,0.6714909672737122,-1.2003142833709717,1.2000540494918823,-0.0017363736405968666,1.0418672561645508,24.811420440673828,27.141109466552734,25.732803344726562,0.673935055732727,-0.26161783933639526,1.069388508796692,1.3310062885284424,1208.0,235.44752037799236,235.4203026321718,ok
/media/kabir/Research/Project/sodium battery /Data_Failure_Mode_and_Degradation_Analysis_of_a_Commercial_Sodium-Ion_Battery_With_Severe_Gassing_Issue/Standard cycling/DOD100_1C1C_25degC/Cycling_Periods/S2000FNX7G_CYC_at25degC_V07_5157.ird,DOD100_1C1C_25degC,CYC,S2000FNX7G,7,5157,25,16.917,100.0,1.0,1.0,25.0,187629.0,1885325.0766458148,9.999999996973202,10.048207499124944,1.4987374544143677,3.8005402088165283,2.8163533210754395,0.6713202595710754,-1.2009515762329102,1.2000486850738525,-0.0017335719894617796,1.0362659692764282,24.781009674072266,27.19607925415039,25.768953323364258,0.6890510320663452,-0.2579238712787628,1.0649280548095703,1.3228518962860107,1208.0,234.31724491884634,234.28520446773499,ok
/media/kabir/Research/Project/sodium battery /Data_Failure_Mode_and_Degradation_Analysis_of_a_Commercial_Sodium-Ion_Battery_With_Severe_Gassing_Issue/Standard cycling/DOD100_1C1C_25degC/Cycling_Periods/S2000FNX7G_CYC_at25degC_V09_5233.ird,DOD100_1C1C_25degC,CYC,S2000FNX7G,9,5233,25,17.269,100.0,1.0,1.0,25.0,192130.0,1877164.920374285,9.999999162042513,9.770336182326899,1.4987374544143677,3.800349473953247,2.7957990169525146,0.6797670125961304,-1.2009515762329102,1.2003142833709717,-0.0016552218003198504,1.0184986591339111,24.83271026611328,27.21746063232422,25.829633712768555,0.713431715965271,-0.2515072822570801,1.0572086572647095,1.3087159395217896,1208.0,231.95602933124485,231.9217850409751,ok
/media/kabir/Research/Project/sodium battery /Data_Failure_Mode_and_Degradation_Analysis_of_a_Commercial_Sodium-Ion_Battery_With_Severe_Gassing_Issue/Standard cycling/DOD100_1C1C_25degC/Cycling_Periods/S2000FNX7G_CYC_at25degC_V11_5287.ird,DOD100_1C1C_25degC,CYC,S2000FNX7G,11,5287,25,17.523,100.0,1.0,1.0,25.0,195479.0,1863062.6618390249,9.999999162042513,9.530804805855517,1.4987374544143677,3.800349473953247,2.784177303314209,0.6837453246116638,-1.200208067893982,1.2000486850738525,-0.0015853570075705647,1.0009859800338745,24.87833023071289,27.345739364624023,25.912609100341797,0.749225914478302,-0.22290447354316711,1.04254949092865,1.2654539346694946,1208.0,228.20984313492767,228.15564132117083,ok
/media/kabir/Research/Project/sodium battery /Data_Failure_Mode_and_Degradation_Analysis_of_a_Commercial_Sodium-Ion_Battery_With_Severe_Gassing_Issue/Standard cycling/DOD100_1C1C_25degC/Cycling_Periods/S2000FNX7G_CYC_at25degC_V13_5347.ird,DOD100_1C1C_25degC,CYC,S2000FNX7G,13,5347,25,17.909,100.0,1.0,1.0,25.0,200526.0,1844707.772429931,9.999999161926098,9.199390462186416,1.4987374544143677,3.800349473953247,2.766714572906494,0.690144956111908,-1.2008453607559204,1.2000540494918823,-0.0015569031238555908,0.9771891236305237,24.893550872802734,27.425159454345703,26.031137466430664,0.7974039316177368,-0.22783516347408295,1.0227144956588745,1.2505496740341187,1208.0,223.4108935095652,223.37538068321308,ok
/media/kabir/Research/Project/sodium battery /Data_Failure_Mode_and_Degradation_Analysis_of_a_Commercial_Sodium-Ion_Battery_With_Severe_Gassing_Issue/Standard cycling/DOD100_1C1C_25degC/Cycling_Periods/S2000FNX7G_CYC_at25degC_V15_5395.ird,DOD100_1C1C_25degC,CYC,S2000FNX7G,15,5395,25,18.245,100.0,1.0,1.0,25.0,204982.0,1820693.766025048,9.999998323997715,8.882256238505267,1.4987374544143677,3.800349473953247,2.7505197525024414,0.6935014128684998,-1.202013611793518,1.2000540494918823,-0.0014815684407949448,0.9534826874732971,24.951330184936523,27.632850646972656,26.20041847229004,0.8632261753082275,-0.19332003593444824,0.9995511174201965,1.19287109375,1208.0,217.7470436974998,217.69133396879604,ok
/media/kabir/Research/Project/sodium battery /Data_Failure_Mode_and_Degradation_Analysis_of_a_Commercial_Sodium-Ion_Battery_With_Severe_Gassing_Issue/Standard cycling/DOD100_1C1C_25degC/Cycling_Periods/S2000FQ0EW_CYC_at25degC_V01_4931.ird,DOD100_1C1C_25degC,CYC,S2000FQ0EW,1,4931,25,16.563,100.0,1.0,1.0,25.0,182781.0,1827544.704422483,9.999999996973202,9.998603263062058,1.498244285583496,3.8006246089935303,2.8294079303741455,0.6765942573547363,-1.2001196146011353,1.2000348567962646,-0.001803546561859548,1.0487831830978394,24.917869567871094,27.7305908203125,26.003618240356445,0.8618930578231812,-0.2780250906944275,1.052590012550354,1.3306150436401367,1208.0,233.5575280941608,233.5701347355465,ok
/media/kabir/Research/Project/sodium battery /Data_Failure_Mode_and_Degradation_Analysis_of_a_Commercial_Sodium-Ion_Battery_With_Severe_Gassing_Issue/Standard cycling/DOD100_1C1C_25degC/Cycling_Periods/S2000FQ0EW_CYC_at25degC_V03_5007.ird,DOD100_1C1C_25degC,CYC,S2000FQ0EW,3,5007,25,16.635,100.0,1.0,1.0,25.0,183898.0,1871199.745295047,9.999999996973202,10.175259766581549,1.498244285583496,3.8006246089935303,2.8245737552642822,0.6718353033065796,-1.2001196146011353,1.2000294923782349,-0.0020964439027011395,1.0453368425369263,24.95741081237793,27.764190673828125,26.024356842041016,0.8611929416656494,-0.2979058027267456,1.0568628311157227,1.3547686338424683,1208.0,233.39308697015767,233.42101701165095,ok
/media/kabir/Research/Project/sodium battery /Data_Failure_Mode_and_Degradation_Analysis_of_a_Commercial_Sodium-Ion_Battery_With_Severe_Gassing_Issue/Standard cycling/DOD100_1C1C_25degC/Cycling_Periods/S2000FQ0EW_CYC_at25degC_V05_5091.ird,DOD100_1C1C_25degC,CYC,S2000FQ0EW,5,5091,25,16.791,100.0,1.0,1.0,25.0,185820.0,1873141.87980955,9.999999996973202,10.080464752310313,1.498625636100769,3.8006246089935303,2.8141982555389404,0.6749712228775024,-1.2031930685043335,1.2000348567962646,-0.0017756582237780094,1.0392861366271973,24.951330184936523,27.849720001220703,26.077863693237305,0.8702888488769531,-0.29639437794685364,1.0607692003250122,1.3571635484695435,1208.0,233.2522459496233,233.26517131034677,ok
/media/kabir/Research/Project/sodium battery /Data_Failure_Mode_and_Degradation_Analysis_of_a_Commercial_Sodium-Ion_Battery_With_Severe_Gassing_Issue/Standard cycling/DOD100_1C1C_25degC/Cycling_Periods/S2000FQ0EW_CYC_at25degC_V07_5160.ird,DOD100_1C1C_25degC,CYC,S2000FQ0EW,7,5160,25,16.821,100.0,1.0,1.0,25.0,186216.0,1870361.790415647,9.999999996973202,10.044098436837242,1.498625636100769,3.8006246089935303,2.8131470680236816,0.6738066673278809,-1.2005435228347778,1.2000242471694946,-0.0018428926123306155,1.0355275869369507,25.0244197845459,27.895530700683594,26.116397857666016,0.8812470436096191,-0.2932087779045105,1.0570849180221558,1.3502936363220215,1208.0,232.14408910546297,232.1537615873422,ok
/media/kabir/Research/Project/sodium battery /Data_Failure_Mode_and_Degradation_Analysis_of_a_Commercial_Sodium-Ion_Battery_With_Severe_Gassing_Issue/Standard cycling/DOD100_1C1C_25degC/Cycling_Periods/S2000FQ0EW_CYC_at25degC_V09_5235.ird,DOD100_1C1C_25degC,CYC,S2000FQ0EW,9,5235,25,17.102,100.0,1.0,1.0,25.0,189795.0,1864155.582872737,9.999999162042513,9.82199428260502,1.498625636100769,3.8006246089935303,2.79681134223938,0.6807135939598083,-1.2013914585113525,1.2000348567962646,-0.00172613060567528,1.0208438634872437,25.051910400390625,27.926069259643555,26.186491012573242,0.9016503691673279,-0.27441978454589844,1.0628163814544678,1.3372361660003662,1208.0,230.12415567954895,230.11807057781982,ok
/media/kabir/Research/Project/sodium battery /Data_Failure_Mode_and_Degradation_Analysis_of_a_Commercial_Sodium-Ion_Battery_With_Severe_Gassing_Issue/Standard cycling/DOD100_1C1C_25degC/Cycling_Periods/S2000FQ0EW_CYC_at25degC_V11_5289.ird,DOD100_1C1C_25degC,CYC,S2000FQ0EW,11,5289,25,17.291,100.0,1.0,1.0,25.0,192340.0,1851795.37535661,9.999999162042513,9.627768551134247,1.498625636100769,3.800433874130249,2.7872142791748047,0.6840187907218933,-1.2016032934188843,1.2000294923782349,-0.0017099535325542092,1.0062843561172485,25.07328987121582,28.002439498901367,26.272262573242188,0.9344736933708191,-0.2662901282310486,1.0351980924606323,1.3014881610870361,1208.0,226.82383788198115,226.81643415531803,ok
/media/kabir/Research/Project/sodium battery /Data_Failure_Mode_and_Degradation_Analysis_of_a_Commercial_Sodium-Ion_Battery_With_Severe_Gassing_Issue/Standard cycling/DOD100_1C1C_25degC/Cycling_Periods/S2000FQ0EW_CYC_at25degC_V13_5349.ird,DOD100_1C1C_25degC,CYC,S2000FQ0EW,13,5349,25,17.641,100.0,1.0,1.0,25.0,196929.0,1835884.0220267521,9.999999161984306,9.322615483967502,1.498625636100769,3.800433874130249,2.7704038619995117,0.6909637451171875,-1.2018153667449951,1.2000294923782349,-0.0016974045429378748,0.9845677614212036,25.051910400390625,28.109329223632812,26.41101837158203,0.9862083196640015,-0.27017539739608765,1.017395257949829,1.2875707149505615,1208.0,222.58759704420942,222.59527109256868,ok
/media/kabir/Research/Project/sodium battery /Data_Failure_Mode_and_Degradation_Analysis_of_a_Commercial_Sodium-Ion_Battery_With_Severe_Gassing_Issue/Standard cycling/DOD100_1C1C_25degC/Cycling_Periods/S2000FQ0EW_CYC_at25degC_V15_5397.ird,DOD100_1C1C_25degC,CYC,S2000FQ0EW,15,5397,25,17.948,100.0,1.0,1.0,25.0,201075.0,1813643.446455447,9.99999916087836,9.019781008262864,1.498625636100769,3.800433874130249,2.753720283508301,0.6952558755874634,-1.2029811143875122,1.2006494998931885,-0.0016186563298106194,0.9622734785079956,25.088560104370117,28.334339141845703,26.590604782104492,1.059290885925293,-0.23248229920864105,0.9963249564170837,1.2288072109222412,1208.0,217.3781930109886,217.3634681110065,ok
/media/kabir/Research/Project/sodium battery /Data_Failure_Mode_and_Degradation_Analysis_of_a_Commercial_Sodium-Ion_Battery_With_Severe_Gassing_Issue/Standard cycling/DOD100_1C1C_40degC/CU_at_25degC/S2000FMK8H_CU_at25degC_V00_4917.ird,DOD100_1C1C_40degC,CU,S2000FMK8H,0,4917,25,15.471,100.0,1.0,1.0,40.0,179918.0,299808.867202992,1.0000016750127543,1.6663732009926358,1.4995466470718384,3.8002758026123047,2.914992094039917,0.5776214003562927,-2.400090456008911,2.4072532653808594,-0.030654875561594963,0.4485827684402466,20.97627067565918,27.299930572509766,25.624073028564453,0.2422291785478592,-0.6584731340408325,0.5907269716262817,1.2492001056671143,126.0,3.6863840645394754,4.1612226807163335,ok
/media/kabir/Research/Project/sodium battery /Data_Failure_Mode_and_Degradation_Analysis_of_a_Commercial_Sodium-Ion_Battery_With_Severe_Gassing_Issue/Standard cycling/DOD100_1C1C_40degC/CU_at_25degC/S2000FMK8H_CU_at25degC_V02_5015.ird,DOD100_1C1C_40degC,CU,S2000FMK8H,2,5015,25,15.507,100.0,1.0,1.0,40.0,180560.0,301239.644828339,1.0000016750127543,1.6683723593304076,1.4997146129608154,3.8002941608428955,2.876535415649414,0.5872952342033386,-2.4001574516296387,2.40523099899292,-0.03061242401599884,0.44841617345809937,25.119110107421875,31.216289520263672,25.46177101135254,0.18733103573322296,-0.648020327091217,0.6344367861747742,1.2824571132659912,126.0,3.7485589292014407,4.176144997226682,ok
/media/kabir/Research/Project/sodium battery /Data_Failure_Mode_and_Degradation_Analysis_of_a_Commercial_Sodium-Ion_Battery_With_Severe_Gassing_Issue/Standard cycling/DOD100_1C1C_40degC/CU_at_25degC/S2000FMK8H_CU_at25degC_V04_5098.ird,DOD100_1C1C_40degC,CU,S2000FMK8H,4,5098,25,15.296,100.0,1.0,1.0,40.0,178813.0,298166.71724321,1.000001678999979,1.667487177835995,1.4993559122085571,3.800466537475586,2.880854845046997,0.5775212049484253,-2.4001564979553223,2.4075710773468018,-0.027705518528819084,0.4481486976146698,25.339019775390625,32.476478576660156,25.676631927490234,0.2466845065355301,-0.4953082501888275,0.7612940073013306,1.2566022872924805,126.0,3.6975456422033286,3.9900550752217545,ok
/media/kabir/Research/Project/sodium battery /Data_Failure_Mode_and_Degradation_Analysis_of_a_Commercial_Sodium-Ion_Battery_With_Severe_Gassing_Issue/Standard cycling/DOD100_1C1C_40degC/CU_at_25degC/S2000FMK8H_CU_at25degC_V06_5182.ird,DOD100_1C1C_40degC,CU,S2000FMK8H,6,5182,25,15.318,100.0,1.0,1.0,40.0,178166.0,294665.12192228,1.0000016749836504,1.6538889339785028,1.4989519119262695,3.8002941608428955,2.9009225368499756,0.5507431626319885,-2.4001047611236572,2.405970811843872,-0.030841302126646042,0.4497982859611511,25.161869049072266,32.73666000366211,25.43579864501953,0.2090243399143219,-0.6633023619651794,0.5497151613235474,1.213017463684082,126.0,3.5975830194799623,4.080507335688571,ok
/media/kabir/Research/Project/sodium battery /Data_Failure_Mode_and_Degradation_Analysis_of_a_Commercial_Sodium-Ion_Battery_With_Severe_Gassing_Issue/Standard cycling/DOD100_1C1C_40degC/CU_at_25degC/S2000FMK8H_CU_at25degC_V08_5255.ird,DOD100_1C1C_40degC,CU,S2000FMK8H,8,5255,25,15.021,100.0,1.0,1.0,40.0,175500.0,288054.433074791,1.0000016780104488,1.6413451533899965,1.4989519119262695,3.8001034259796143,2.921200752258301,0.5264710187911987,-2.4001152515411377,2.405759572982788,-0.029228450730443,0.45060572028160095,25.16493034362793,31.2727108001709,25.436782836914062,0.2106664627790451,-0.5921223759651184,0.5745622515678406,1.166684627532959,126.0,3.468392147577717,3.8891182600852243,ok
/media/kabir/Research/Project/sodium battery /Data_Failure_Mode_and_Degradation_Analysis_of_a_Commercial_Sodium-Ion_Battery_With_Severe_Gassing_Issue/Standard cycling/DOD100_1C1C_40degC/CU_at_25degC/S2000FMUJX_CU_at25degC_V00_4919.ird,DOD100_1C1C_40degC,CU,S2000FMUJX,0,4919,25,15.469,100.0,1.0,1.0,40.0,179821.0,299478.640277463,1.000001678999979,1.6654356594231066,1.4992204904556274,3.800110101699829,2.909905433654785,0.582093358039856,-2.4001269340515137,2.4055581092834473,-0.030741829425096512,0.44876793026924133,20.930639266967773,27.08000946044922,25.427165985107422,0.23666726052761078,-0.6563199162483215,0.5903393626213074,1.246659278869629,126.0,3.685886144065081,4.162725253650753,ok
/media/kabir/Research/Project/sodium battery /Data_Failure_Mode_and_Degradation_Analysis_of_a_Commercial_Sodium-Ion_Battery_With_Severe_Gassing_Issue/Standard cycling/DOD100_1C1C_40degC/CU_at_25degC/S2000FMUJX_CU_at25degC_V02_5017.ird,DOD100_1C1C_40degC,CU,S2000FMUJX,2,5017,25,15.503,100.0,1.0,1.0,40.0,180274.0,300493.59315633,1.000001675041858,1.6668807484000931,1.4998934268951416,3.800365924835205,2.898576021194458,0.5751883387565613,-2.4001269340515137,2.4058876037597656,-0.03131464868783951,0.44869422912597656,25.14965057373047,29.8656005859375,25.462594985961914,0.16148526966571808,-0.6789051294326782,0.5714578628540039,1.2503629922866821,126.0,3.7123690387757455,4.203336465674484,ok
/media/kabir/Research/Project/sodium battery /Data_Failure_Mode_and_Degradation_Analysis_of_a_Commercial_Sodium-Ion_Battery_With_Severe_Gassing_Issue/Standard cycling/DOD100_1C1C_40degC/CU_at_25degC/S2000FMUJX_CU_at25degC_V04_5101.ird,DOD100_1C1C_40degC,CU,S2000FMUJX,4,5101,25,15.287,100.0,1.0,1.0,40.0,178686.0,297752.573084742,1.0000016750000214,1.66635460774403,1.4997925758361816,3.8003008365631104,2.8901658058166504,0.5724853277206421,-2.400176525115967,2.4059841632843018,-0.028156371787190437,0.4483579397201538,25.128280639648438,31.324960708618164,25.4808292388916,0.2518179416656494,-0.5234941840171814,0.7203646302223206,1.243858814239502,126.0,3.681119080765624,4.002403829715129,ok
/media/kabir/Research/Project/sodium battery /Data_Failure_Mode_and_Degradation_Analysis_of_a_Commercial_Sodium-Ion_Battery_With_Severe_Gassing_Issue/Standard cycling/DOD100_1C1C_40degC/CU_at_25degC/S2000FMUJX_CU_at25degC_V06_5184.ird,DOD100_1C1C_40degC,CU,S2000FMUJX,6,5184,25,15.215,100.0,1.0,1.0,40.0,177680.0,293698.682669189,1.0000016780104488,1.6529735234281429,1.4993213415145874,3.800365924835205,2.8987233638763428,0.5533964037895203,-2.4001452922821045,2.4059932231903076,-0.03031420335173607,0.4498857855796814,25.1466007232666,32.23509979248047,25.460220336914062,0.18274007737636566,-0.6378516554832458,0.5723673701286316,1.2102190256118774,126.0,3.5829407074495516,4.037014154730061,ok
/media/kabir/Research/Project/sodium battery /Data_Failure_Mode_and_Degradation_Analysis_of_a_Commercial_Sodium-Ion_Battery_With_Severe_Gassing_Issue/Standard cycling/DOD100_1C1C_40degC/CU_at_25degC/S2000FMUJX_CU_at25degC_V08_5257.ird,DOD100_1C1C_40degC,CU,S2000FMUJX,8,5257,25,14.893,100.0,1.0,1.0,40.0,174701.0,286793.166419291,1.000001677981345,1.6416323206599372,1.4993213415145874,3.800365924835205,2.9186253547668457,0.5296165943145752,-2.4002392292022705,2.4059932231903076,-0.027595795691013336,0.4504312574863434,25.1527099609375,29.97249984741211,25.463037490844727,0.1821308135986328,-0.5098974704742432,0.6549028158187866,1.1648002862930298,126.0,3.456478907010786,3.790613825973647,ok
/media/kabir/Research/Project/sodium battery /Data_Failure_Mode_and_Degradation_Analysis_of_a_Commercial_Sodium-Ion_Battery_With_Severe_Gassing_Issue/Standard cycling/DOD100_1C1C_40degC/CU_at_25degC/S2000FNA0F_CU_at25degC_V00_4918.ird,DOD100_1C1C_40degC,CU,S2000FNA0F,0,4918,25,15.426,100.0,1.0,1.0,40.0,179584.0,298892.40110986,1.0000016749982024,1.6643691279790402,1.4996354579925537,3.800119400024414,2.909262180328369,0.5838993191719055,-2.400193691253662,2.4056930541992188,-0.030660448595881462,0.44888564944267273,21.38381004333496,27.055580139160156,25.556636810302734,0.20685909688472748,-0.6534824967384338,0.5888764262199402,1.242358922958374,126.0,3.674914377192557,4.148843025933864,ok
/media/kabir/Research/Project/sodium battery /Data_Failure_Mode_and_Degradation_Analysis_of_a_Commercial_Sodium-Ion_Battery_With_Severe_Gassing_Issue/Standard cycling/DOD100_1C1C_40degC/CU_at_25degC/S2000FNA0F_CU_at25degC_V02_5016.ird,DOD100_1C1C_40degC,CU,S2000FNA0F,2,5016,25,15.509,100.0,1.0,1.0,40.0,180431.0,300633.590325244,1.000001675041858,1.6662062313653163,1.4999035596847534,3.8004674911499023,2.8899524211883545,0.5804119110107422,-2.400151491165161,2.4054388999938965,-0.031806886196136475,0.44879281520843506,25.082460403442383,32.45610046386719,25.4399356842041,0.24519677460193634,-0.7146223783493042,0.5389533638954163,1.2535758018493652,126.0,3.699330345755884,4.230546110527982,ok
/media/kabir/Research/Project/sodium battery /Data_Failure_Mode_and_Degradation_Analysis_of_a_Commercial_Sodium-Ion_Battery_With_Severe_Gassing_Issue/Standard cycling/DOD100_1C1C_40degC/CU_at_25degC/S2000FNA0F_CU_at25degC_V04_5100.ird,DOD100_1C1C_40degC,CU,S2000FNA0F,4,5100,25,15.441,100.0,1.0,1.0,40.0,179712.0,298599.033866857,1.0000016780104488,1.6615512342976055,1.4992539882659912,3.8003103733062744,2.8873724937438965,0.5725198984146118,-2.400193691253662,2.4074909687042236,-0.03186260908842087,0.4492272436618805,25.268770217895508,31.144180297851562,25.578767776489258,0.22273410856723785,-0.7195698022842407,0.5185726881027222,1.238142490386963,126.0,3.657367470446882,4.197162338092942,ok
/media/kabir/Research/Project/sodium battery /Data_Failure_Mode_and_Degradation_Analysis_of_a_Commercial_Sodium-Ion_Battery_With_Severe_Gassing_Issue/Standard cycling/DOD100_1C1C_40degC/CU_at_25degC/S2000FNA0F_CU_at25degC_V06_5183.ird,DOD100_1C1C_40degC,CU,S2000FNA0F,6,5183,25,15.292,100.0,1.0,1.0,40.0,177989.0,293799.636110412,1.0000016750054783,1.650671034622626,1.49952232837677,3.8004674911499023,2.9015355110168457,0.5510566830635071,-2.400151491165161,2.4055447578430176,-0.031645484268665314,0.450210303068161,25.122159957885742,34.28211975097656,25.464689254760742,0.26334527134895325,-0.7055368423461914,0.4973301887512207,1.202867031097412,126.0,3.5693472776700044,4.105760555772179,ok
/media/kabir/Research/Project/sodium battery /Data_Failure_Mode_and_Degradation_Analysis_of_a_Commercial_Sodium-Ion_Battery_With_Severe_Gassing_Issue/Standard cycling/DOD100_1C1C_40degC/CU_at_25degC/S2000FNA0F_CU_at25degC_V08_5256.ird,DOD100_1C1C_40degC,CU,S2000FNA0F,8,5256,25,15.061,100.0,1.0,1.0,40.0,175451.0,287116.063273915,1.0000016780104488,1.6364551910738956,1.4999035596847534,3.800276756286621,2.9231791496276855,0.5249146223068237,-2.400160312652588,2.4056503772735596,-0.030899057164788246,0.45131897926330566,25.155759811401367,32.57939910888672,25.467967987060547,0.26714888215065,-0.6805438995361328,0.47531625628471375,1.155860185623169,126.0,3.4334444146919005,3.951355868371997,ok
/media/kabir/Research/Project/sodium battery /Data_Failure_Mode_and_Degradation_Analysis_of_a_Commercial_Sodium-Ion_Battery_With_Severe_Gassing_Issue/Standard cycling/DOD100_1C1C_40degC/Cycling_Periods/S2000FMK8H_CYC_at40degC_V01_4944.ird,DOD100_1C1C_40degC,CYC,S2000FMK8H,1,4944,40,16.639,100.0,1.0,1.0,40.0,183399.0,1920389.632544563,10.0,10.471159077768366,1.4987248182296753,3.8008012771606445,2.81375789642334,0.6789351105690002,-1.2001161575317383,1.200089693069458,-0.0019437853479757905,1.0714826583862305,32.37406921386719,43.134220123291016,41.70139694213867,0.670014500617981,-0.267103910446167,1.061456322669983,1.32856023311615,1208.0,244.13756791864637,244.0847831476192,ok
/media/kabir/Research/Project/sodium battery /Data_Failure_Mode_and_Degradation_Analysis_of_a_Commercial_Sodium-Ion_Battery_With_Severe_Gassing_Issue/Standard cycling/DOD100_1C1C_40degC/Cycling_Periods/S2000FMK8H_CYC_at40degC_V03_5018.ird,DOD100_1C1C_40degC,CYC,S2000FMK8H,3,5018,40,16.611,100.0,1.0,1.0,40.0,184302.0,1917642.0430400248,10.0,10.404946489926939,1.4987248182296753,3.8008012771606445,2.8030030727386475,0.6786583662033081,-1.200142502784729,1.200047492980957,-0.000583954737521708,1.066333532333374,31.42160987854004,43.02177810668945,41.627525329589844,0.6651749014854431,-0.10271821916103363,1.5349043607711792,1.637622594833374,1208.0,243.40386876678522,242.7447278186498,ok
/media/kabir/Research/Project/sodium battery /Data_Failure_Mode_and_Degradation_Analysis_of_a_Commercial_Sodium-Ion_Battery_With_Severe_Gassing_Issue/Standard cycling/DOD100_1C1C_40degC/Cycling_Periods/S2000FMK8H_CYC_at40degC_V05_5117.ird,DOD100_1C1C_40degC,CYC,S2000FMK8H,5,5117,40,16.926,100.0,1.0,1.0,40.0,188345.0,1898112.595386571,9.999999996973202,10.077903173908226,1.4987248182296753,3.8008012771606445,2.776453971862793,0.6861675381660461,-1.200670599937439,1.200047492980957,-0.0009649733547121286,1.0459775924682617,29.71949005126953,43.06393814086914,41.77947235107422,0.6477943062782288,-0.041651446372270584,1.2822265625,1.3238780498504639,1208.0,239.34443273955918,238.9207740738186,ok
/media/kabir/Research/Project/sodium battery /Data_Failure_Mode_and_Degradation_Analysis_of_a_Commercial_Sodium-Ion_Battery_With_Severe_Gassing_Issue/Standard cycling/DOD100_1C1C_40degC/Cycling_Periods/S2000FMK8H_CYC_at40degC_V07_5191.ird,DOD100_1C1C_40degC,CYC,S2000FMK8H,7,5191,40,17.433,100.0,1.0,1.0,40.0,194290.0,1857468.734029267,9.999999162042513,9.560339154709052,1.498534083366394,3.8006105422973633,2.745467185974121,0.6916609406471252,-1.201409935951233,1.200047492980957,-0.0013271461939439178,1.0128875970840454,29.361629486083984,43.141239166259766,41.91554260253906,0.6792388558387756,-0.1137486919760704,1.0633500814437866,1.1770987510681152,1208.0,231.5449052690323,231.3415357755977,ok
/media/kabir/Research/Project/sodium battery /Data_Failure_Mode_and_Degradation_Analysis_of_a_Commercial_Sodium-Ion_Battery_With_Severe_Gassing_Issue/Standard cycling/DOD100_1C1C_40degC/Cycling_Periods/S2000FMK8H_CYC_at40degC_V09_5278.ird,DOD100_1C1C_40degC,CYC,S2000FMK8H,9,5278,40,0.025,100.0,1.0,1.0,40.0,411.0,12156.345532185,29.999999999000465,29.649623249231713,-0.34873586893081665,2.3003594875335693,2.2771799564361572,0.2041778415441513,0.0,0.0,0.0,0.0,23.606029510498047,41.32115173339844,40.44676971435547,2.6162984371185303,0.0,0.0,0.0,3.0,0.0,-0.0,ok
/media/kabir/Research/Project/sodium battery /Data_Failure_Mode_and_Degradation_Analysis_of_a_Commercial_Sodium-Ion_Battery_With_Severe_Gassing_Issue/Standard cycling/DOD100_1C1C_40degC/Cycling_Periods/S2000FMUJX_CYC_at40degC_V01_4946.ird,DOD100_1C1C_40degC,CYC,S2000FMUJX,1,4946,40,16.591,100.0,1.0,1.0,40.0,182704.0,1917637.797681403,10.0,10.495929446595857,1.4986079931259155,3.8007094860076904,2.8126308917999268,0.6797731518745422,-1.2003474235534668,1.2000558376312256,-0.0013596117496490479,1.0724339485168457,33.05329132080078,43.35205841064453,41.87207794189453,0.7339024543762207,-0.24987460672855377,1.0629969835281372,1.3128715753555298,1208.0,243.78968754511627,243.7383108581111,ok
/media/kabir/Research/Project/sodium battery /Data_Failure_Mode_and_Degradation_Analysis_of_a_Commercial_Sodium-Ion_Battery_With_Severe_Gassing_Issue/Standard cycling/DOD100_1C1C_40degC/Cycling_Periods/S2000FMUJX_CYC_at40degC_V03_5020.ird,DOD100_1C1C_40degC,CYC,S2000FMUJX,3,5020,40,16.613,100.0,1.0,1.0,40.0,183024.0,1914750.1229910632,10.0,10.461800555072658,1.4986079931259155,3.8007094860076904,2.804422378540039,0.6779910922050476,-1.2007715702056885,1.2000558376312256,-0.0015086819184944034,1.0697590112686157,31.96133041381836,43.48207092285156,41.8748893737793,0.7547096610069275,-0.21684686839580536,1.0568821430206299,1.2737289667129517,1208.0,242.99338424424482,242.82988002717616,ok
/media/kabir/Research/Project/sodium battery /Data_Failure_Mode_and_Degradation_Analysis_of_a_Commercial_Sodium-Ion_Battery_With_Severe_Gassing_Issue/Standard cycling/DOD100_1C1C_40degC/Cycling_Periods/S2000FMUJX_CYC_at40degC_V05_5119.ird,DOD100_1C1C_40degC,CYC,S2000FMUJX,5,5119,40,16.883,100.0,1.0,1.0,40.0,187136.0,1894253.9449130208,9.999999996973202,10.12239263052353,1.4986079931259155,3.8007094860076904,2.7783803939819336,0.6858544945716858,-1.2005594968795776,1.2000558376312256,-0.001082987291738391,1.0481808185577393,29.535720825195312,43.39421844482422,41.95978927612305,0.7462579011917114,-0.08268778771162033,1.2119563817977905,1.2946441173553467,1208.0,238.757731986588,238.4010786211703,ok
/media/kabir/Research/Project/sodium battery /Data_Failure_Mode_and_Degradation_Analysis_of_a_Commercial_Sodium-Ion_Battery_With_Severe_Gassing_Issue/Standard cycling/DOD100_1C1C_40degC/Cycling_Periods/S2000FMUJX_CYC_at40degC_V07_5193.ird,DOD100_1C1C_40degC,CYC,S2000FMUJX,7,5193,40,17.375,100.0,1.0,1.0,40.0,193440.0,1852201.717031801,9.999999162042513,9.575120410216146,1.4984171390533447,3.800518751144409,2.744816303253174,0.6927692890167236,-1.2022560834884644,1.200135350227356,-0.001196551718749106,1.0131428241729736,29.815200805664062,43.475040435791016,42.14990234375,0.7799059748649597,-0.09725417196750641,1.126012921333313,1.2232670783996582,1208.0,230.68389996388282,230.39578755754047,ok
/media/kabir/Research/Project/sodium battery /Data_Failure_Mode_and_Degradation_Analysis_of_a_Commercial_Sodium-Ion_Battery_With_Severe_Gassing_Issue/Standard cycling/DOD100_1C1C_40degC/Cycling_Periods/S2000FMUJX_CYC_at40degC_V09_5280.ird,DOD100_1C1C_40degC,CYC,S2000FMUJX,9,5280,40,0.058,100.0,1.0,1.0,40.0,941.0,28069.284020191,29.999999998999556,29.860940447011703,-0.12574264407157898,2.219099998474121,2.2106759548187256,0.10774576663970947,0.0,0.0,0.0,0.0,27.85784912109375,41.514400482177734,41.07060241699219,1.4941895008087158,0.0,0.0,0.0,3.0,0.0,-0.0,ok
/media/kabir/Research/Project/sodium battery /Data_Failure_Mode_and_Degradation_Analysis_of_a_Commercial_Sodium-Ion_Battery_With_Severe_Gassing_Issue/Standard cycling/DOD100_1C1C_40degC/Cycling_Periods/S2000FNA0F_CYC_at40degC_V01_4945.ird,DOD100_1C1C_40degC,CYC,S2000FNA0F,1,4945,40,16.554,100.0,1.0,1.0,40.0,182456.0,1915283.023731104,10.0,10.497289872741794,1.4986774921417236,3.800769567489624,2.811342716217041,0.6816275119781494,-1.2001147270202637,1.2000352144241333,-0.001774367643520236,1.072076439857483,32.689640045166016,43.59803009033203,42.01028060913086,0.7779834866523743,-0.26637235283851624,1.059684157371521,1.3260564804077148,1208.0,243.23011928669396,243.17161864640843,ok
/media/kabir/Research/Project/sodium battery /Data_Failure_Mode_and_Degradation_Analysis_of_a_Commercial_Sodium-Ion_Battery_With_Severe_Gassing_Issue/Standard cycling/DOD100_1C1C_40degC/Cycling_Periods/S2000FNA0F_CYC_at40degC_V03_5019.ird,DOD100_1C1C_40degC,CYC,S2000FNA0F,3,5019,40,16.588,100.0,1.0,1.0,40.0,182844.0,1914475.892162519,10.0,10.470599870722527,1.4988682270050049,3.800769567489624,2.8035075664520264,0.679136335849762,-1.2001253366470337,1.200040578842163,-0.0018009734340012074,1.0696812868118286,31.060590744018555,43.64019012451172,41.98786926269531,0.7740023136138916,-0.28714653849601746,1.0636613368988037,1.3508079051971436,1208.0,242.68501554442744,242.6419988664915,ok
/media/kabir/Research/Project/sodium battery /Data_Failure_Mode_and_Degradation_Analysis_of_a_Commercial_Sodium-Ion_Battery_With_Severe_Gassing_Issue/Standard cycling/DOD100_1C1C_40degC/Cycling_Periods/S2000FNA0F_CYC_at40degC_V05_5118.ird,DOD100_1C1C_40degC,CYC,S2000FNA0F,5,5118,40,16.896,100.0,1.0,1.0,40.0,186983.0,1891941.19933397,9.999999996973202,10.118306571402435,1.4984866380691528,3.800769567489624,2.7771193981170654,0.6857465505599976,-1.2003374099731445,1.2000352144241333,-0.0016886127414181828,1.0477879047393799,28.879030227661133,43.67531967163086,42.093780517578125,0.7969522476196289,-0.26832282543182373,1.0508936643600464,1.3192164897918701,1208.0,238.23634922490226,238.18831603318972,ok
/media/kabir/Research/Project/sodium battery /Data_Failure_Mode_and_Degradation_Analysis_of_a_Commercial_Sodium-Ion_Battery_With_Severe_Gassing_Issue/Standard cycling/DOD100_1C1C_40degC/Cycling_Periods/S2000FNA0F_CYC_at40degC_V07_5192.ird,DOD100_1C1C_40degC,CYC,S2000FNA0F,7,5192,40,17.359,100.0,1.0,1.0,40.0,193415.0,1848814.795693001,9.999999162042513,9.558846803711214,1.4986774921417236,3.8005788326263428,2.7425384521484375,0.6927591562271118,-1.2044720649719238,1.2041540145874023,-0.0016470340779051185,1.0121022462844849,28.58785057067871,43.88264083862305,42.27309799194336,0.8486406207084656,-0.257610023021698,1.0267678499221802,1.2843778133392334,1208.0,230.06381547793038,230.03289692766054,ok
/media/kabir/Research/Project/sodium battery /Data_Failure_Mode_and_Degradation_Analysis_of_a_Commercial_Sodium-Ion_Battery_With_Severe_Gassing_Issue/Standard cycling/DOD100_1C1C_40degC/Cycling_Periods/S2000FNA0F_CYC_at40degC_V09_5279.ird,DOD100_1C1C_40degC,CYC,S2000FNA0F,9,5279,40,15.388,100.0,1.0,1.0,40.0,173233.0,1558921.915042816,9.999999157967977,8.999041257058835,-6.251260757446289,6.249162673950195,2.6984307765960693,0.7117489576339722,-1.2003374099731445,1.2005493640899658,-0.0016239321557804942,0.9713059663772583,25.760530471801758,43.68587112426758,42.29472351074219,0.8559036254882812,-0.21981503069400787,0.9864210486412048,1.2062361240386963,1071.0,189.83808778363294,189.82034215355353,ok
/media/kabir/Research/Project/sodium battery /Data_Failure_Mode_and_Degradation_Analysis_of_a_Commercial_Sodium-Ion_Battery_With_Severe_Gassing_Issue/Standard cycling/DOD100_1C1C_50degC/CU_at_25degC/S2000EPLM8_CU_at25degC_V00_4841.ird,DOD100_1C1C_50degC,CU,S2000EPLM8,0,4841,25,15.408,100.0,1.0,1.0,50.0,179709.0,299025.291720665,1.0000033529940993,1.6639509188275703,1.4991775751113892,3.800395965576172,2.9123246669769287,0.5798432230949402,-2.4002175331115723,2.401698112487793,-0.03076547011733055,0.44901859760284424,21.411190032958984,27.779460906982422,22.757068634033203,1.8802440166473389,-0.6472732424736023,0.5948362946510315,1.2421095371246338,126.0,3.689021301237539,4.162590511712121,ok
/media/kabir/Research/Project/sodium battery /Data_Failure_Mode_and_Degradation_Analysis_of_a_Commercial_Sodium-Ion_Battery_With_Severe_Gassing_Issue/Standard cycling/DOD100_1C1C_50degC/CU_at_25degC/S2000EPLM8_CU_at25degC_V01_4887.ird,DOD100_1C1C_50degC,CU,S2000EPLM8,1,4887,25,15.756,100.0,1.0,1.0,50.0,182358.0,301114.28304721805,1.0000050300150178,1.6512351214772016,1.4998449087142944,3.800153970718384,2.8968923091888428,0.5673767924308777,-2.400146722793579,2.405334949493408,-0.04021476209163666,0.45120811462402344,25.07328987121582,27.73975944519043,26.282398223876953,0.19413746893405914,-1.161806583404541,0.07477954775094986,1.236586093902588,126.0,3.6593354758126715,4.643713503906206,ok
/media/kabir/Research/Project/sodium battery /Data_Failure_Mode_and_Degradation_Analysis_of_a_Commercial_Sodium-Ion_Battery_With_Severe_Gassing_Issue/Standard cycling/DOD100_1C1C_50degC/CU_at_25degC/S2000FNILQ_CU_at25degC_V00_4842.ird,DOD100_1C1C_50degC,CU,S2000FNILQ,0,4842,25,15.445,100.0,1.0,1.0,50.0,179762.0,299057.228945558,1.0000050259986892,1.6636379912525967,1.4992915391921997,3.8003921508789062,2.9080097675323486,0.5838854908943176,-2.4001972675323486,2.4016871452331543,-0.030865870416164398,0.44907158613204956,21.499380111694336,28.179590225219727,22.8436336517334,1.9042537212371826,-0.6490029692649841,0.5932154059410095,1.2422183752059937,126.0,3.692431797110561,4.170269727614722,ok
/media/kabir/Research/Project/sodium battery /Data_Failure_Mode_and_Degradation_Analysis_of_a_Commercial_Sodium-Ion_Battery_With_Severe_Gassing_Issue/Standard cycling/DOD100_1C1C_50degC/CU_at_25degC/S2000FOOS5_CU_at25degC_V00_4840.ird,DOD100_1C1C_50degC,CU,S2000FOOS5,0,4840,25,15.385,100.0,1.0,1.0,50.0,179196.0,297640.27405525703,1.0000033530013752,1.660985373784185,1.4998098611831665,3.8002946376800537,2.9081127643585205,0.5833215713500977,-2.400167465209961,2.4024012088775635,-0.03076130524277687,0.4494178295135498,21.17091941833496,27.91080093383789,22.52155113220215,1.9041496515274048,-0.6424758434295654,0.5894840359687805,1.2319598197937012,126.0,3.6667373695387653,4.141426846513579,ok
/media/kabir/Research/Project/sodium battery /Data_Failure_Mode_and_Degradation_Analysis_of_a_Commercial_Sodium-Ion_Battery_With_Severe_Gassing_Issue/Standard cycling/DOD100_1C1C_50degC/CU_at_25degC/S2000FOOS5_CU_at25degC_V01_4888.ird,DOD100_1C1C_50degC,CU,S2000FOOS5,1,4888,25,14.835,100.0,1.0,1.0,50.0,175361.0,293550.048064181,1.0000083780032583,1.6739852193440978,1.499009609222412,3.8001742362976074,2.8954129219055176,0.5705083608627319,-2.4001235961914062,2.4051735401153564,-0.01919717714190483,0.446653813123703,25.125219345092773,27.324369430541992,26.192901611328125,0.1471511274576187,-0.020453356206417084,1.2060288190841675,1.2264821529388428,126.0,3.683906591949905,3.533841708653332,ok
/media/kabir/Research/Project/sodium battery /Data_Failure_Mode_and_Degradation_Analysis_of_a_Commercial_Sodium-Ion_Battery_With_Severe_Gassing_Issue/Standard cycling/DOD100_1C1C_50degC/Cycling_Periods/S2000EPLM8_CU_at50degC_V01_4868.ird,DOD100_1C1C_50degC,CYC,S2000EPLM8,1,4868,50,44.418,100.0,1.0,1.0,50.0,477702.0,3574169.8655031254,9.999782931059599,7.4820229924223005,1.4986053705215454,3.800586700439453,2.84721040725708,0.6359257102012634,-1.201748013496399,1.2013249397277832,-0.0006303091649897397,0.8190222382545471,47.2094612121582,54.38499069213867,51.90876007080078,0.8134456276893616,-0.1982979029417038,1.1763153076171875,1.3746131658554077,1825.0,375.7825438414756,375.21556985321513,ok
/media/kabir/Research/Project/sodium battery /Data_Failure_Mode_and_Degradation_Analysis_of_a_Commercial_Sodium-Ion_Battery_With_Severe_Gassing_Issue/Standard cycling/DOD100_1C1C_50degC/Cycling_Periods/S2000FNILQ_CU_at50degC_V01_4869.ird,DOD100_1C1C_50degC,CYC,S2000FNILQ,1,4869,50,42.265,100.0,1.0,1.0,50.0,455094.0,3503438.093821122,9.999846627004445,7.698290445735535,-6.248732566833496,6.250449180603027,2.838611364364624,0.6526656150817871,-1.2001519203186035,1.2000454664230347,-0.0036595179699361324,0.8386894464492798,41.75333023071289,54.69670104980469,52.094486236572266,0.6121828556060791,-0.1962345838546753,1.1942951679229736,1.390529751777649,1829.0,374.34094011991044,374.87616272480795,ok
/media/kabir/Research/Project/sodium battery /Data_Failure_Mode_and_Degradation_Analysis_of_a_Commercial_Sodium-Ion_Battery_With_Severe_Gassing_Issue/Standard cycling/DOD100_1C1C_50degC/Cycling_Periods/S2000FOOS5_CU_at50degC_V01_4867.ird,DOD100_1C1C_50degC,CYC,S2000FOOS5,1,4867,50,44.202,100.0,1.0,1.0,50.0,476245.0,3573370.06797299,9.999783769715577,7.50323377926649,1.4986647367477417,3.800485372543335,2.8522963523864746,0.6364377737045288,-1.2001948356628418,1.2000465393066406,-0.001459993189200759,0.819963812828064,47.515281677246094,54.069068908691406,51.42849349975586,0.9111995100975037,-0.19131353497505188,1.1466186046600342,1.3379321098327637,1841.0,374.85609397050325,375.46226004947476,ok
/media/kabir/Research/Project/sodium battery /Data_Failure_Mode_and_Degradation_Analysis_of_a_Commercial_Sodium-Ion_Battery_With_Severe_Gassing_Issue/Standard cycling/DOD100_2C2C_-10degC/CU_at_25degC/S2000FP452_CU_at25degC_V00_4831.ird,DOD100_2C2C_-10degC,CU,S2000FP452,0,4831,25,15.389,100.0,2.0,2.0,-10.0,179393.0,298503.57749481004,1.000003352004569,1.6639737418324676,1.4994045495986938,3.8004746437072754,2.9117019176483154,0.5801363587379456,-2.400200605392456,2.4088425636291504,-0.030461367219686508,0.4489623010158539,22.874570846557617,26.279769897460938,25.106679916381836,0.1628543883562088,-0.6405293345451355,0.5987370610237122,1.2392663955688477,126.0,3.671218583194768,4.133752460997335,ok
/media/kabir/Research/Project/sodium battery /Data_Failure_Mode_and_Degradation_Analysis_of_a_Commercial_Sodium-Ion_Battery_With_Severe_Gassing_Issue/Standard cycling/DOD100_2C2C_-10degC/CU_at_25degC/S2000FP452_CU_at25degC_V01_4879.ird,DOD100_2C2C_-10degC,CU,S2000FP452,1,4879,25,14.994,100.0,2.0,2.0,-10.0,175138.0,287114.91571529204,1.0000008390052244,1.6393732661590186,1.4997373819351196,3.8002758026123047,2.9188969135284424,0.5904805660247803,-2.4001636505126953,2.4074649810791016,-0.031719084829092026,0.4520936906337738,16.998329162597656,27.215930938720703,25.629331588745117,0.24035263061523438,-0.7308014035224915,0.4254264235496521,1.1562278270721436,126.0,3.4231329127097654,3.9837261062264377,ok
/media/kabir/Research/Project/sodium battery /Data_Failure_Mode_and_Degradation_Analysis_of_a_Commercial_Sodium-Ion_Battery_With_Severe_Gassing_Issue/Standard cycling/DOD100_2C2C_-10degC/CU_at_25degC/S2000FQ87T_CU_at25degC_V00_4833.ird,DOD100_2C2C_-10degC,CU,S2000FQ87T,0,4833,25,15.411,100.0,2.0,2.0,-10.0,179685.0,299207.92206730304,1.000003352004569,1.6651895665017644,1.499853491783142,3.800353527069092,2.910966157913208,0.581057608127594,-2.400184154510498,2.4060163497924805,-0.030617786571383476,0.44880416989326477,23.18429946899414,26.151479721069336,25.13882064819336,0.13649886846542358,-0.6522328853607178,0.5921685695648193,1.244401454925537,126.0,3.68130184065669,4.151922221590023,ok
/media/kabir/Research/Project/sodium battery /Data_Failure_Mode_and_Degradation_Analysis_of_a_Commercial_Sodium-Ion_Battery_With_Severe_Gassing_Issue/Standard cycling/DOD100_2C2C_-10degC/CU_at_25degC/S2000FR213_CU_at25degC_V00_4832.ird,DOD100_2C2C_-10degC,CU,S2000FR213,0,4832,25,15.509,100.0,2.0,2.0,-10.0,180595.0,301383.056146831,1.0000041910097934,1.6688431295991617,1.499271035194397,3.8003270626068115,2.909956693649292,0.5806087851524353,-2.4002397060394287,2.4096639156341553,-0.030847683548927307,0.4483658969402313,23.101669311523438,26.035419464111328,25.148805618286133,0.1264718472957611,-0.6587302684783936,0.6004206538200378,1.2591509819030762,126.0,3.7262838681334562,4.202644930007465,ok
/media/kabir/Research/Project/sodium battery /Data_Failure_Mode_and_Degradation_Analysis_of_a_Commercial_Sodium-Ion_Battery_With_Severe_Gassing_Issue/Standard cycling/DOD100_2C2C_-10degC/CU_at_25degC/S2000FR213_CU_at25degC_V01_4883.ird,DOD100_2C2C_-10degC,CU,S2000FR213,1,4883,25,15.207,100.0,2.0,2.0,-10.0,177361.0,292419.781216758,1.0000050270173233,1.6487357984706699,1.4995633363723755,3.8001275062561035,2.911949396133423,0.5899694561958313,-2.4002022743225098,2.4065520763397217,-0.03235933557152748,0.45097070932388306,24.66543960571289,27.693939208984375,26.05852699279785,0.2496519684791565,-0.7563009858131409,0.43619295954704285,1.1924939155578613,126.0,3.5294420684301886,4.110308810690118,ok
/media/kabir/Research/Project/sodium battery /Data_Failure_Mode_and_Degradation_Analysis_of_a_Commercial_Sodium-Ion_Battery_With_Severe_Gassing_Issue/Standard cycling/DOD100_2C2C_-10degC/Cycling_Periods/S2000FP452_CU_at-10degC_V01_4860.ird,DOD100_2C2C_-10degC,CYC,S2000FP452,1,4860,-10,0.0,100.0,2.0,2.0,-10.0,,,,,,,,,,,,,,,,,,,,,,,error: EmptyDataError: No columns to parse from file
/media/kabir/Research/Project/sodium battery /Data_Failure_Mode_and_Degradation_Analysis_of_a_Commercial_Sodium-Ion_Battery_With_Severe_Gassing_Issue/Standard cycling/DOD100_2C2C_-10degC/Cycling_Periods/S2000FQ87T_CU_at-10degC_V01_4859.ird,DOD100_2C2C_-10degC,CYC,S2000FQ87T,1,4859,-10,18.364,100.0,2.0,2.0,-10.0,207413.0,1381601.65235626,3.000149183004396,6.661146184195032,-6.2488179206848145,3.893021821975708,3.1236088275909424,0.6250395774841309,-2.4001471996307373,2.4035775661468506,0.033942997455596924,0.8836371302604675,-9.897839546203613,5.7684102058410645,-7.546097755432129,3.309753656387329,-1.476104785069765e-07,22.139751434326172,22.139751434326172,1224.0,111.78366256498605,90.32903215125748,ok
/media/kabir/Research/Project/sodium battery /Data_Failure_Mode_and_Degradation_Analysis_of_a_Commercial_Sodium-Ion_Battery_With_Severe_Gassing_Issue/Standard cycling/DOD100_2C2C_-10degC/Cycling_Periods/S2000FR213_CU_at-10degC_V01_4858.ird,DOD100_2C2C_-10degC,CYC,S2000FR213,1,4858,-10,42.623,100.0,2.0,2.0,-10.0,469109.0,3183668.0130592803,3.0001273920061067,6.786641909878494,1.4981269836425781,3.8005177974700928,2.943864583969116,0.6171665191650391,-2.400250196456909,2.4069137573242188,0.08791223913431168,1.2901984453201294,-9.744629859924316,4.413809776306152,-6.528702735900879,3.914689779281616,-2.0433256509022613e-07,120.28192901611328,120.28192901611328,2433.0,524.1135496898548,405.69374450110143,ok
/media/kabir/Research/Project/sodium battery /Data_Failure_Mode_and_Degradation_Analysis_of_a_Commercial_Sodium-Ion_Battery_With_Severe_Gassing_Issue/Standard cycling/DOD100_2C2C_25degC/CU_at_25degC/S2000FN8BU_CU_at25degC_V00_4896.ird,DOD100_2C2C_25degC,CU,S2000FN8BU,0,4896,25,15.414,100.0,2.0,2.0,25.0,179620.0,298983.424598352,1.0000016780104488,1.66454230676238,1.4994523525238037,3.8002142906188965,2.9097821712493896,0.5825326442718506,-2.4003360271453857,2.404609203338623,-0.03067784570157528,0.4489072263240814,24.674570083618164,26.933399200439453,25.05255889892578,0.2661617696285248,-0.6522017121315002,0.590409517288208,1.2426111698150635,126.0,3.6791376597697267,4.152085545691499,ok
/media/kabir/Research/Project/sodium battery /Data_Failure_Mode_and_Degradation_Analysis_of_a_Commercial_Sodium-Ion_Battery_With_Severe_Gassing_Issue/Standard cycling/DOD100_2C2C_25degC/CU_at_25degC/S2000FN8BU_CU_at25degC_V02_4955.ird,DOD100_2C2C_25degC,CU,S2000FN8BU,2,4955,25,15.527,100.0,2.0,2.0,25.0,180682.0,301190.356510568,1.0000008399947546,1.6669730437100083,1.4998337030410767,3.8004050254821777,2.8961799144744873,0.5795596837997437,-2.4001777172088623,2.404714584350586,-0.03178344666957855,0.44869208335876465,24.613740921020508,26.762359619140625,25.072921752929688,0.27205923199653625,-0.708422839641571,0.5483273267745972,1.2567501068115234,126.0,3.715798281708587,4.242399389192757,ok
/media/kabir/Research/Project/sodium battery /Data_Failure_Mode_and_Degradation_Analysis_of_a_Commercial_Sodium-Ion_Battery_With_Severe_Gassing_Issue/Standard cycling/DOD100_2C2C_25degC/CU_at_25degC/S2000FN8BU_CU_at25degC_V04_5025.ird,DOD100_2C2C_25degC,CU,S2000FN8BU,4,5025,25,15.562,100.0,2.0,2.0,25.0,180985.0,301811.698697835,1.000001678999979,1.6676153621194967,1.4994523525238037,3.8004050254821777,2.889850616455078,0.5767685174942017,-2.4002089500427246,2.404714584350586,-0.032085999846458435,0.44862282276153564,24.60157012939453,26.927289962768555,25.07156753540039,0.2865529954433441,-0.7243132591247559,0.5360008478164673,1.2603141069412231,126.0,3.7260187096665276,4.267458711765259,ok
/media/kabir/Research/Project/sodium battery /Data_Failure_Mode_and_Degradation_Analysis_of_a_Commercial_Sodium-Ion_Battery_With_Severe_Gassing_Issue/Standard cycling/DOD100_2C2C_25degC/CU_at_25degC/S2000FN8BU_CU_at25degC_V06_5079.ird,DOD100_2C2C_25degC,CU,S2000FN8BU,6,5079,25,15.53,100.0,2.0,2.0,25.0,180609.0,300686.34287054103,1.0000016749836504,1.6648561684451466,1.4992616176605225,3.8002142906188965,2.890467643737793,0.5700728893280029,-2.4001989364624023,2.404714584350586,-0.032151173800230026,0.4488687217235565,24.714099884033203,26.902860641479492,25.076255798339844,0.2897273004055023,-0.7274768352508545,0.5241910219192505,1.251667857170105,126.0,3.7037973140076415,4.250904307519547,ok
/media/kabir/Research/Project/sodium battery /Data_Failure_Mode_and_Degradation_Analysis_of_a_Commercial_Sodium-Ion_Battery_With_Severe_Gassing_Issue/Standard cycling/DOD100_2C2C_25degC/CU_at_25degC/S2000FN8BU_CU_at25degC_V08_5149.ird,DOD100_2C2C_25degC,CU,S2000FN8BU,8,5149,25,15.463,100.0,2.0,2.0,25.0,179921.0,298671.471948291,1.0000016749836504,1.6600237435987717,1.4998337030410767,3.8004050254821777,2.8954873085021973,0.5600306987762451,-2.400165319442749,2.404820203781128,-0.03215248882770538,0.44931426644325256,24.66543960571289,26.966999053955078,25.010637283325195,0.31271493434906006,-0.7242294549942017,0.5120994448661804,1.2363288402557373,126.0,3.6683903054835096,4.218008271597878,ok
/media/kabir/Research/Project/sodium battery /Data_Failure_Mode_and_Degradation_Analysis_of_a_Commercial_Sodium-Ion_Battery_With_Severe_Gassing_Issue/Standard cycling/DOD100_2C2C_25degC/CU_at_25degC/S2000FN8BU_CU_at25degC_V10_5201.ird,DOD100_2C2C_25degC,CU,S2000FN8BU,10,5201,25,15.378,100.0,2.0,2.0,25.0,178998.0,295915.521560234,1.0000016750127543,1.6531870453707829,1.4992616176605225,3.8004050254821777,2.9052324295043945,0.5458027720451355,-2.4002585411071777,2.404925584793091,-0.03205392137169838,0.4497987926006317,24.677600860595703,26.881479263305664,25.020475387573242,0.31220361590385437,-0.7179862856864929,0.49795785546302795,1.2159441709518433,126.0,3.617375664950765,4.166661612569332,ok
/media/kabir/Research/Project/sodium battery /Data_Failure_Mode_and_Degradation_Analysis_of_a_Commercial_Sodium-Ion_Battery_With_Severe_Gassing_Issue/Standard cycling/DOD100_2C2C_25degC/CU_at_25degC/S2000FN8BU_CU_at25degC_V12_5261.ird,DOD100_2C2C_25degC,CU,S2000FN8BU,12,5261,25,15.242,100.0,2.0,2.0,25.0,177682.0,292341.11998375104,1.0000016750000214,1.645314467972102,1.4992616176605225,3.8002142906188965,2.9182655811309814,0.530270516872406,-2.4001777172088623,2.404714584350586,-0.031616441905498505,0.4502423405647278,24.72627067565918,26.96088981628418,25.08258056640625,0.30341836810112,-0.7070118188858032,0.48409605026245117,1.1911078691482544,126.0,3.5404020344674163,4.080246566797775,ok
/media/kabir/Research/Project/sodium battery /Data_Failure_Mode_and_Degradation_Analysis_of_a_Commercial_Sodium-Ion_Battery_With_Severe_Gassing_Issue/Standard cycling/DOD100_2C2C_25degC/CU_at_25degC/S2000FN8BU_CU_at25degC_V14_5315.ird,DOD100_2C2C_25degC,CU,S2000FN8BU,14,5315,25,15.126,100.0,2.0,2.0,25.0,176399.0,288622.611727636,1.0000016749836504,1.6362011571992654,1.4994523525238037,3.8002142906188965,2.9312596321105957,0.5136519074440002,-2.4003043174743652,2.405031204223633,-0.0312865674495697,0.4507504403591156,24.717140197753906,27.006710052490234,25.018535614013672,0.3379610776901245,-0.6974167227745056,0.46722525358200073,1.1646419763565063,126.0,3.464841093149008,3.999240402375824,ok
/media/kabir/Research/Project/sodium battery /Data_Failure_Mode_and_Degradation_Analysis_of_a_Commercial_Sodium-Ion_Battery_With_Severe_Gassing_Issue/Standard cycling/DOD100_2C2C_25degC/CU_at_25degC/S2000FN8BU_CU_at25degC_V16_5357.ird,DOD100_2C2C_25degC,CU,S2000FN8BU,16,5357,25,14.968,100.0,2.0,2.0,25.0,174666.0,284362.18010455003,1.0000016750127543,1.628043283454327,1.4994523525238037,3.800595760345459,2.944115161895752,0.4966887831687927,-2.4001777172088623,2.405031204223633,-0.03230412304401398,0.44768187403678894,24.73843002319336,27.073909759521484,25.03739356994629,0.3461296856403351,-0.6854094862937927,0.44960978627204895,1.135019302368164,126.0,3.376027041941626,3.9020702513752066,ok
/media/kabir/Research/Project/sodium battery /Data_Failure_Mode_and_Degradation_Analysis_of_a_Commercial_Sodium-Ion_Battery_With_Severe_Gassing_Issue/Standard cycling/DOD100_2C2C_25degC/CU_at_25degC/S2000FN8BU_CU_at25degC_V18_5387.ird,DOD100_2C2C_25degC,CU,S2000FN8BU,18,5387,25,14.748,100.0,2.0,2.0,25.0,172461.0,279500.963067695,1.000001677981345,1.62067124589873,1.4994523525238037,3.8007864952087402,2.9570281505584717,0.47757816314697266,-2.4001777172088623,2.405031204223633,-0.03596524894237518,0.4374963045120239,24.796220779418945,27.205249786376953,25.053359985351562,0.3485367000102997,-0.6709389686584473,0.43084436655044556,1.101783275604248,126.0,3.2752104190022115,3.79098602158979,ok
/media/kabir/Research/Project/sodium battery /Data_Failure_Mode_and_Degradation_Analysis_of_a_Commercial_Sodium-Ion_Battery_With_Severe_Gassing_Issue/Standard cycling/DOD100_2C2C_25degC/CU_at_25degC/S2000FOCH9_CU_at25degC_V00_4895.ird,DOD100_2C2C_25degC,CU,S2000FOCH9,0,4895,25,15.323,100.0,2.0,2.0,25.0,178987.0,297337.485585787,1.000001677981345,1.6612332002826309,1.4998263120651245,3.800386428833008,2.911775827407837,0.5803796052932739,-2.4001476764678955,2.4042763710021973,-0.030535083264112473,0.44931748509407043,24.65328025817871,27.070850372314453,25.08802604675293,0.29345425963401794,-0.6417757272720337,0.5878959894180298,1.2296717166900635,126.0,3.6531978407651486,4.118257342892598,ok
/media/kabir/Research/Project/sodium battery /Data_Failure_Mode_and_Degradation_Analysis_of_a_Commercial_Sodium-Ion_Battery_With_Severe_Gassing_Issue/Standard cycling/DOD100_2C2C_25degC/CU_at_25degC/S2000FOCH9_CU_at25degC_V02_4954.ird,DOD100_2C2C_25degC,CU,S2000FOCH9,2,4954,25,15.492,100.0,2.0,2.0,25.0,180300.0,300102.974767656,1.0000016749836504,1.6644738726651618,1.4998263120651245,3.800386428833008,2.895817518234253,0.5784373879432678,-2.400188446044922,2.4043822288513184,-0.031882815062999725,0.4490755498409271,24.613740921020508,26.899810791015625,25.074153900146484,0.2964543402194977,-0.7054941058158875,0.5423474311828613,1.2478415966033936,126.0,3.7023828407130233,4.231616098304487,ok
/media/kabir/Research/Project/sodium battery /Data_Failure_Mode_and_Degradation_Analysis_of_a_Commercial_Sodium-Ion_Battery_With_Severe_Gassing_Issue/Standard cycling/DOD100_2C2C_25degC/CU_at_25degC/S2000FOCH9_CU_at25degC_V04_4998.ird,DOD100_2C2C_25degC,CU,S2000FOCH9,4,4998,25,15.52,100.0,2.0,2.0,25.0,180430.0,300349.20185409597,1.0000016750127543,1.6646392866673094,1.4998263120651245,3.800386428833008,2.8916749954223633,0.5737619996070862,-2.4001965522766113,2.4044880867004395,-0.03206441178917885,0.44902586936950684,24.68065071105957,27.003660202026367,25.22650909423828,0.3017655909061432,-0.7187716960906982,0.5302912592887878,1.2490630149841309,126.0,3.702031052366612,4.2424726170731235,ok
/media/kabir/Research/Project/sodium battery /Data_Failure_Mode_and_Degradation_Analysis_of_a_Commercial_Sodium-Ion_Battery_With_Severe_Gassing_Issue/Standard cycling/DOD100_2C2C_25degC/CU_at_25degC/S2000FOCH9_CU_at25degC_V06_5055.ird,DOD100_2C2C_25degC,CU,S2000FOCH9,6,5055,25,15.506,100.0,2.0,2.0,25.0,180286.0,299648.58452141803,1.0000008399947546,1.6620827274671657,1.4994449615478516,3.800386428833008,2.891160011291504,0.5665562152862549,-2.4001476764678955,2.405017375946045,-0.032310038805007935,0.44926920533180237,24.686729431152344,26.982269287109375,25.2319393157959,0.3070323169231415,-0.7248315215110779,0.5177930593490601,1.2426245212554932,126.0,3.693882220173901,4.245133136338501,ok
/media/kabir/Research/Project/sodium battery /Data_Failure_Mode_and_Degradation_Analysis_of_a_Commercial_Sodium-Ion_Battery_With_Severe_Gassing_Issue/Standard cycling/DOD100_2C2C_25degC/CU_at_25degC/S2000FOCH9_CU_at25degC_V08_5102.ird,DOD100_2C2C_25degC,CU,S2000FOCH9,8,5102,25,15.406,100.0,2.0,2.0,25.0,179395.0,297115.2745623,1.0000016749836504,1.656216342588381,1.4998263120651245,3.8001956939697266,2.900416851043701,0.552794873714447,-2.4001476764678955,2.4045939445495605,-0.03214412182569504,0.44967180490493774,24.64719009399414,26.970060348510742,25.09150505065918,0.31479179859161377,-0.7201008796691895,0.5044050812721252,1.22450590133667,126.0,3.642380218503753,4.192955883587589,ok
/media/kabir/Research/Project/sodium battery /Data_Failure_Mode_and_Degradation_Analysis_of_a_Commercial_Sodium-Ion_Battery_With_Severe_Gassing_Issue/Standard cycling/DOD100_2C2C_25degC/CU_at_25degC/S2000FOCH9_CU_at25degC_V10_5151.ird,DOD100_2C2C_25degC,CU,S2000FOCH9,10,5151,25,15.311,100.0,2.0,2.0,25.0,178219.0,293927.981517644,1.0000016750127543,1.6492609136991996,1.4992542266845703,3.800386428833008,2.9127187728881836,0.5368490219116211,-2.4002535343170166,2.4044880867004395,-0.031872957944869995,0.45019829273223877,24.68065071105957,27.083070755004883,25.05059242248535,0.34847697615623474,-0.7109166383743286,0.4908740222454071,1.201790690422058,126.0,3.5777534181145336,4.122978494950908,ok
/media/kabir/Research/Project/sodium battery /Data_Failure_Mode_and_Degradation_Analysis_of_a_Commercial_Sodium-Ion_Battery_With_Severe_Gassing_Issue/Standard cycling/DOD100_2C2C_25degC/CU_at_25degC/S2000FOCH9_CU_at25degC_V12_5200.ird,DOD100_2C2C_25degC,CU,S2000FOCH9,12,5200,25,15.195,100.0,2.0,2.0,25.0,177022.0,290428.346902558,1.0000016780104488,1.6406434654789996,1.4996355772018433,3.8001956939697266,2.9270429611206055,0.518337070941925,-2.4002139568328857,2.4046998023986816,-0.03159765899181366,0.45068201422691345,24.720190048217773,27.073909759521484,25.057228088378906,0.35396891832351685,-0.7023203372955322,0.4743077754974365,1.1766281127929688,126.0,3.5072509044583278,4.0482238071842565,ok
/media/kabir/Research/Project/sodium battery /Data_Failure_Mode_and_Degradation_Analysis_of_a_Commercial_Sodium-Ion_Battery_With_Severe_Gassing_Issue/Standard cycling/DOD100_2C2C_25degC/CU_at_25degC/S2000FOCH9_CU_at25degC_V14_5260.ird,DOD100_2C2C_25degC,CU,S2000FOCH9,14,5260,25,15.022,100.0,2.0,2.0,25.0,175426.0,286185.670646645,1.0000025129993446,1.6313847550043892,1.4998263120651245,3.800386428833008,2.9423885345458984,0.5008189082145691,-2.4001476764678955,2.4044880867004395,-0.03104780614376068,0.4512648582458496,24.771879196166992,27.1533203125,25.119762420654297,0.34833574295043945,-0.6878528594970703,0.4594112038612366,1.147264003753662,126.0,3.416739312246623,3.944989513063313,ok
/media/kabir/Research/Project/sodium battery /Data_Failure_Mode_and_Degradation_Analysis_of_a_Commercial_Sodium-Ion_Battery_With_Severe_Gassing_Issue/Standard cycling/DOD100_2C2C_25degC/CU_at_25degC/S2000FOCH9_CU_at25degC_V16_5314.ird,DOD100_2C2C_25degC,CU,S2000FOCH9,16,5314,25,14.85,100.0,2.0,2.0,25.0,173435.0,281654.04265922104,1.0000016750018403,1.6239840092439835,1.4994449615478516,3.800767660140991,2.9555203914642334,0.48139268159866333,-2.4001476764678955,2.4045939445495605,-0.034275591373443604,0.4423445761203766,24.744510650634766,27.32131004333496,25.066177368164062,0.38005223870277405,-0.6754648685455322,0.4407515227794647,1.1162164211273193,126.0,3.3224124054186404,3.8424054611894443,ok
/media/kabir/Research/Project/sodium battery /Data_Failure_Mode_and_Degradation_Analysis_of_a_Commercial_Sodium-Ion_Battery_With_Severe_Gassing_Issue/Standard cycling/DOD100_2C2C_25degC/CU_at_25degC/S2000FOCH9_CU_at25degC_V18_5356.ird,DOD100_2C2C_25degC,CU,S2000FOCH9,18,5356,25,14.625,100.0,2.0,2.0,25.0,171189.0,276515.907692126,1.0000016749836504,1.6152762325170342,1.4994449615478516,3.8011491298675537,2.9693353176116943,0.4627481698989868,-2.4001476764678955,2.4045939445495605,-0.036659564822912216,0.4353090822696686,24.747560501098633,27.489299774169922,25.07464599609375,0.3944140076637268,-0.6600034236907959,0.42108824849128723,1.0810916423797607,126.0,3.2138897943375224,3.7218120137865873,ok
/media/kabir/Research/Project/sodium battery /Data_Failure_Mode_and_Degradation_Analysis_of_a_Commercial_Sodium-Ion_Battery_With_Severe_Gassing_Issue/Standard cycling/DOD100_2C2C_25degC/CU_at_25degC/S2000FONCM_CU_at25degC_V00_4913.ird,DOD100_2C2C_25degC,CU,S2000FONCM,0,4913,25,15.455,100.0,2.0,2.0,25.0,179903.0,299640.339781312,1.0000016750127543,1.6655753675963134,1.4998105764389038,3.800346612930298,2.910118579864502,0.5823270082473755,-2.4002020359039307,2.4078190326690674,-0.030777767300605774,0.448775053024292,24.847919464111328,27.2968692779541,25.230182647705078,0.29536595940589905,-0.6567315459251404,0.5903726816177368,1.2471041679382324,126.0,3.69208231472055,4.168901651710231,ok
/media/kabir/Research/Project/sodium battery /Data_Failure_Mode_and_Degradation_Analysis_of_a_Commercial_Sodium-Ion_Battery_With_Severe_Gassing_Issue/Standard cycling/DOD100_2C2C_25degC/CU_at_25degC/S2000FONCM_CU_at25degC_V02_4956.ird,DOD100_2C2C_25degC,CU,S2000FONCM,2,4956,25,15.559,100.0,2.0,2.0,25.0,180922.0,301804.398779969,1.0000008399983926,1.6681557076291251,1.4998105764389038,3.800346612930298,2.896735191345215,0.5783736109733582,-2.400106906890869,2.4076075553894043,-0.03187497705221176,0.4485730826854706,24.768850326538086,27.083070755004883,25.243776321411133,0.29259881377220154,-0.7128990292549133,0.5480949282646179,1.2609939575195312,126.0,3.726876671784806,4.256700164211609,ok
/media/kabir/Research/Project/sodium battery /Data_Failure_Mode_and_Degradation_Analysis_of_a_Commercial_Sodium-Ion_Battery_With_Severe_Gassing_Issue/Standard cycling/DOD100_2C2C_25degC/CU_at_25degC/S2000FONCM_CU_at25degC_V04_5026.ird,DOD100_2C2C_25degC,CU,S2000FONCM,4,5026,25,15.586,100.0,2.0,2.0,25.0,181210.0,302326.030651104,1.000001678999979,1.668383086111087,1.4998105764389038,3.800346612930298,2.890781879425049,0.5748282670974731,-2.4002020359039307,2.407501697540283,-0.03219584375619888,0.4485129714012146,24.677600860595703,27.1533203125,25.19013023376465,0.3107830882072449,-0.7292709350585938,0.534635066986084,1.2639060020446777,126.0,3.73496380076247,4.281129273821079,ok
/media/kabir/Research/Project/sodium battery /Data_Failure_Mode_and_Degradation_Analysis_of_a_Commercial_Sodium-Ion_Battery_With_Severe_Gassing_Issue/Standard cycling/DOD100_2C2C_25degC/CU_at_25degC/S2000FONCM_CU_at25degC_V06_5080.ird,DOD100_2C2C_25degC,CU,S2000FONCM,6,5080,25,15.531,100.0,2.0,2.0,25.0,180785.0,301051.513252214,1.0000025129993446,1.6652552950051664,1.4998105764389038,3.800346612930298,2.891916275024414,0.5674771666526794,-2.4002020359039307,2.407396078109741,-0.03224029392004013,0.4487694203853607,24.811420440673828,27.202190399169922,25.282846450805664,0.2942950427532196,-0.7322310209274292,0.5218020677566528,1.254033088684082,126.0,3.7094850301490703,4.261221696319784,ok
/media/kabir/Research/Project/sodium battery /Data_Failure_Mode_and_Degradation_Analysis_of_a_Commercial_Sodium-Ion_Battery_With_Severe_Gassing_Issue/Standard cycling/DOD100_2C2C_25degC/CU_at_25degC/S2000FONCM_CU_at25degC_V08_5150.ird,DOD100_2C2C_25degC,CU,S2000FONCM,8,5150,25,15.473,100.0,2.0,2.0,25.0,180083.0,298958.98787966603,1.0000016749836504,1.6601269859267778,1.4998105764389038,3.800346612930298,2.897721529006958,0.5566366910934448,-2.4001822471618652,2.4077134132385254,-0.03221834450960159,0.4491789937019348,24.805339813232422,27.317750930786133,25.202709197998047,0.33767083287239075,-0.7290772795677185,0.5093604922294617,1.2384377717971802,126.0,3.671280081307047,4.224969282051589,ok
/media/kabir/Research/Project/sodium battery /Data_Failure_Mode_and_Degradation_Analysis_of_a_Commercial_Sodium-Ion_Battery_With_Severe_Gassing_Issue/Standard cycling/DOD100_2C2C_25degC/CU_at_25degC/S2000FONCM_CU_at25degC_V10_5202.ird,DOD100_2C2C_25degC,CU,S2000FONCM,10,5202,25,15.379,100.0,2.0,2.0,25.0,179140.0,296122.300134296,1.0000016780104488,1.6530308873796102,1.4998105764389038,3.800346612930298,2.907836675643921,0.5419598817825317,-2.4002020359039307,2.4077134132385254,-0.032098960131406784,0.44964107871055603,24.847919464111328,27.171649932861328,25.231470108032227,0.3221810460090637,-0.7229617238044739,0.49455010890960693,1.2175118923187256,126.0,3.617572237568617,4.170927819151175,ok
/media/kabir/Research/Project/sodium battery /Data_Failure_Mode_and_Degradation_Analysis_of_a_Commercial_Sodium-Ion_Battery_With_Severe_Gassing_Issue/Standard cycling/DOD100_2C2C_25degC/CU_at_25degC/S2000FONCM_CU_at25degC_V12_5262.ird,DOD100_2C2C_25degC,CU,S2000FONCM,12,5262,25,15.266,100.0,2.0,2.0,25.0,177845.0,292546.702434845,1.0000016749836504,1.6449624526823787,1.4994292259216309,3.8001558780670166,2.920140027999878,0.5270755290985107,-2.400228500366211,2.4080307483673096,-0.03168708086013794,0.45008814334869385,24.881380081176758,27.299930572509766,25.278919219970703,0.32110556960105896,-0.7124499678611755,0.4799956977367401,1.1924456357955933,126.0,3.54128706532065,4.086210835558977,ok
/media/kabir/Research/Project/sodium battery /Data_Failure_Mode_and_Degradation_Analysis_of_a_Commercial_Sodium-Ion_Battery_With_Severe_Gassing_Issue/Standard cycling/DOD100_2C2C_25degC/CU_at_25degC/S2000FONCM_CU_at25degC_V14_5316.ird,DOD100_2C2C_25degC,CU,S2000FONCM,14,5316,25,15.13,100.0,2.0,2.0,25.0,176480.0,288689.358932586,1.0000016739941202,1.6358283927979305,1.4998105764389038,3.8001558780670166,2.9332590103149414,0.5105336904525757,-2.400106906890869,2.4078190326690674,-0.03133591264486313,0.45066025853157043,24.917869567871094,27.400720596313477,25.21247100830078,0.3638291358947754,-0.7014460563659668,0.46368589997291565,1.16513192653656,126.0,3.4634618765912517,4.0018498888861735,ok
/media/kabir/Research/Project/sodium battery /Data_Failure_Mode_and_Degradation_Analysis_of_a_Commercial_Sodium-Ion_Battery_With_Severe_Gassing_Issue/Standard cycling/DOD100_2C2C_25degC/CU_at_25degC/S2000FONCM_CU_at25degC_V16_5358.ird,DOD100_2C2C_25degC,CU,S2000FONCM,16,5358,25,14.954,100.0,2.0,2.0,25.0,174626.0,284287.152801881,1.0000016749836504,1.6279865586363982,1.4992386102676392,3.8001558780670166,2.946362257003784,0.4934151768684387,-2.4002020359039307,2.4080307483673096,-0.03262612968683243,0.44684547185897827,24.951330184936523,27.437379837036133,25.26504135131836,0.35481053590774536,-0.6887380480766296,0.4459386169910431,1.1346766948699951,126.0,3.371115503303912,3.900067509242764,ok
/media/kabir/Research/Project/sodium battery /Data_Failure_Mode_and_Degradation_Analysis_of_a_Commercial_Sodium-Ion_Battery_With_Severe_Gassing_Issue/Standard cycling/DOD100_2C2C_25degC/CU_at_25degC/S2000FONCM_CU_at25degC_V18_5388.ird,DOD100_2C2C_25degC,CU,S2000FONCM,18,5388,25,14.743,100.0,2.0,2.0,25.0,172390.0,279310.314950896,1.0000008399947546,1.6202328161941657,1.4992386102676392,3.8001558780670166,2.959712266921997,0.47435787320137024,-2.4002020359039307,2.4082422256469727,-0.03586410731077194,0.4377060532569885,25.0,27.62063980102539,25.293106079101562,0.37051162123680115,-0.6728911995887756,0.4276306629180908,1.1005218029022217,126.0,3.268280213660712,3.785111179289472,ok
/media/kabir/Research/Project/sodium battery /Data_Failure_Mode_and_Degradation_Analysis_of_a_Commercial_Sodium-Ion_Battery_With_Severe_Gassing_Issue/Standard cycling/DOD100_2C2C_25degC/Cycling_Periods/S2000FN8BU_CYC_at25degC_V01_4922.ird,DOD100_2C2C_25degC,CYC,S2000FN8BU,1,4922,25,9.888,100.0,2.0,2.0,25.0,111283.0,1141506.254589945,9.999999162042513,10.257779825937213,1.4973546266555786,3.8009772300720215,2.797743320465088,0.7291322946548462,-2.40010929107666,2.402815580368042,-0.006251237820833921,1.8924267292022705,24.753639221191406,31.54231071472168,27.85346794128418,2.147346258163452,-0.09868347644805908,1.1056467294692993,1.2043302059173584,1208.0,232.18367758229553,232.31236924753821,ok
/media/kabir/Research/Project/sodium battery /Data_Failure_Mode_and_Degradation_Analysis_of_a_Commercial_Sodium-Ion_Battery_With_Severe_Gassing_Issue/Standard cycling/DOD100_2C2C_25degC/Cycling_Periods/S2000FN8BU_CYC_at25degC_V03_4974.ird,DOD100_2C2C_25degC,CYC,S2000FN8BU,3,4974,25,10.036,100.0,2.0,2.0,25.0,113299.0,1187299.989285754,9.999999162042513,10.47944349667032,1.4977360963821411,3.806316614151001,2.7871012687683105,0.7258594036102295,-2.400130271911621,2.4037649631500244,-0.007298311218619347,1.8774116039276123,24.66543960571289,31.68337059020996,27.916597366333008,2.176614999771118,-0.09339548647403717,1.102028250694275,1.1954237222671509,1210.0,232.51082521733505,232.6361382435421,ok
/media/kabir/Research/Project/sodium battery /Data_Failure_Mode_and_Degradation_Analysis_of_a_Commercial_Sodium-Ion_Battery_With_Severe_Gassing_Issue/Standard cycling/DOD100_2C2C_25degC/Cycling_Periods/S2000FN8BU_CYC_at25degC_V05_5038.ird,DOD100_2C2C_25degC,CYC,S2000FN8BU,5,5038,25,10.055,100.0,2.0,2.0,25.0,113556.0,1189148.877852454,9.999999162042513,10.472008082888944,1.4977360963821411,3.8009772300720215,2.7885093688964844,0.724098265171051,-2.4001410007476807,2.402815580368042,-0.005994554143399,1.8727396726608276,24.668479919433594,31.7930908203125,28.028356552124023,2.1979856491088867,-0.09144030511379242,1.1035442352294922,1.1949845552444458,1208.0,232.18420184495415,232.2926870591597,ok
/media/kabir/Research/Project/sodium battery /Data_Failure_Mode_and_Degradation_Analysis_of_a_Commercial_Sodium-Ion_Battery_With_Severe_Gassing_Issue/Standard cycling/DOD100_2C2C_25degC/Cycling_Periods/S2000FN8BU_CYC_at25degC_V07_5105.ird,DOD100_2C2C_25degC,CYC,S2000FN8BU,7,5105,25,10.192,100.0,2.0,2.0,25.0,115221.0,1189405.5242888702,9.999999162042513,10.322908560049209,1.4977360963821411,3.8009772300720215,2.781590461730957,0.7255500555038452,-2.4001355171203613,2.4031319618225098,-0.006573115475475788,1.853314995765686,24.679119110107422,31.987449645996094,28.210134506225586,2.263542413711548,-0.0942457765340805,1.1055136919021606,1.1997594833374023,1208.0,230.78944991868894,230.88569603073216,ok
/media/kabir/Research/Project/sodium battery /Data_Failure_Mode_and_Degradation_Analysis_of_a_Commercial_Sodium-Ion_Battery_With_Severe_Gassing_Issue/Standard cycling/DOD100_2C2C_25degC/Cycling_Periods/S2000FN8BU_CYC_at25degC_V09_5171.ird,DOD100_2C2C_25degC,CYC,S2000FN8BU,9,5171,25,10.476,100.0,2.0,2.0,25.0,118768.0,1187895.8975208949,9.999999161984306,10.001902022623245,1.4977360963821411,3.8009772300720215,2.7612342834472656,0.7313082814216614,-2.4001777172088623,2.4038705825805664,-0.005912833381444216,1.8137983083724976,24.644149780273438,32.23509979248047,28.53460121154785,2.3493337631225586,-0.09352923929691315,1.0879178047180176,1.1814470291137695,1208.0,228.19520615137458,228.29955523311156,ok
/media/kabir/Research/Project/sodium battery /Data_Failure_Mode_and_Degradation_Analysis_of_a_Commercial_Sodium-Ion_Battery_With_Severe_Gassing_Issue/Standard cycling/DOD100_2C2C_25degC/Cycling_Periods/S2000FN8BU_CYC_at25degC_V11_5222.ird,DOD100_2C2C_25degC,CYC,S2000FN8BU,11,5222,25,10.935,100.0,2.0,2.0,25.0,124420.0,1185714.4888591531,9.999998323997715,9.530011403878452,1.4977360963821411,3.8007864952087402,2.7329468727111816,0.7378696203231812,-2.4002833366394043,2.4038705825805664,-0.00578552670776844,1.7568190097808838,24.73843002319336,32.611270904541016,28.888906478881836,2.4819488525390625,-0.09211833775043488,1.070170521736145,1.1622889041900635,1208.0,224.61381097358515,224.72344528205105,ok
/media/kabir/Research/Project/sodium battery /Data_Failure_Mode_and_Degradation_Analysis_of_a_Commercial_Sodium-Ion_Battery_With_Severe_Gassing_Issue/Standard cycling/DOD100_2C2C_25degC/Cycling_Periods/S2000FN8BU_CYC_at25degC_V13_5282.ird,DOD100_2C2C_25degC,CYC,S2000FN8BU,13,5282,25,11.279,100.0,2.0,2.0,25.0,128752.0,1181242.006506925,9.999998322993633,9.174623936955244,1.4977360963821411,3.8007864952087402,2.7191455364227295,0.7399036288261414,-2.4001777172088623,2.4038705825805664,-0.00572168780490756,1.7076247930526733,24.777969360351562,32.95296859741211,29.20839500427246,2.6184513568878174,-0.09347724169492722,1.058903455734253,1.1523807048797607,1208.0,219.99461397396763,220.10004111881892,ok
/media/kabir/Research/Project/sodium battery /Data_Failure_Mode_and_Degradation_Analysis_of_a_Commercial_Sodium-Ion_Battery_With_Severe_Gassing_Issue/Standard cycling/DOD100_2C2C_25degC/Cycling_Periods/S2000FN8BU_CYC_at25degC_V15_5327.ird,DOD100_2C2C_25degC,CYC,S2000FN8BU,15,5327,25,11.772,100.0,2.0,2.0,25.0,134869.0,1174037.298491322,9.999996648984961,8.705084219320536,1.4977360963821411,3.800595760345459,2.693425416946411,0.741447389125824,-2.400494337081909,2.4038705825805664,-0.005415370687842369,1.6466299295425415,24.631980895996094,33.398109436035156,29.629295349121094,2.795790195465088,-0.09101146459579468,1.038641095161438,1.129652500152588,1208.0,214.67716015739038,214.78841244068386,ok
/media/kabir/Research/Project/sodium battery /Data_Failure_Mode_and_Degradation_Analysis_of_a_Commercial_Sodium-Ion_Battery_With_Severe_Gassing_Issue/Standard cycling/DOD100_2C2C_25degC/Cycling_Periods/S2000FN8BU_CYC_at25degC_V17_5375.ird,DOD100_2C2C_25degC,CYC,S2000FN8BU,17,5375,25,12.166,100.0,2.0,2.0,25.0,139699.0,1163647.016469267,9.999979884014465,8.329732827021626,1.4977360963821411,3.8007864952087402,2.6792900562286377,0.737458348274231,-2.400146245956421,2.4040815830230713,-0.005298743024468422,1.5930389165878296,24.787099838256836,33.77742004394531,30.01381492614746,2.9498231410980225,-0.08761756122112274,1.0029305219650269,1.090548038482666,1208.0,208.46311699548522,208.5932944420647,ok
/media/kabir/Research/Project/sodium battery /Data_Failure_Mode_and_Degradation_Analysis_of_a_Commercial_Sodium-Ion_Battery_With_Severe_Gassing_Issue/Standard cycling/DOD100_2C2C_25degC/Cycling_Periods/S2000FN8BU_CYC_at25degC_V19_5398.ird,DOD100_2C2C_25degC,CYC,S2000FN8BU,19,5398,25,3.405,100.0,2.0,2.0,25.0,39788.0,341809.874575995,9.999979049011017,8.590993906954408,-6.2493391036987305,3.800595760345459,2.6440701484680176,0.7709779143333435,-2.4000723361968994,2.402815580368042,-0.0057410686276853085,1.5261237621307373,24.771879196166992,33.93415832519531,30.062644958496094,3.205258846282959,-0.08323077112436295,0.9520540237426758,1.0352847576141357,327.0,54.711368923273724,54.80672872369135,ok
/media/kabir/Research/Project/sodium battery /Data_Failure_Mode_and_Degradation_Analysis_of_a_Commercial_Sodium-Ion_Battery_With_Severe_Gassing_Issue/Standard cycling/DOD100_2C2C_25degC/Cycling_Periods/S2000FOCH9_CYC_at25degC_V01_4920.ird,DOD100_2C2C_25degC,CYC,S2000FOCH9,1,4920,25,9.897,100.0,2.0,2.0,25.0,111003.0,1142730.020218774,9.999999162042513,10.294679557294229,1.4973472356796265,3.8009583950042725,2.7996861934661865,0.7325961589813232,-2.4001476764678955,2.402900218963623,-0.007040652446448803,1.8919299840927124,24.659360885620117,32.12852096557617,28.195234298706055,2.333847761154175,-0.10176718235015869,1.0951874256134033,1.196954607963562,1208.0,231.48659632627422,231.6245554639197,ok
/media/kabir/Research/Project/sodium battery /Data_Failure_Mode_and_Degradation_Analysis_of_a_Commercial_Sodium-Ion_Battery_With_Severe_Gassing_Issue/Standard cycling/DOD100_2C2C_25degC/Cycling_Periods/S2000FOCH9_CYC_at25degC_V03_4967.ird,DOD100_2C2C_25degC,CYC,S2000FOCH9,3,4967,25,10.076,100.0,2.0,2.0,25.0,113433.0,1188794.14242192,9.999999162042513,10.480236109933001,1.497728705406189,3.8009583950042725,2.7858142852783203,0.7298359870910645,-2.4000895023345947,2.402900218963623,-0.0055619399063289165,1.8727548122406006,24.613740921020508,32.23823928833008,28.162904739379883,2.3410797119140625,-0.18158599734306335,1.0695059299468994,1.2510919570922852,1208.0,232.02819663016638,232.19345320889744,ok
/media/kabir/Research/Project/sodium battery /Data_Failure_Mode_and_Degradation_Analysis_of_a_Commercial_Sodium-Ion_Battery_With_Severe_Gassing_Issue/Standard cycling/DOD100_2C2C_25degC/Cycling_Periods/S2000FOCH9_CYC_at25degC_V05_5024.ird,DOD100_2C2C_25degC,CYC,S2000FOCH9,5,5024,25,10.067,100.0,2.0,2.0,25.0,113266.0,1190123.768620826,9.999999162042513,10.50742743672649,1.497728705406189,3.8009583950042725,2.7911694049835205,0.7259077429771423,-2.400115966796875,2.402900218963623,-0.006653591990470886,1.8730555772781372,24.735389709472656,32.50782012939453,28.31951904296875,2.3828511238098145,-0.0951111689209938,1.0790573358535767,1.1741684675216675,1208.0,231.67460471691632,231.80094705286217,ok
/media/kabir/Research/Project/sodium battery /Data_Failure_Mode_and_Degradation_Analysis_of_a_Commercial_Sodium-Ion_Battery_With_Severe_Gassing_Issue/Standard cycling/DOD100_2C2C_25degC/Cycling_Periods/S2000FOCH9_CYC_at25degC_V07_5063.ird,DOD100_2C2C_25degC,CYC,S2000FOCH9,7,5063,25,10.429,100.0,2.0,2.0,25.0,117706.0,1190179.8158592999,9.999999161998858,10.111548497169194,1.497728705406189,3.8009583950042725,2.760779619216919,0.7350608110427856,-2.4001529216766357,2.4042763710021973,-0.006003274116665125,1.8298149108886719,24.677600860595703,32.545448303222656,28.57183837890625,2.4431817531585693,-0.09238752722740173,1.0671231746673584,1.1595107316970825,1208.0,230.03922948483128,230.18586651557567,ok
/media/kabir/Research/Project/sodium battery /Data_Failure_Mode_and_Degradation_Analysis_of_a_Commercial_Sodium-Ion_Battery_With_Severe_Gassing_Issue/Standard cycling/DOD100_2C2C_25degC/Cycling_Periods/S2000FOCH9_CYC_at25degC_V09_5104.ird,DOD100_2C2C_25degC,CYC,S2000FOCH9,9,5104,25,10.579,100.0,2.0,2.0,25.0,119641.0,1187473.878650312,9.999999161984306,9.925391830912003,1.4975379705429077,3.8009583950042725,2.7583398818969727,0.7319870591163635,-2.4001636505126953,2.4045939445495605,-0.0061261034570634365,1.8027093410491943,24.671520233154297,32.909080505371094,28.891010284423828,2.5430731773376465,-0.09590796381235123,1.07383131980896,1.1697392463684082,1208.0,227.15381017072968,227.26202311794452,ok
/media/kabir/Research/Project/sodium battery /Data_Failure_Mode_and_Degradation_Analysis_of_a_Commercial_Sodium-Ion_Battery_With_Severe_Gassing_Issue/Standard cycling/DOD100_2C2C_25degC/Cycling_Periods/S2000FOCH9_CYC_at25degC_V11_5170.ird,DOD100_2C2C_25degC,CYC,S2000FOCH9,11,5170,25,11.032,100.0,2.0,2.0,25.0,125305.0,1183234.9172060739,9.999998322993633,9.442914170386212,1.4973472356796265,3.800767660140991,2.7300965785980225,0.7376839518547058,-2.400465250015259,2.4059700965881348,-0.0058885375037789345,1.7439284324645996,24.650230407714844,33.29779052734375,29.34536361694336,2.679391622543335,-0.09632231295108795,1.0491434335708618,1.1454657316207886,1208.0,223.001093798338,223.12163091128812,ok
/media/kabir/Research/Project/sodium battery /Data_Failure_Mode_and_Degradation_Analysis_of_a_Commercial_Sodium-Ion_Battery_With_Severe_Gassing_Issue/Standard cycling/DOD100_2C2C_25degC/Cycling_Periods/S2000FOCH9_CYC_at25degC_V13_5221.ird,DOD100_2C2C_25degC,CYC,S2000FOCH9,13,5221,25,11.558,100.0,2.0,2.0,25.0,131862.0,1177846.403388344,9.999997485021595,8.932484990924868,1.4975379705429077,3.800767660140991,2.7039639949798584,0.7402063012123108,-2.4003593921661377,2.4042763710021973,-0.005424058064818382,1.679179072380066,24.793180465698242,33.71628189086914,29.760421752929688,2.835014820098877,-0.09352747350931168,1.0226150751113892,1.1161425113677979,1208.0,218.00375160374827,218.13739503680927,ok
/media/kabir/Research/Project/sodium battery /Data_Failure_Mode_and_Degradation_Analysis_of_a_Commercial_Sodium-Ion_Battery_With_Severe_Gassing_Issue/Standard cycling/DOD100_2C2C_25degC/Cycling_Periods/S2000FOCH9_CYC_at25degC_V15_5281.ird,DOD100_2C2C_25degC,CYC,S2000FOCH9,15,5281,25,11.945,100.0,2.0,2.0,25.0,136613.0,1168493.341169675,9.999994133017026,8.553372625901641,1.4975379705429077,3.800767660140991,2.689429759979248,0.7365908622741699,-2.4001476764678955,2.403747081756592,-0.005351043306291103,1.6262038946151733,24.80838966369629,34.119110107421875,30.12700653076172,2.988769054412842,-0.0937419980764389,1.0075422525405884,1.1012842655181885,1208.0,212.18151907513655,212.31359043070435,ok
/media/kabir/Research/Project/sodium battery /Data_Failure_Mode_and_Degradation_Analysis_of_a_Commercial_Sodium-Ion_Battery_With_Severe_Gassing_Issue/Standard cycling/DOD100_2C2C_25degC/Cycling_Periods/S2000FOCH9_CYC_at25degC_V17_5326.ird,DOD100_2C2C_25degC,CYC,S2000FOCH9,17,5326,25,12.476,100.0,2.0,2.0,25.0,143324.0,1155866.50840086,9.99997234204784,8.064766355720018,1.497728705406189,3.800577163696289,2.6654484272003174,0.7324727773666382,-2.4001476764678955,2.4036412239074707,-0.005146523006260395,1.5610567331314087,24.689769744873047,34.65829849243164,30.581096649169922,3.1488115787506104,-0.08963155001401901,0.9761232733726501,1.065754771232605,1208.0,205.45733486202292,205.6085395594071,ok
/media/kabir/Research/Project/sodium battery /Data_Failure_Mode_and_Degradation_Analysis_of_a_Commercial_Sodium-Ion_Battery_With_Severe_Gassing_Issue/Standard cycling/DOD100_2C2C_25degC/Cycling_Periods/S2000FOCH9_CYC_at25degC_V19_5372.ird,DOD100_2C2C_25degC,CYC,S2000FOCH9,19,5372,25,10.955,100.0,2.0,2.0,25.0,126851.0,974914.364085362,9.999907808029093,7.685568498899188,-0.45366647839546204,6.2477827072143555,2.6499617099761963,0.7272836565971375,-2.408405065536499,2.403006076812744,-0.0062649124301970005,1.5036115646362305,24.8175106048584,35.069068908691406,31.005645751953125,3.3221018314361572,-0.08580543100833893,0.9512526392936707,1.0370581150054932,1031.0,168.66451562615396,169.2402646665706,ok
/media/kabir/Research/Project/sodium battery /Data_Failure_Mode_and_Degradation_Analysis_of_a_Commercial_Sodium-Ion_Battery_With_Severe_Gassing_Issue/Standard cycling/DOD100_2C2C_25degC/Cycling_Periods/S2000FONCM_CYC_at25degC_V01_4923.ird,DOD100_2C2C_25degC,CYC,S2000FONCM,1,4923,25,9.959,100.0,2.0,2.0,25.0,111760.0,1144958.023193195,9.999999162042513,10.244884288452786,1.4975223541259766,3.8009188175201416,2.7951464653015137,0.7305392622947693,-2.4001758098602295,2.4051742553710938,-0.005897824652493,1.893447756767273,24.805339813232422,32.13792037963867,28.197566986083984,2.302271604537964,-0.10292237251996994,1.0984259843826294,1.2013483047485352,1208.0,233.45165409383085,233.5899100474247,ok
/media/kabir/Research/Project/sodium battery /Data_Failure_Mode_and_Degradation_Analysis_of_a_Commercial_Sodium-Ion_Battery_With_Severe_Gassing_Issue/Standard cycling/DOD100_2C2C_25degC/Cycling_Periods/S2000FONCM_CYC_at25degC_V03_4975.ird,DOD100_2C2C_25degC,CYC,S2000FONCM,3,4975,25,10.091,100.0,2.0,2.0,25.0,113803.0,1191233.6406225432,9.999999162042513,10.467598465954403,1.4975223541259766,3.809309244155884,2.786571979522705,0.7263695597648621,-2.40018630027771,2.4048569202423096,-0.004778662696480751,1.8761646747589111,24.777969360351562,32.36050033569336,28.301040649414062,2.3426663875579834,-0.10365305095911026,1.07442307472229,1.178076148033142,1208.0,233.6393816057372,233.79552680846507,ok
/media/kabir/Research/Project/sodium battery /Data_Failure_Mode_and_Degradation_Analysis_of_a_Commercial_Sodium-Ion_Battery_With_Severe_Gassing_Issue/Standard cycling/DOD100_2C2C_25degC/Cycling_Periods/S2000FONCM_CYC_at25degC_V05_5039.ird,DOD100_2C2C_25degC,CYC,S2000FONCM,5,5039,25,10.159,100.0,2.0,2.0,25.0,114377.0,1192951.004330459,9.999999162042513,10.430081523487962,1.4977129697799683,3.8009188175201416,2.7861266136169434,0.7257774472236633,-2.400101661682129,2.4051742553710938,-0.006585814990103245,1.8693825006484985,24.723230361938477,32.494239807128906,28.45325469970703,2.381338596343994,-0.09762150049209595,1.073746681213379,1.17136812210083,1208.0,232.98125483089376,233.1304378325621,ok
/media/kabir/Research/Project/sodium battery /Data_Failure_Mode_and_Degradation_Analysis_of_a_Commercial_Sodium-Ion_Battery_With_Severe_Gassing_Issue/Standard cycling/DOD100_2C2C_25degC/Cycling_Periods/S2000FONCM_CYC_at25degC_V07_5106.ird,DOD100_2C2C_25degC,CYC,S2000FONCM,7,5106,25,10.343,100.0,2.0,2.0,25.0,116646.0,1192900.2516049722,9.999999162042513,10.226758554631337,1.4979037046432495,3.8009188175201416,2.7765538692474365,0.7276270389556885,-2.4001333713531494,2.4048569202423096,-0.006307356059551239,1.842875361442566,24.823589324951172,32.7930908203125,28.67174530029297,2.4548261165618896,-0.09906556457281113,1.0642027854919434,1.1632683277130127,1208.0,231.15383415455426,231.30539179073332,ok
/media/kabir/Research/Project/sodium battery /Data_Failure_Mode_and_Degradation_Analysis_of_a_Commercial_Sodium-Ion_Battery_With_Severe_Gassing_Issue/Standard cycling/DOD100_2C2C_25degC/Cycling_Periods/S2000FONCM_CYC_at25degC_V09_5172.ird,DOD100_2C2C_25degC,CYC,S2000FONCM,9,5172,25,10.669,100.0,2.0,2.0,25.0,120692.0,1191109.757693731,9.999999161926098,9.8690851653705,1.4977129697799683,3.8009188175201416,2.754342555999756,0.7337861657142639,-2.4001545906066895,2.405491828918457,-0.005972521845251322,1.7987548112869263,24.811420440673828,33.12223815917969,29.0474910736084,2.5923242568969727,-0.0971117839217186,1.0539923906326294,1.151104211807251,1208.0,228.19213786638352,228.34849840923513,ok
/media/kabir/Research/Project/sodium battery /Data_Failure_Mode_and_Degradation_Analysis_of_a_Commercial_Sodium-Ion_Battery_With_Severe_Gassing_Issue/Standard cycling/DOD100_2C2C_25degC/Cycling_Periods/S2000FONCM_CYC_at25degC_V11_5223.ird,DOD100_2C2C_25degC,CYC,S2000FONCM,11,5223,25,11.141,100.0,2.0,2.0,25.0,126556.0,1188649.7295814438,9.999998323968612,9.392356916608938,1.4979037046432495,3.8007280826568604,2.727515459060669,0.7396650314331055,-2.4002020359039307,2.4062323570251465,-0.005924560595303774,1.7404390573501587,24.90266990661621,33.48902130126953,29.434965133666992,2.7413244247436523,-0.09490526467561722,1.0380209684371948,1.1329262256622314,1208.0,224.36967053244737,224.52903734363127,ok
/media/kabir/Research/Project/sodium battery /Data_Failure_Mode_and_Degradation_Analysis_of_a_Commercial_Sodium-Ion_Battery_With_Severe_Gassing_Issue/Standard cycling/DOD100_2C2C_25degC/Cycling_Periods/S2000FONCM_CYC_at25degC_V13_5283.ird,DOD100_2C2C_25degC,CYC,S2000FONCM,13,5283,25,11.469,100.0,2.0,2.0,25.0,130632.0,1183318.800687191,9.999998322979081,9.058483826099403,1.4979037046432495,3.8007280826568604,2.7150075435638428,0.7403975129127502,-2.4002020359039307,2.4067611694335938,-0.0055541954934597015,1.6930432319641113,24.978700637817383,33.88713836669922,29.77849769592285,2.89338755607605,-0.09246539324522018,1.015476942062378,1.1079423427581787,1208.0,219.58777096295654,219.74203086976212,ok
/media/kabir/Research/Project/sodium battery /Data_Failure_Mode_and_Degradation_Analysis_of_a_Commercial_Sodium-Ion_Battery_With_Severe_Gassing_Issue/Standard cycling/DOD100_2C2C_25degC/Cycling_Periods/S2000FONCM_CYC_at25degC_V15_5328.ird,DOD100_2C2C_25degC,CYC,S2000FONCM,15,5328,25,11.957,100.0,2.0,2.0,25.0,136629.0,1175077.3514280189,9.999995805992512,8.600560290921473,1.4979037046432495,3.8007280826568604,2.6903023719787598,0.7407893538475037,-2.4002020359039307,2.405491828918457,-0.005512232892215252,1.6333370208740234,24.80838966369629,34.27272033691406,30.198884963989258,3.072343111038208,-0.08998837321996689,0.9932249784469604,1.0832133293151855,1208.0,214.07335117626334,214.25150158752515,ok
/media/kabir/Research/Project/sodium battery /Data_Failure_Mode_and_Degradation_Analysis_of_a_Commercial_Sodium-Ion_Battery_With_Severe_Gassing_Issue/Standard cycling/DOD100_2C2C_25degC/Cycling_Periods/S2000FONCM_CYC_at25degC_V17_5374.ird,DOD100_2C2C_25degC,CYC,S2000FONCM,17,5374,25,12.313,100.0,2.0,2.0,25.0,141211.0,1163105.098045388,9.999976532039,8.236704893742568,1.4979037046432495,3.800537347793579,2.6766879558563232,0.7358664274215698,-2.40017032623291,2.405491828918457,-0.005218535661697388,1.581335186958313,24.981740951538086,34.8432502746582,30.64803695678711,3.2337589263916016,-0.08722231537103653,0.986453115940094,1.0736753940582275,1208.0,207.73149148841,207.88085193188655,ok
/media/kabir/Research/Project/sodium battery /Data_Failure_Mode_and_Degradation_Analysis_of_a_Commercial_Sodium-Ion_Battery_With_Severe_Gassing_Issue/Standard cycling/DOD100_2C2C_25degC/Cycling_Periods/S2000FONCM_CYC_at25degC_V19_5399.ird,DOD100_2C2C_25degC,CYC,S2000FONCM,19,5399,25,7.154,100.0,2.0,2.0,25.0,82939.0,664924.517588315,9.999967313022353,8.0171274637478,0.5068654417991638,3.800537347793579,2.655803680419922,0.7358778119087219,-2.4001333713531494,2.4065496921539307,-0.006641326006501913,1.5249985456466675,24.987829208374023,34.987449645996094,30.931808471679688,3.4126477241516113,-0.08287270367145538,0.9398798942565918,1.0227526426315308,681.0,113.49849311236432,113.95257727850966,ok
/media/kabir/Research/Project/sodium battery /Data_Failure_Mode_and_Degradation_Analysis_of_a_Commercial_Sodium-Ion_Battery_With_Severe_Gassing_Issue/Standard cycling/DOD100_2C2C_40degC/CU_at_25degC/S2000FLYO2_CU_at25degC_V00_4907.ird,DOD100_2C2C_40degC,CU,S2000FLYO2,0,4907,25,15.399,100.0,2.0,2.0,40.0,179372.0,298326.750973247,1.000001674023224,1.6631827384206312,1.4997146129608154,3.8002941608428955,2.9108450412750244,0.5810664296150208,-2.4001047611236572,2.4041740894317627,-0.030601438134908676,0.4490610659122467,23.640499114990234,27.117679595947266,25.451011657714844,0.2358645647764206,-0.6459981799125671,0.5916461944580078,1.2376444339752197,126.0,3.6691517016833517,4.138480030276305,ok
/media/kabir/Research/Project/sodium battery /Data_Failure_Mode_and_Degradation_Analysis_of_a_Commercial_Sodium-Ion_Battery_With_Severe_Gassing_Issue/Standard cycling/DOD100_2C2C_40degC/CU_at_25degC/S2000FLYO2_CU_at25degC_V02_4964.ird,DOD100_2C2C_40degC,CU,S2000FLYO2,2,4964,25,15.531,100.0,2.0,2.0,40.0,180412.0,300489.250365638,1.0000008399947546,1.6655816461614756,1.4991426467895508,3.8002941608428955,2.8919167518615723,0.5771531462669373,-2.4001574516296387,2.405125379562378,-0.03186703473329544,0.4488956928253174,23.497560501098633,27.10750961303711,25.456890106201172,0.2435024082660675,-0.7137596011161804,0.5377167463302612,1.2514762878417969,126.0,3.7008167301215806,4.233485249311643,ok
/media/kabir/Research/Project/sodium battery /Data_Failure_Mode_and_Degradation_Analysis_of_a_Commercial_Sodium-Ion_Battery_With_Severe_Gassing_Issue/Standard cycling/DOD100_2C2C_40degC/CU_at_25degC/S2000FLYO2_CU_at25degC_V04_5030.ird,DOD100_2C2C_40degC,CU,S2000FLYO2,4,5030,25,15.468,100.0,2.0,2.0,40.0,179805.0,298637.648123717,1.0000016780104488,1.660906587860765,1.4997146129608154,3.8002941608428955,2.8915836811065674,0.5658105611801147,-2.4001574516296387,2.405336618423462,-0.03206667676568031,0.44940343499183655,25.06414031982422,32.194339752197266,25.468835830688477,0.25941020250320435,-0.7194718718528748,0.5171132683753967,1.2365851402282715,126.0,3.6686042109307255,4.213095759124493,ok
/media/kabir/Research/Project/sodium battery /Data_Failure_Mode_and_Degradation_Analysis_of_a_Commercial_Sodium-Ion_Battery_With_Severe_Gassing_Issue/Standard cycling/DOD100_2C2C_40degC/CU_at_25degC/S2000FLYO2_CU_at25degC_V06_5120.ird,DOD100_2C2C_40degC,CU,S2000FLYO2,6,5120,25,15.264,100.0,2.0,2.0,40.0,177600.0,292865.367709998,1.0000016749836504,1.6490259951350963,1.4991426467895508,3.8002941608428955,2.9087772369384766,0.543531596660614,-2.4001574516296387,2.405759572982788,-0.031486641615629196,0.4504132866859436,25.109949111938477,34.57992935180664,25.468294143676758,0.2729707658290863,-0.6974949836730957,0.4981478750705719,1.1956428289413452,126.0,3.553031238977719,4.082290624631024,ok
/media/kabir/Research/Project/sodium battery /Data_Failure_Mode_and_Degradation_Analysis_of_a_Commercial_Sodium-Ion_Battery_With_Severe_Gassing_Issue/Standard cycling/DOD100_2C2C_40degC/CU_at_25degC/S2000FLYO2_CU_at25degC_V08_5164.ird,DOD100_2C2C_40degC,CU,S2000FLYO2,8,5164,25,15.048,100.0,2.0,2.0,40.0,175335.0,286711.221391715,1.0000016750000214,1.6352288853942476,1.4989519119262695,3.8001034259796143,2.9361307621002197,0.5096679329872131,-2.4001574516296387,2.405759572982788,-0.030907299369573593,0.4514448940753937,25.1527099609375,33.35108947753906,25.479097366333008,0.2831365168094635,-0.6758006811141968,0.4762064516544342,1.1520071029663086,126.0,3.4315357444061125,3.946449995707069,ok
/media/kabir/Research/Project/sodium battery /Data_Failure_Mode_and_Degradation_Analysis_of_a_Commercial_Sodium-Ion_Battery_With_Severe_Gassing_Issue/Standard cycling/DOD100_2C2C_40degC/CU_at_25degC/S2000FMG4P_CU_at25degC_V00_4909.ird,DOD100_2C2C_40degC,CU,S2000FMG4P,0,4909,25,15.458,100.0,2.0,2.0,40.0,180389.0,300927.768666315,1.000001678999979,1.668224985399888,1.4995120763778687,3.800365924835205,2.910841226577759,0.5806466937065125,-2.4001262187957764,2.4057819843292236,-0.03073953092098236,0.4484407305717468,24.701940536499023,26.8662109375,25.518518447875977,0.17592014372348785,-0.6538546681404114,0.6026848554611206,1.2565395832061768,126.0,3.7174260569865774,4.189214151966919,ok
/media/kabir/Research/Project/sodium battery /Data_Failure_Mode_and_Degradation_Analysis_of_a_Commercial_Sodium-Ion_Battery_With_Severe_Gassing_Issue/Standard cycling/DOD100_2C2C_40degC/CU_at_25degC/S2000FMG4P_CU_at25degC_V02_4966.ird,DOD100_2C2C_40degC,CU,S2000FMG4P,2,4966,25,15.564,100.0,2.0,2.0,40.0,181138.0,302389.511673248,1.0000008399947546,1.6693967089730315,1.4998934268951416,3.800365924835205,2.89430570602417,0.575274646282196,-2.4000768661499023,2.4057819843292236,-0.031919900327920914,0.44839534163475037,23.61920928955078,26.878419876098633,25.511762619018555,0.1869247853755951,-0.7166046500205994,0.5487919449806213,1.2653965950012207,126.0,3.736570625233186,4.266683272177824,ok
/media/kabir/Research/Project/sodium battery /Data_Failure_Mode_and_Degradation_Analysis_of_a_Commercial_Sodium-Ion_Battery_With_Severe_Gassing_Issue/Standard cycling/DOD100_2C2C_40degC/CU_at_25degC/S2000FMG4P_CU_at25degC_V04_5034.ird,DOD100_2C2C_40degC,CU,S2000FMG4P,4,5034,25,15.518,100.0,2.0,2.0,40.0,180504.0,300417.234910301,1.000003352004569,1.664333750188645,1.4995120763778687,3.800365924835205,2.8937199115753174,0.5645618438720703,-2.400242805480957,2.4060988426208496,-0.0320952907204628,0.4489097595214844,25.210739135742188,29.07451057434082,25.524669647216797,0.1827201396226883,-0.7240473031997681,0.5256097912788391,1.249657154083252,126.0,3.699483526135917,4.243639048096084,ok
/media/kabir/Research/Project/sodium battery /Data_Failure_Mode_and_Degradation_Analysis_of_a_Commercial_Sodium-Ion_Battery_With_Severe_Gassing_Issue/Standard cycling/DOD100_2C2C_40degC/CU_at_25degC/S2000FMG4P_CU_at25degC_V06_5122.ird,DOD100_2C2C_40degC,CU,S2000FMG4P,6,5122,25,15.317,100.0,2.0,2.0,40.0,178407.0,294889.295157671,1.0000016780104488,1.6529113099204678,1.4995120763778687,3.800365924835205,2.9066836833953857,0.5462585687637329,-2.4000768661499023,2.4058876037597656,-0.03160351142287254,0.449905127286911,25.155759811401367,32.52349853515625,25.51394271850586,0.19590434432029724,-0.7045961618423462,0.5056952834129333,1.2102913856506348,126.0,3.5901249821867465,4.122323271389603,ok
/media/kabir/Research/Project/sodium battery /Data_Failure_Mode_and_Degradation_Analysis_of_a_Commercial_Sodium-Ion_Battery_With_Severe_Gassing_Issue/Standard cycling/DOD100_2C2C_40degC/CU_at_25degC/S2000FMG4P_CU_at25degC_V08_5166.ird,DOD100_2C2C_40degC,CU,S2000FMG4P,8,5166,25,15.127,100.0,2.0,2.0,40.0,176329.0,289099.218695576,1.0000016749982024,1.6395536653031624,1.49970281124115,3.800365924835205,2.928900957107544,0.5171424150466919,-2.4001598358154297,2.4058876037597656,-0.031207825988531113,0.4509163498878479,25.23213005065918,31.52140998840332,25.52443504333496,0.20308709144592285,-0.6898645758628845,0.47926491498947144,1.169129490852356,126.0,3.4763388615689044,4.002862206137757,ok
/media/kabir/Research/Project/sodium battery /Data_Failure_Mode_and_Degradation_Analysis_of_a_Commercial_Sodium-Ion_Battery_With_Severe_Gassing_Issue/Standard cycling/DOD100_2C2C_40degC/CU_at_25degC/S2000FN3JX_CU_at25degC_V00_4908.ird,DOD100_2C2C_40degC,CU,S2000FN3JX,0,4908,25,15.419,100.0,2.0,2.0,40.0,179865.0,299657.400465366,1.000001677981345,1.6660221081782125,1.49952232837677,3.8004674911499023,2.908446788787842,0.5823034644126892,-2.4001986980438232,2.4056503772735596,-0.03050599806010723,0.44871100783348083,23.422529220581055,27.049470901489258,25.37259864807129,0.2371111512184143,-0.6395413279533386,0.6083534359931946,1.2478947639465332,126.0,3.6963095433832005,4.157650114383707,ok
/media/kabir/Research/Project/sodium battery /Data_Failure_Mode_and_Degradation_Analysis_of_a_Commercial_Sodium-Ion_Battery_With_Severe_Gassing_Issue/Standard cycling/DOD100_2C2C_40degC/CU_at_25degC/S2000FN3JX_CU_at25degC_V02_4965.ird,DOD100_2C2C_40degC,CU,S2000FN3JX,2,4965,25,15.502,100.0,2.0,2.0,40.0,180508.0,300828.092316559,1.0000008399947546,1.6665729989228062,1.4999035596847534,3.8004674911499023,2.893230676651001,0.5767198204994202,-2.4002270698547363,2.4056503772735596,-0.031766626983881,0.44876566529273987,23.537599563598633,27.043359756469727,25.401214599609375,0.23747675120830536,-0.710114061832428,0.5444404482841492,1.2545545101165771,126.0,3.706842612787228,4.233762782129124,ok
/media/kabir/Research/Project/sodium battery /Data_Failure_Mode_and_Degradation_Analysis_of_a_Commercial_Sodium-Ion_Battery_With_Severe_Gassing_Issue/Standard cycling/DOD100_2C2C_40degC/CU_at_25degC/S2000FN3JX_CU_at25degC_V04_5031.ird,DOD100_2C2C_40degC,CU,S2000FN3JX,4,5031,25,15.477,100.0,2.0,2.0,40.0,179955.0,299308.26368382096,1.000001678999979,1.6632487395880111,1.4999035596847534,3.8004674911499023,2.8948233127593994,0.565487265586853,-2.400186777114868,2.4054388999938965,-0.03169916197657585,0.44911423325538635,25.02747917175293,31.711580276489258,25.406171798706055,0.2657430171966553,-0.6861352920532227,0.5529294013977051,1.2390646934509277,126.0,3.6967835114221805,4.203281363125508,ok
/media/kabir/Research/Project/sodium battery /Data_Failure_Mode_and_Degradation_Analysis_of_a_Commercial_Sodium-Ion_Battery_With_Severe_Gassing_Issue/Standard cycling/DOD100_2C2C_40degC/CU_at_25degC/S2000FN3JX_CU_at25degC_V06_5121.ird,DOD100_2C2C_40degC,CU,S2000FN3JX,6,5121,25,15.266,100.0,2.0,2.0,40.0,177922.0,293653.02283077204,1.0000016739941202,1.6504685946615183,1.4993317127227783,3.8004674911499023,2.9072582721710205,0.547658383846283,-2.4002010822296143,2.4056503772735596,-0.03123685158789158,0.4501209259033203,25.079410552978516,34.033939361572266,25.414234161376953,0.2726786136627197,-0.6863234043121338,0.5138497948646545,1.2001731395721436,126.0,3.5716224150307925,4.086935461698638,ok
/media/kabir/Research/Project/sodium battery /Data_Failure_Mode_and_Degradation_Analysis_of_a_Commercial_Sodium-Ion_Battery_With_Severe_Gassing_Issue/Standard cycling/DOD100_2C2C_40degC/CU_at_25degC/S2000FN3JX_CU_at25degC_V08_5165.ird,DOD100_2C2C_40degC,CU,S2000FN3JX,8,5165,25,15.081,100.0,2.0,2.0,40.0,175807.0,287841.534520504,1.0000016749836504,1.6372679801628158,1.4993317127227783,3.8004674911499023,2.9296681880950928,0.5179595947265625,-2.4001364707946777,2.4056503772735596,-0.030886981636285782,0.45114511251449585,25.106889724731445,33.233001708984375,25.423250198364258,0.2781188488006592,-0.6753404140472412,0.48407766222953796,1.1594181060791016,126.0,3.4545808487344996,3.967160499716229,ok
/media/kabir/Research/Project/sodium battery /Data_Failure_Mode_and_Degradation_Analysis_of_a_Commercial_Sodium-Ion_Battery_With_Severe_Gassing_Issue/Standard cycling/DOD100_2C2C_40degC/Cycling_Periods/S2000FLYO2_CYC_at40degC_V01_4932.ird,DOD100_2C2C_40degC,CYC,S2000FLYO2,1,4932,40,9.61,100.0,2.0,2.0,40.0,107528.0,1150566.889585561,9.999999997002305,10.700260302859384,1.4976190328598022,3.8011786937713623,2.780301809310913,0.7400423288345337,-2.400129556655884,2.403355836868286,-0.00698537053540349,1.963890552520752,37.90129852294922,48.59708023071289,44.32371520996094,2.3726799488067627,-0.1387636363506317,1.1203757524490356,1.2591394186019897,1208.0,240.78148412390095,240.88177413277816,ok
/media/kabir/Research/Project/sodium battery /Data_Failure_Mode_and_Degradation_Analysis_of_a_Commercial_Sodium-Ion_Battery_With_Severe_Gassing_Issue/Standard cycling/DOD100_2C2C_40degC/Cycling_Periods/S2000FLYO2_CYC_at40degC_V03_4987.ird,DOD100_2C2C_40degC,CYC,S2000FLYO2,3,4987,40,9.83,100.0,2.0,2.0,40.0,110603.0,1195611.069570422,9.999999997002305,10.81003118904199,1.4978097677230835,3.8011786937713623,2.75923490524292,0.7381258010864258,-2.400177240371704,2.4051568508148193,-0.006682479754090309,1.9353772401809692,26.49662971496582,49.35396957397461,44.673301696777344,2.665081024169922,-0.1516178399324417,1.0890859365463257,1.240703821182251,1208.0,240.58018910766202,240.6878242352665,ok
/media/kabir/Research/Project/sodium battery /Data_Failure_Mode_and_Degradation_Analysis_of_a_Commercial_Sodium-Ion_Battery_With_Severe_Gassing_Issue/Standard cycling/DOD100_2C2C_40degC/Cycling_Periods/S2000FLYO2_CYC_at40degC_V05_5046.ird,DOD100_2C2C_40degC,CYC,S2000FLYO2,5,5046,40,10.256,100.0,2.0,2.0,40.0,115888.0,1185608.814885403,9.999999162042513,10.230731789462174,1.4974281787872314,3.800987958908081,2.722416877746582,0.7410343289375305,-2.4001243114471436,2.403143882751465,-0.006269560661166906,1.8704893589019775,33.614410400390625,49.11249923706055,44.867958068847656,2.6664328575134277,-0.1337931752204895,1.094050407409668,1.2278435230255127,1208.0,235.63720687820702,235.72715762287103,ok
/media/kabir/Research/Project/sodium battery /Data_Failure_Mode_and_Degradation_Analysis_of_a_Commercial_Sodium-Ion_Battery_With_Severe_Gassing_Issue/Standard cycling/DOD100_2C2C_40degC/Cycling_Periods/S2000FLYO2_CYC_at40degC_V07_5132.ird,DOD100_2C2C_40degC,CYC,S2000FLYO2,7,5132,40,10.848,100.0,2.0,2.0,40.0,123422.0,1167307.288549776,9.999998322979081,9.457930891418608,1.4974281787872314,3.800987958908081,2.6777846813201904,0.7415360808372498,-2.400177240371704,2.4046270847320557,-0.0060028452426195145,1.7798140048980713,28.643850326538086,49.17047882080078,45.291255950927734,2.6878864765167236,-0.13185913860797882,1.0554308891296387,1.187290072441101,1208.0,227.40920656478707,227.51878610758752,ok
/media/kabir/Research/Project/sodium battery /Data_Failure_Mode_and_Degradation_Analysis_of_a_Commercial_Sodium-Ion_Battery_With_Severe_Gassing_Issue/Standard cycling/DOD100_2C2C_40degC/Cycling_Periods/S2000FLYO2_CYC_at40degC_V09_5176.ird,DOD100_2C2C_40degC,CYC,S2000FLYO2,9,5176,40,13.961,100.0,2.0,2.0,40.0,173004.0,621042.182929396,0.3199257430387661,3.589776957216904,-6.2504754066467285,6.25066614151001,2.3729593753814697,0.6938580274581909,-2.4001190662384033,2.40240216255188,-0.000929828907828778,0.78733229637146,26.44470977783203,49.21635055541992,42.36738586425781,1.9923861026763916,-0.12472303956747055,0.9991723299026489,1.1238954067230225,1208.0,62.700224208646205,62.615715824061446,ok
/media/kabir/Research/Project/sodium battery /Data_Failure_Mode_and_Degradation_Analysis_of_a_Commercial_Sodium-Ion_Battery_With_Severe_Gassing_Issue/Standard cycling/DOD100_2C2C_40degC/Cycling_Periods/S2000FMG4P_CYC_at40degC_V01_4934.ird,DOD100_2C2C_40degC,CYC,S2000FMG4P,1,4934,40,9.727,100.0,2.0,2.0,40.0,109006.0,1158162.1412157041,9.999999996973202,10.624853366503409,1.4978059530258179,3.8011834621429443,2.77563214302063,0.7386897802352905,-2.4141669273376465,2.410355567932129,-0.007031725253909826,1.9624804258346558,37.404598236083984,48.07337951660156,43.76345443725586,2.407715082168579,-0.1410742998123169,1.0968639850616455,1.2379382848739624,1208.0,243.65358816028973,243.78326772188768,ok
/media/kabir/Research/Project/sodium battery /Data_Failure_Mode_and_Degradation_Analysis_of_a_Commercial_Sodium-Ion_Battery_With_Severe_Gassing_Issue/Standard cycling/DOD100_2C2C_40degC/Cycling_Periods/S2000FMG4P_CYC_at40degC_V03_4989.ird,DOD100_2C2C_40degC,CYC,S2000FMG4P,3,4989,40,9.962,100.0,2.0,2.0,40.0,112058.0,1202237.692977665,9.999999996973202,10.728804920510678,1.4978059530258179,3.8011834621429443,2.7537927627563477,0.7366948127746582,-2.4133200645446777,2.4096145629882812,-0.006618228275328875,1.9327586889266968,27.48012924194336,48.66590118408203,43.98444366455078,2.494645595550537,-0.19488224387168884,1.0736422538757324,1.2685245275497437,1208.0,243.03891849397365,243.18365137157645,ok
/media/kabir/Research/Project/sodium battery /Data_Failure_Mode_and_Degradation_Analysis_of_a_Commercial_Sodium-Ion_Battery_With_Severe_Gassing_Issue/Standard cycling/DOD100_2C2C_40degC/Cycling_Periods/S2000FMG4P_CYC_at40degC_V05_5048.ird,DOD100_2C2C_40degC,CYC,S2000FMG4P,5,5048,40,10.356,100.0,2.0,2.0,40.0,117212.0,1192561.212870662,9.99999916201341,10.174482027033829,1.4974243640899658,3.8011834621429443,2.7194972038269043,0.7403005361557007,-2.4121553897857666,2.4087674617767334,-0.006292541511356831,1.8695800304412842,32.758609771728516,48.662071228027344,44.2786750793457,2.596390962600708,-0.1397486925125122,1.0674736499786377,1.20722234249115,1208.0,238.04753705524138,238.18080721955744,ok
/media/kabir/Research/Project/sodium battery /Data_Failure_Mode_and_Degradation_Analysis_of_a_Commercial_Sodium-Ion_Battery_With_Severe_Gassing_Issue/Standard cycling/DOD100_2C2C_40degC/Cycling_Periods/S2000FMG4P_CYC_at40degC_V07_5134.ird,DOD100_2C2C_40degC,CYC,S2000FMG4P,7,5134,40,10.879,100.0,2.0,2.0,40.0,123945.0,1174978.698306109,9.999998322993633,9.479915916108155,1.4976152181625366,3.800992727279663,2.6796112060546875,0.741614043712616,-2.411414384841919,2.4088733196258545,-0.006021768320351839,1.7859994173049927,27.72702980041504,48.84938049316406,44.81454849243164,2.6796281337738037,-0.1348143070936203,1.0386844873428345,1.1734987497329712,1208.0,229.93723398659753,230.08088014495758,ok
/media/kabir/Research/Project/sodium battery /Data_Failure_Mode_and_Degradation_Analysis_of_a_Commercial_Sodium-Ion_Battery_With_Severe_Gassing_Issue/Standard cycling/DOD100_2C2C_40degC/Cycling_Periods/S2000FMG4P_CYC_at40degC_V09_5178.ird,DOD100_2C2C_40degC,CYC,S2000FMG4P,9,5178,40,7.373,100.0,2.0,2.0,40.0,84998.0,767594.032575808,9.999996648984961,9.030836765718885,-6.252433776855469,3.800992727279663,2.6480472087860107,0.7417580485343933,-2.4099321365356445,2.4101438522338867,-0.0065038022585213184,1.711835503578186,27.622669219970703,48.78438949584961,44.95631790161133,2.7646589279174805,-0.12519901990890503,1.0062505006790161,1.1314494609832764,789.0,144.91689665663435,145.21958755642513,ok
/media/kabir/Research/Project/sodium battery /Data_Failure_Mode_and_Degradation_Analysis_of_a_Commercial_Sodium-Ion_Battery_With_Severe_Gassing_Issue/Standard cycling/DOD100_2C2C_40degC/Cycling_Periods/S2000FN3JX_CYC_at40degC_V01_4933.ird,DOD100_2C2C_40degC,CYC,S2000FN3JX,1,4933,40,9.661,100.0,2.0,2.0,40.0,108060.0,1151951.4939805449,9.999999996973202,10.660393803205146,1.4976557493209839,3.8010811805725098,2.7758169174194336,0.7393492460250854,-2.400413751602173,2.404329538345337,-0.007049200125038624,1.9634732007980347,37.976959228515625,48.14601135253906,44.02946090698242,2.2753636837005615,-0.13735704123973846,1.1295121908187866,1.2668691873550415,1208.0,241.7795344875936,241.87639737951287,ok
/media/kabir/Research/Project/sodium battery /Data_Failure_Mode_and_Degradation_Analysis_of_a_Commercial_Sodium-Ion_Battery_With_Severe_Gassing_Issue/Standard cycling/DOD100_2C2C_40degC/Cycling_Periods/S2000FN3JX_CYC_at40degC_V03_4988.ird,DOD100_2C2C_40degC,CYC,S2000FN3JX,3,4988,40,9.891,100.0,2.0,2.0,40.0,111151.0,1195726.231891282,9.999999162042513,10.75777086721801,1.4978464841842651,3.8010811805725098,2.7537214756011963,0.7378751635551453,-2.40014386177063,2.404118061065674,-0.006530990824103355,1.9329081773757935,26.695669174194336,48.54356002807617,44.21986389160156,2.3809702396392822,-0.21765249967575073,1.0677025318145752,1.2853550910949707,1208.0,241.11566935800164,241.2140520224699,ok
/media/kabir/Research/Project/sodium battery /Data_Failure_Mode_and_Degradation_Analysis_of_a_Commercial_Sodium-Ion_Battery_With_Severe_Gassing_Issue/Standard cycling/DOD100_2C2C_40degC/Cycling_Periods/S2000FN3JX_CYC_at40degC_V05_5047.ird,DOD100_2C2C_40degC,CYC,S2000FN3JX,5,5047,40,10.277,100.0,2.0,2.0,40.0,116092.0,1185956.673801912,9.999999162042513,10.215750349311419,1.4974650144577026,3.8010811805725098,2.7202577590942383,0.7407649159431458,-2.4002022743225098,2.4038004875183105,-0.006197420414537191,1.870976448059082,33.62068176269531,48.318031311035156,44.367225646972656,2.360079050064087,-0.13915978372097015,1.0952694416046143,1.2344292402267456,1208.0,236.12617534293858,236.21708092473668,ok
/media/kabir/Research/Project/sodium battery /Data_Failure_Mode_and_Degradation_Analysis_of_a_Commercial_Sodium-Ion_Battery_With_Severe_Gassing_Issue/Standard cycling/DOD100_2C2C_40degC/Cycling_Periods/S2000FN3JX_CYC_at40degC_V07_5133.ird,DOD100_2C2C_40degC,CYC,S2000FN3JX,7,5133,40,10.809,100.0,2.0,2.0,40.0,122866.0,1169293.128682881,9.999998322979081,9.516893571667122,1.4974650144577026,3.8008904457092285,2.6806061267852783,0.742335319519043,-2.4001333713531494,2.404118061065674,-0.005902926437556744,1.7866824865341187,28.143949508666992,48.59326934814453,44.88421630859375,2.4593238830566406,-0.13422119617462158,1.055299162864685,1.1895203590393066,1208.0,228.13012166531638,228.24295499436425,ok
/media/kabir/Research/Project/sodium battery /Data_Failure_Mode_and_Degradation_Analysis_of_a_Commercial_Sodium-Ion_Battery_With_Severe_Gassing_Issue/Standard cycling/DOD100_2C2C_40degC/Cycling_Periods/S2000FN3JX_CYC_at40degC_V09_5177.ird,DOD100_2C2C_40degC,CYC,S2000FN3JX,9,5177,40,1.147,100.0,2.0,2.0,40.0,13622.0,149990.458529419,9.999999161998858,11.01170681516915,-6.250247001647949,3.8008904457092285,2.61352276802063,0.7726293802261353,-2.4000487327575684,2.403165578842163,-0.0023113470524549484,1.6133395433425903,26.574520111083984,48.75381088256836,44.610774993896484,2.884901523590088,-0.12470603734254837,0.9990054368972778,1.1237114667892456,117.0,21.002725288536404,20.89407979747598,ok
/media/kabir/Research/Project/sodium battery /Data_Failure_Mode_and_Degradation_Analysis_of_a_Commercial_Sodium-Ion_Battery_With_Severe_Gassing_Issue/Standard cycling/DOD100_2C2C_50degC/CU_at_25degC/S2000FP5HX_CU_at25degC_V00_4849.ird,DOD100_2C2C_50degC,CU,S2000FP5HX,0,4849,25,15.395,100.0,2.0,2.0,50.0,179152.0,294291.113725696,1.0000050299568102,1.6426986939827073,1.4998449087142944,3.800344705581665,2.9105169773101807,0.5815640091896057,-2.400146722793579,2.4055466651916504,-0.030723271891474724,0.44943973422050476,21.672740936279297,27.50457000732422,22.98516273498535,1.8138432502746582,-0.6423525810241699,0.5916605591773987,1.2340130805969238,126.0,3.6681958760773963,4.140936258827311,ok
/media/kabir/Research/Project/sodium battery /Data_Failure_Mode_and_Degradation_Analysis_of_a_Commercial_Sodium-Ion_Battery_With_Severe_Gassing_Issue/Standard cycling/DOD100_2C2C_50degC/CU_at_25degC/S2000FQ9MI_CU_at25degC_V00_4845.ird,DOD100_2C2C_50degC,CU,S2000FQ9MI,0,4845,25,15.396,100.0,2.0,2.0,50.0,179353.0,298102.127864407,1.000003353023203,1.6621065160377746,1.4993001222610474,3.800427198410034,2.908771514892578,0.5835026502609253,-2.400233745574951,2.400980234146118,-0.03074820525944233,0.44925498962402344,21.508499145507812,26.701269149780273,22.77765464782715,1.7238585948944092,-0.6455898284912109,0.5900355577468872,1.2356253862380981,126.0,3.6722105526484747,4.146536482151053,ok
/media/kabir/Research/Project/sodium battery /Data_Failure_Mode_and_Degradation_Analysis_of_a_Commercial_Sodium-Ion_Battery_With_Severe_Gassing_Issue/Standard cycling/DOD100_2C2C_50degC/CU_at_25degC/S2000FQM84_CU_at25degC_V00_4844.ird,DOD100_2C2C_50degC,CU,S2000FQM84,0,4844,25,15.425,100.0,2.0,2.0,50.0,179467.0,298384.238638141,1.0000041909806896,1.6626226618866027,1.4993910789489746,3.8003649711608887,2.903794288635254,0.5880826711654663,-2.4000704288482666,2.4045357704162598,-0.0308061670511961,0.4491952955722809,21.484180450439453,27.177749633789062,22.796117782592773,1.8009968996047974,-0.6495930552482605,0.587992787361145,1.2375857830047607,126.0,3.676972482314601,4.153370499382963,ok
/media/kabir/Research/Project/sodium battery /Data_Failure_Mode_and_Degradation_Analysis_of_a_Commercial_Sodium-Ion_Battery_With_Severe_Gassing_Issue/Standard cycling/DOD100_2C2C_50degC/CU_at_25degC/S2000FQM84_CU_at25degC_V01_4889.ird,DOD100_2C2C_50degC,CU,S2000FQM84,1,4889,25,15.305,100.0,2.0,2.0,50.0,177943.0,293598.682094253,1.000006704009138,1.6499684284443976,1.4996817111968994,3.800236463546753,2.903575897216797,0.5483591556549072,-2.4001805782318115,2.401939630508423,-0.03164632245898247,0.450277715921402,25.351240158081055,27.168590545654297,26.005931854248047,0.15486080944538116,-0.7033260464668274,0.49771231412887573,1.2010383605957031,126.0,3.5686229224450026,4.104138293349873,ok
/media/kabir/Research/Project/sodium battery /Data_Failure_Mode_and_Degradation_Analysis_of_a_Commercial_Sodium-Ion_Battery_With_Severe_Gassing_Issue/Standard cycling/DOD100_2C2C_50degC/Cycling_Periods/S2000FP5HX_CU_at50degC_V01_4870.ird,DOD100_2C2C_50degC,CYC,S2000FP5HX,1,4870,50,41.804,100.0,2.0,2.0,50.0,451222.0,3139734.7606586902,3.000051963957958,6.958308147578881,-6.249417304992676,6.249608039855957,2.828171968460083,0.6655822396278381,-2.400141477584839,2.4034290313720703,-0.006147689651697874,1.360608696937561,50.151641845703125,55.498111724853516,52.00666809082031,1.2319978475570679,-0.19405193626880646,1.284639835357666,1.478691816329956,2433.0,488.79512001068474,490.0323914108233,ok
/media/kabir/Research/Project/sodium battery /Data_Failure_Mode_and_Degradation_Analysis_of_a_Commercial_Sodium-Ion_Battery_With_Severe_Gassing_Issue/Standard cycling/DOD100_2C2C_50degC/Cycling_Periods/S2000FQ9MI_CU_at50degC_V01_4872.ird,DOD100_2C2C_50degC,CYC,S2000FQ9MI,1,4872,50,0.0,100.0,2.0,2.0,50.0,,,,,,,,,,,,,,,,,,,,,,,error: EmptyDataError: No columns to parse from file
/media/kabir/Research/Project/sodium battery /Data_Failure_Mode_and_Degradation_Analysis_of_a_Commercial_Sodium-Ion_Battery_With_Severe_Gassing_Issue/Standard cycling/DOD100_2C2C_50degC/Cycling_Periods/S2000FQM84_CU_at50degC_V01_4871.ird,DOD100_2C2C_50degC,CYC,S2000FQM84,1,4871,50,44.189,100.0,2.0,2.0,50.0,477350.0,3217073.794041402,3.000086327083409,6.739458538807879,1.4980558156967163,3.8011281490325928,2.8305485248565674,0.6601546406745911,-2.4001288414001465,2.40283465385437,-0.003131695557385683,1.3221815824508667,48.7882194519043,54.56190872192383,51.676204681396484,0.9843611121177673,-0.19508406519889832,1.3416979312896729,1.5367820262908936,2433.0,489.6134880476105,490.1563491035422,ok
/media/kabir/Research/Project/sodium battery /Data_Failure_Mode_and_Degradation_Analysis_of_a_Commercial_Sodium-Ion_Battery_With_Severe_Gassing_Issue/Standard cycling/DOD20_2C2C_25degC/CU_at_25degC/S2000FN6H3_CU_at25degC_V00_4899.ird,DOD20_2C2C_25degC,CU,S2000FN6H3,0,4899,25,15.394,20.0,2.0,2.0,25.0,179625.0,298933.12160383404,1.000001678999979,1.6642159266235805,1.4993698596954346,3.800413131713867,2.909531831741333,0.5812439918518066,-2.4003100395202637,2.400118350982666,-0.0306970477104187,0.4490112364292145,25.0,27.483190536499023,25.416614532470703,0.3103448748588562,-0.6460015177726746,0.5955924391746521,1.2415939569473267,126.0,3.6853692982835735,4.1558786782977775,ok
/media/kabir/Research/Project/sodium battery /Data_Failure_Mode_and_Degradation_Analysis_of_a_Commercial_Sodium-Ion_Battery_With_Severe_Gassing_Issue/Standard cycling/DOD20_2C2C_25degC/CU_at_25degC/S2000FN6H3_CU_at25degC_V02_4940.ird,DOD20_2C2C_25degC,CU,S2000FN6H3,2,4940,25,15.486,20.0,2.0,2.0,25.0,180102.0,299711.840762722,1.0000016749836504,1.6641320190488782,1.4997514486312866,3.800413131713867,2.905895233154297,0.5816102027893066,-2.400336503982544,2.4000985622406006,-0.031617965549230576,0.4491003155708313,24.90266990661621,27.394609451293945,25.3963623046875,0.3070271909236908,-0.6928101181983948,0.5531080961227417,1.2459182739257812,126.0,3.694927270665384,4.2126873557749525,ok
/media/kabir/Research/Project/sodium battery /Data_Failure_Mode_and_Degradation_Analysis_of_a_Commercial_Sodium-Ion_Battery_With_Severe_Gassing_Issue/Standard cycling/DOD20_2C2C_25degC/CU_at_25degC/S2000FN6H3_CU_at25degC_V04_4980.ird,DOD20_2C2C_25degC,CU,S2000FN6H3,4,4980,25,15.462,20.0,2.0,2.0,25.0,180104.0,299703.341820402,1.0000025139888749,1.664066349924221,1.4997514486312866,3.800413131713867,2.904539108276367,0.5816788673400879,-2.400273084640503,2.4002044200897217,-0.03163478150963783,0.4491017758846283,24.841840744018555,27.373239517211914,25.379941940307617,0.31082361936569214,-0.6947311758995056,0.5510404706001282,1.2457716464996338,126.0,3.694064446566935,4.2136278203804345,ok
/media/kabir/Research/Project/sodium battery /Data_Failure_Mode_and_Degradation_Analysis_of_a_Commercial_Sodium-Ion_Battery_With_Severe_Gassing_Issue/Standard cycling/DOD20_2C2C_25degC/CU_at_25degC/S2000FN6H3_CU_at25degC_V06_5028.ird,DOD20_2C2C_25degC,CU,S2000FN6H3,6,5028,25,15.469,20.0,2.0,2.0,25.0,180140.0,299801.470040787,1.000001677981345,1.6642785295843041,1.4997514486312866,3.800413131713867,2.9033522605895996,0.5816836953163147,-2.4003100395202637,2.4017910957336426,-0.031669117510318756,0.4490783214569092,24.823589324951172,27.437379837036133,25.351823806762695,0.31677666306495667,-0.6976746916770935,0.5491105914115906,1.246785283088684,126.0,3.6946370700771385,4.216235974183905,ok
/media/kabir/Research/Project/sodium battery /Data_Failure_Mode_and_Degradation_Analysis_of_a_Commercial_Sodium-Ion_Battery_With_Severe_Gassing_Issue/Standard cycling/DOD20_2C2C_25degC/CU_at_25degC/S2000FN6H3_CU_at25degC_V08_5067.ird,DOD20_2C2C_25degC,CU,S2000FN6H3,8,5067,25,15.468,20.0,2.0,2.0,25.0,180114.0,299763.66708230803,1.000001675041858,1.6643088898764,1.4991790056228638,3.800413131713867,2.902825355529785,0.5813145637512207,-2.4002413749694824,2.4030604362487793,-0.031675416976213455,0.44907617568969727,24.954370498657227,27.50762939453125,25.355335235595703,0.3267904222011566,-0.6991158723831177,0.5476953983306885,1.2468112707138062,126.0,3.6919496192537817,4.214742348233632,ok
/media/kabir/Research/Project/sodium battery /Data_Failure_Mode_and_Degradation_Analysis_of_a_Commercial_Sodium-Ion_Battery_With_Severe_Gassing_Issue/Standard cycling/DOD20_2C2C_25degC/CU_at_25degC/S2000FN6H3_CU_at25degC_V10_5108.ird,DOD20_2C2C_25degC,CU,S2000FN6H3,10,5108,25,15.471,20.0,2.0,2.0,25.0,180194.0,299936.640760211,1.0000016780104488,1.6645299249150132,1.4991790056228638,3.800413131713867,2.9013712406158447,0.5816898941993713,-2.400347948074341,2.4039065837860107,-0.031729020178318024,0.4490428566932678,24.963489532470703,27.55954933166504,25.363210678100586,0.3245637118816376,-0.7022819519042969,0.5455477833747864,1.2478296756744385,126.0,3.6950337256387273,4.220387467529259,ok
/media/kabir/Research/Project/sodium battery /Data_Failure_Mode_and_Degradation_Analysis_of_a_Commercial_Sodium-Ion_Battery_With_Severe_Gassing_Issue/Standard cycling/DOD20_2C2C_25degC/CU_at_25degC/S2000FN6H3_CU_at25degC_V12_5148.ird,DOD20_2C2C_25degC,CU,S2000FN6H3,12,5148,25,15.469,20.0,2.0,2.0,25.0,180132.0,299795.821495722,1.0000016750127543,1.6643210857416102,1.4991790056228638,3.800413131713867,2.9012444019317627,0.5813853740692139,-2.4002292156219482,2.404223918914795,-0.03171836584806442,0.44905972480773926,24.969579696655273,27.510679244995117,25.36497688293457,0.3129572868347168,-0.7025381922721863,0.5444429516792297,1.246981143951416,126.0,3.691209558935348,4.216523897649842,ok
/media/kabir/Research/Project/sodium battery /Data_Failure_Mode_and_Degradation_Analysis_of_a_Commercial_Sodium-Ion_Battery_With_Severe_Gassing_Issue/Standard cycling/DOD20_2C2C_25degC/CU_at_25degC/S2000FN6H3_CU_at25degC_V14_5186.ird,DOD20_2C2C_25degC,CU,S2000FN6H3,14,5186,25,15.5,20.0,2.0,2.0,25.0,180158.0,299877.30999117,1.0000016780031729,1.6645332126488008,1.4997514486312866,3.800413131713867,2.900775909423828,0.5810925960540771,-2.400282144546509,2.4047529697418213,-0.031725767999887466,0.44903090596199036,24.978700637817383,27.394609451293945,25.45457649230957,0.2851494550704956,-0.7045190334320068,0.543357253074646,1.2478762865066528,126.0,3.691138158274772,4.217692287812167,ok
/media/kabir/Research/Project/sodium battery /Data_Failure_Mode_and_Degradation_Analysis_of_a_Commercial_Sodium-Ion_Battery_With_Severe_Gassing_Issue/Standard cycling/DOD20_2C2C_25degC/CU_at_25degC/S2000FN6H3_CU_at25degC_V16_5225.ird,DOD20_2C2C_25degC,CU,S2000FN6H3,16,5225,25,3.434,20.0,2.0,2.0,25.0,39905.0,625237.601215011,10.000004191999324,15.66854453726471,2.9998843669891357,3.800794839859009,3.5974106788635254,0.19683854281902313,-2.400151491165161,2.4035892486572266,-0.029471777379512787,1.4272398948669434,25.018310546875,27.614530563354492,26.213769912719727,0.5873367786407471,-1.8925648248568905e-07,0.5529800653457642,0.5529802441596985,1208.0,47.871671429596546,48.54862774086319,ok
/media/kabir/Research/Project/sodium battery /Data_Failure_Mode_and_Degradation_Analysis_of_a_Commercial_Sodium-Ion_Battery_With_Severe_Gassing_Issue/Standard cycling/DOD20_2C2C_25degC/CU_at_25degC/S2000FN6H3_CU_at25degC_V16_5246.ird,DOD20_2C2C_25degC,CU,S2000FN6H3,16,5246,25,15.442,20.0,2.0,2.0,25.0,179889.0,299251.147932638,1.0000025129993446,1.6635414698736881,1.4997514486312866,3.800413131713867,2.9021012783050537,0.5799331068992615,-2.4001588821411133,2.4050703048706055,-0.031612616032361984,0.4491094648838043,24.960460662841797,27.62980079650879,25.355712890625,0.3278321325778961,-0.7026535272598267,0.5412383675575256,1.243891954421997,126.0,3.675849949238024,4.200025667559695,ok
/media/kabir/Research/Project/sodium battery /Data_Failure_Mode_and_Degradation_Analysis_of_a_Commercial_Sodium-Ion_Battery_With_Severe_Gassing_Issue/Standard cycling/DOD20_2C2C_25degC/CU_at_25degC/S2000FN6H3_CU_at25degC_V18_5297.ird,DOD20_2C2C_25degC,CU,S2000FN6H3,18,5297,25,15.471,20.0,2.0,2.0,25.0,180202.0,299939.44717751397,1.0000016780104488,1.664471602141575,1.4997514486312866,3.800413131713867,2.898756265640259,0.5814380049705505,-2.4002573490142822,2.4051761627197266,-0.03175324201583862,0.44900190830230713,24.899620056152344,27.532060623168945,25.348546981811523,0.3203713595867157,-0.7068697810173035,0.5412145853042603,1.248084306716919,126.0,3.6921622334232285,4.220067164749596,ok
/media/kabir/Research/Project/sodium battery /Data_Failure_Mode_and_Degradation_Analysis_of_a_Commercial_Sodium-Ion_Battery_With_Severe_Gassing_Issue/Standard cycling/DOD20_2C2C_25degC/CU_at_25degC/S2000FN6H3_CU_at25degC_V20_5318.ird,DOD20_2C2C_25degC,CU,S2000FN6H3,20,5318,25,15.477,20.0,2.0,2.0,25.0,180152.0,299835.389085693,1.0000025129993446,1.6643559518720017,1.4993698596954346,3.800413131713867,2.898695945739746,0.5811283588409424,-2.4002044200897217,2.405599355697632,-0.03174182027578354,0.4490176737308502,24.978700637817383,27.5931396484375,25.36634635925293,0.33066168427467346,-0.7070705890655518,0.5404239296913147,1.2474944591522217,126.0,3.6891360636170125,4.217194194488608,ok
/media/kabir/Research/Project/sodium battery /Data_Failure_Mode_and_Degradation_Analysis_of_a_Commercial_Sodium-Ion_Battery_With_Severe_Gassing_Issue/Standard cycling/DOD20_2C2C_25degC/CU_at_25degC/S2000FN6H3_CU_at25degC_V22_5342.ird,DOD20_2C2C_25degC,CU,S2000FN6H3,22,5342,25,15.481,20.0,2.0,2.0,25.0,180138.0,299788.837038223,1.000001678999979,1.6642268775333389,1.4995605945587158,3.800413131713867,2.898391008377075,0.5809109807014465,-2.400272846221924,2.4053876399993896,-0.031766440719366074,0.44903290271759033,24.942209243774414,27.513729095458984,25.39800262451172,0.30770066380500793,-0.7082110643386841,0.5391435623168945,1.2473546266555786,126.0,3.6879275813467016,4.217191016393155,ok
/media/kabir/Research/Project/sodium battery /Data_Failure_Mode_and_Degradation_Analysis_of_a_Commercial_Sodium-Ion_Battery_With_Severe_Gassing_Issue/Standard cycling/DOD20_2C2C_25degC/CU_at_25degC/S2000FN6H3_CU_at25degC_V24_5404.ird,DOD20_2C2C_25degC,CU,S2000FN6H3,24,5404,25,15.433,20.0,2.0,2.0,25.0,179712.0,298802.308873147,1.000001678999979,1.6626823559667856,1.4995605945587158,3.800222396850586,2.9018399715423584,0.5784595012664795,-2.4002106189727783,2.405704975128174,-0.031602099537849426,0.44916078448295593,24.996950149536133,27.672569274902344,25.388874053955078,0.3208480477333069,-0.7061558961868286,0.534770131111145,1.2409260272979736,126.0,3.6635857439689037,4.189607283466912,ok
/media/kabir/Research/Project/sodium battery /Data_Failure_Mode_and_Degradation_Analysis_of_a_Commercial_Sodium-Ion_Battery_With_Severe_Gassing_Issue/Standard cycling/DOD20_2C2C_25degC/CU_at_25degC/S2000FN6H3_CU_at25degC_V26_5422.ird,DOD20_2C2C_25degC,CU,S2000FN6H3,26,5422,25,15.446,20.0,2.0,2.0,25.0,179989.0,299416.27357336396,1.0000025140470825,1.6635346443838699,1.4997514486312866,3.800222396850586,2.8986291885375977,0.5798819661140442,-2.400282144546509,2.405810832977295,-0.03167456388473511,0.4490557312965393,24.945240020751953,27.547330856323242,25.38536262512207,0.3125370144844055,-0.706283450126648,0.5385133028030396,1.2447967529296875,126.0,3.678868396830237,4.2053913579637765,ok
/media/kabir/Research/Project/sodium battery /Data_Failure_Mode_and_Degradation_Analysis_of_a_Commercial_Sodium-Ion_Battery_With_Severe_Gassing_Issue/Standard cycling/DOD20_2C2C_25degC/CU_at_25degC/S2000FN72C_CU_at25degC_V00_4900.ird,DOD20_2C2C_25degC,CU,S2000FN72C,0,4900,25,15.419,20.0,2.0,2.0,25.0,179593.0,299048.885240501,1.0000025129993446,1.6651570517645609,1.4992743730545044,3.800450563430786,2.9101057052612305,0.5836660265922546,-2.400172710418701,2.4075798988342285,-0.03035767190158367,0.44878527522087097,25.021869659423828,27.651180267333984,25.418842315673828,0.3196900486946106,-0.6351816654205322,0.6085732579231262,1.2437548637390137,126.0,3.6832490937008195,4.138389652800891,ok
/media/kabir/Research/Project/sodium battery /Data_Failure_Mode_and_Degradation_Analysis_of_a_Commercial_Sodium-Ion_Battery_With_Severe_Gassing_Issue/Standard cycling/DOD20_2C2C_25degC/CU_at_25degC/S2000FN72C_CU_at25degC_V02_4941.ird,DOD20_2C2C_25degC,CU,S2000FN72C,2,4941,25,15.478,20.0,2.0,2.0,25.0,180022.0,299664.350433519,1.0000016750127543,1.6646077426162451,1.4998465776443481,3.800450563430786,2.9072611331939697,0.5836995244026184,-2.400172710418701,2.4078972339630127,-0.03139403834939003,0.44894763827323914,24.9239501953125,27.681720733642578,25.398433685302734,0.31925106048583984,-0.6889987587928772,0.5576815605163574,1.2466802597045898,126.0,3.6879998824738736,4.197427971788212,ok
/media/kabir/Research/Project/sodium battery /Data_Failure_Mode_and_Degradation_Analysis_of_a_Commercial_Sodium-Ion_Battery_With_Severe_Gassing_Issue/Standard cycling/DOD20_2C2C_25degC/CU_at_25degC/S2000FN72C_CU_at25degC_V04_4982.ird,DOD20_2C2C_25degC,CU,S2000FN72C,4,4982,25,15.473,20.0,2.0,2.0,25.0,179975.0,299548.641941924,1.000001677981345,1.6643995351657683,1.4992743730545044,3.800450563430786,2.906148672103882,0.583736777305603,-2.400172710418701,2.4073681831359863,-0.03138812258839607,0.44896456599235535,24.87833023071289,27.65066909790039,25.38343048095703,0.32344141602516174,-0.6886595487594604,0.5558087229728699,1.2444682121276855,126.0,3.6847063139227996,4.195124762365054,ok
/media/kabir/Research/Project/sodium battery /Data_Failure_Mode_and_Degradation_Analysis_of_a_Commercial_Sodium-Ion_Battery_With_Severe_Gassing_Issue/Standard cycling/DOD20_2C2C_25degC/CU_at_25degC/S2000FN72C_CU_at25degC_V06_5029.ird,DOD20_2C2C_25degC,CU,S2000FN72C,6,5029,25,15.48,20.0,2.0,2.0,25.0,180000.0,299612.023967268,1.0000016780104488,1.6645204915986644,1.4992743730545044,3.800450563430786,2.9049928188323975,0.5838209986686707,-2.4000933170318604,2.4074740409851074,-0.03142153099179268,0.44894322752952576,24.872249603271484,27.681720733642578,25.360902786254883,0.3295295536518097,-0.6929140090942383,0.5537949800491333,1.2467089891433716,126.0,3.6844065002887514,4.1968367760840435,ok
/media/kabir/Research/Project/sodium battery /Data_Failure_Mode_and_Degradation_Analysis_of_a_Commercial_Sodium-Ion_Battery_With_Severe_Gassing_Issue/Standard cycling/DOD20_2C2C_25degC/CU_at_25degC/S2000FN72C_CU_at25degC_V08_5066.ird,DOD20_2C2C_25degC,CU,S2000FN72C,8,5066,25,15.474,20.0,2.0,2.0,25.0,179970.0,299570.020815186,1.0000016749982024,1.664564568426707,1.4992743730545044,3.800450563430786,2.9042794704437256,0.5836361646652222,-2.4001197814941406,2.4074740409851074,-0.03143181651830673,0.44894734025001526,24.987829208374023,27.748920440673828,25.349740982055664,0.34114646911621094,-0.6947600841522217,0.5519013404846191,1.2466614246368408,126.0,3.6819764837803515,4.196064121802651,ok
/media/kabir/Research/Project/sodium battery /Data_Failure_Mode_and_Degradation_Analysis_of_a_Commercial_Sodium-Ion_Battery_With_Severe_Gassing_Issue/Standard cycling/DOD20_2C2C_25degC/CU_at_25degC/S2000FN72C_CU_at25degC_V10_5109.ird,DOD20_2C2C_25degC,CU,S2000FN72C,10,5109,25,15.476,20.0,2.0,2.0,25.0,180031.0,299697.005046402,1.0000016780104488,1.664705910383836,1.4992743730545044,3.800450563430786,2.903125524520874,0.5837838649749756,-2.4001197814941406,2.4073681831359863,-0.03147653862833977,0.4489153325557709,25.012210845947266,27.822229385375977,25.362096786499023,0.34123581647872925,-0.6973937749862671,0.5500651001930237,1.2474589347839355,126.0,3.683796850360448,4.199646325861762,ok
/media/kabir/Research/Project/sodium battery /Data_Failure_Mode_and_Degradation_Analysis_of_a_Commercial_Sodium-Ion_Battery_With_Severe_Gassing_Issue/Standard cycling/DOD20_2C2C_25degC/CU_at_25degC/S2000FN72C_CU_at25degC_V12_5173.ird,DOD20_2C2C_25degC,CU,S2000FN72C,12,5173,25,15.491,20.0,2.0,2.0,25.0,179991.0,299632.00034552003,1.0000016750127543,1.6647147082922387,1.4998465776443481,3.800450563430786,2.9027798175811768,0.5833317637443542,-2.4001498222351074,2.4074740409851074,-0.031439121812582016,0.44890838861465454,24.92091941833496,27.691389083862305,25.403064727783203,0.31432169675827026,-0.6975767016410828,0.5495246052742004,1.2471013069152832,126.0,3.6812475772158457,4.196127296591169,ok
/media/kabir/Research/Project/sodium battery /Data_Failure_Mode_and_Degradation_Analysis_of_a_Commercial_Sodium-Ion_Battery_With_Severe_Gassing_Issue/Standard cycling/DOD20_2C2C_25degC/CU_at_25degC/S2000FN72C_CU_at25degC_V14_5215.ird,DOD20_2C2C_25degC,CU,S2000FN72C,14,5215,25,15.493,20.0,2.0,2.0,25.0,180053.0,299765.577056493,1.0000016750127543,1.6648833506792096,1.4994651079177856,3.800450563430786,2.9018242359161377,0.5832923054695129,-2.400146245956421,2.408108949661255,-0.03146636486053467,0.44885966181755066,24.917869567871094,27.80695915222168,25.40506935119629,0.32538092136383057,-0.6999049186706543,0.5483537912368774,1.2482587099075317,126.0,3.68261375967855,4.19920332374285,ok
/media/kabir/Research/Project/sodium battery /Data_Failure_Mode_and_Degradation_Analysis_of_a_Commercial_Sodium-Ion_Battery_With_Severe_Gassing_Issue/Standard cycling/DOD20_2C2C_25degC/CU_at_25degC/S2000FN72C_CU_at25degC_V16_5245.ird,DOD20_2C2C_25degC,CU,S2000FN72C,16,5245,25,15.488,20.0,2.0,2.0,25.0,180104.0,299893.264216855,1.0000025129993446,1.6651208709286074,1.4998465776443481,3.800450563430786,2.9009037017822266,0.5833396315574646,-2.40006685256958,2.4077916145324707,-0.031512558460235596,0.4488362967967987,24.984779357910156,27.825279235839844,25.35723304748535,0.3439602553844452,-0.7028328776359558,0.5462840795516968,1.2491168975830078,126.0,3.683947663452629,4.2031398616496,ok
/media/kabir/Research/Project/sodium battery /Data_Failure_Mode_and_Degradation_Analysis_of_a_Commercial_Sodium-Ion_Battery_With_Severe_Gassing_Issue/Standard cycling/DOD20_2C2C_25degC/CU_at_25degC/S2000FN72C_CU_at25degC_V18_5298.ird,DOD20_2C2C_25degC,CU,S2000FN72C,18,5298,25,15.491,20.0,2.0,2.0,25.0,180099.0,299852.905107585,1.0000016780104488,1.6649430038511532,1.4994651079177856,3.800450563430786,2.900571346282959,0.5831350684165955,-2.400073766708374,2.408003091812134,-0.0315045490860939,0.44883406162261963,24.927000045776367,27.764190673828125,25.3526611328125,0.3374670147895813,-0.7025497555732727,0.5461906790733337,1.2487404346466064,126.0,3.6836314704037547,4.202189680772652,ok
/media/kabir/Research/Project/sodium battery /Data_Failure_Mode_and_Degradation_Analysis_of_a_Commercial_Sodium-Ion_Battery_With_Severe_Gassing_Issue/Standard cycling/DOD20_2C2C_25degC/CU_at_25degC/S2000FN72C_CU_at25degC_V20_5319.ird,DOD20_2C2C_25degC,CU,S2000FN72C,20,5319,25,15.483,20.0,2.0,2.0,25.0,180052.0,299751.31132542,1.0000016750127543,1.6648133657986905,1.4992743730545044,3.800450563430786,2.90021014213562,0.5830862522125244,-2.400172710418701,2.4078972339630127,-0.03150821849703789,0.4488603174686432,25.02136993408203,27.846660614013672,25.378232955932617,0.3463118374347687,-0.7030613422393799,0.5450547933578491,1.248116135597229,126.0,3.680999710045511,4.200179073237416,ok
/media/kabir/Research/Project/sodium battery /Data_Failure_Mode_and_Degradation_Analysis_of_a_Commercial_Sodium-Ion_Battery_With_Severe_Gassing_Issue/Standard cycling/DOD20_2C2C_25degC/CU_at_25degC/S2000FN72C_CU_at25degC_V22_5343.ird,DOD20_2C2C_25degC,CU,S2000FN72C,22,5343,25,15.483,20.0,2.0,2.0,25.0,180036.0,299710.901473596,1.0000016749836504,1.6647368649073568,1.4998465776443481,3.800450563430786,2.9000253677368164,0.5827870965003967,-2.40006685256958,2.4076857566833496,-0.031517334282398224,0.4488641619682312,24.97566032409668,27.791170120239258,25.40138053894043,0.32314205169677734,-0.7040616869926453,0.5440537929534912,1.2481155395507812,126.0,3.6795895631912012,4.199619800328768,ok
/media/kabir/Research/Project/sodium battery /Data_Failure_Mode_and_Degradation_Analysis_of_a_Commercial_Sodium-Ion_Battery_With_Severe_Gassing_Issue/Standard cycling/DOD20_2C2C_25degC/CU_at_25degC/S2000FN72C_CU_at25degC_V24_5405.ird,DOD20_2C2C_25degC,CU,S2000FN72C,24,5405,25,15.438,20.0,2.0,2.0,25.0,179711.0,298939.733079887,1.0000025129993446,1.6634563078286517,1.499655842781067,3.800259828567505,2.902237892150879,0.5811643004417419,-2.40006685256958,2.4076857566833496,-0.031409550458192825,0.44896477460861206,25.030540466308594,27.990209579467773,25.405649185180664,0.3416147232055664,-0.7036436200141907,0.5394313335418701,1.243074893951416,126.0,3.6601516554993894,4.178907904284608,ok
/media/kabir/Research/Project/sodium battery /Data_Failure_Mode_and_Degradation_Analysis_of_a_Commercial_Sodium-Ion_Battery_With_Severe_Gassing_Issue/Standard cycling/DOD20_2C2C_25degC/CU_at_25degC/S2000FN72C_CU_at25degC_V26_5423.ird,DOD20_2C2C_25degC,CU,S2000FN72C,26,5423,25,15.48,20.0,2.0,2.0,25.0,179940.0,299450.52539035503,1.0000025140179787,1.6641780013802179,1.4998465776443481,3.800259828567505,2.899702787399292,0.582200288772583,-2.4004900455474854,2.4074740409851074,-0.031444866210222244,0.4488688111305237,24.978700637817383,27.846660614013672,25.39893913269043,0.3326853811740875,-0.7031218409538269,0.5433021187782288,1.2464239597320557,126.0,3.673223024293895,4.191357608330918,ok
/media/kabir/Research/Project/sodium battery /Data_Failure_Mode_and_Degradation_Analysis_of_a_Commercial_Sodium-Ion_Battery_With_Severe_Gassing_Issue/Standard cycling/DOD20_2C2C_25degC/CU_at_25degC/S2000FPG1Z_CU_at25degC_V00_4898.ird,DOD20_2C2C_25degC,CU,S2000FPG1Z,0,4898,25,15.35,20.0,2.0,2.0,25.0,179456.0,298543.330522015,1.0000016750127543,1.6636111031847258,1.4992618560791016,3.800405740737915,2.9100654125213623,0.5803169012069702,-2.4002742767333984,2.40967059135437,-0.03064575418829918,0.4490593373775482,24.73843002319336,27.138050079345703,25.145673751831055,0.2985011339187622,-0.6460591554641724,0.5932491421699524,1.2393083572387695,126.0,3.674725562939909,4.145223671206295,ok
/media/kabir/Research/Project/sodium battery /Data_Failure_Mode_and_Degradation_Analysis_of_a_Commercial_Sodium-Ion_Battery_With_Severe_Gassing_Issue/Standard cycling/DOD20_2C2C_25degC/CU_at_25degC/S2000FPG1Z_CU_at25degC_V02_4939.ird,DOD20_2C2C_25degC,CU,S2000FPG1Z,2,4939,25,15.408,20.0,2.0,2.0,25.0,179855.0,299154.186603245,1.0000016749836504,1.6633168381200583,1.4992618560791016,3.800405740737915,2.9067764282226562,0.5807531476020813,-2.4001686573028564,2.409776210784912,-0.0315445251762867,0.4491863548755646,24.701940536499023,27.19301986694336,25.194534301757812,0.2987061142921448,-0.6927067041397095,0.5497784614562988,1.2424851655960083,126.0,3.6806746768163587,4.198139509690621,ok
/media/kabir/Research/Project/sodium battery /Data_Failure_Mode_and_Degradation_Analysis_of_a_Commercial_Sodium-Ion_Battery_With_Severe_Gassing_Issue/Standard cycling/DOD20_2C2C_25degC/CU_at_25degC/S2000FPG1Z_CU_at25degC_V04_4979.ird,DOD20_2C2C_25degC,CU,S2000FPG1Z,4,4979,25,15.415,20.0,2.0,2.0,25.0,179834.0,299103.525122162,1.0000016780104488,1.6632293579163002,1.4992618560791016,3.800405740737915,2.9054312705993652,0.5809400081634521,-2.4001762866973877,2.409776210784912,-0.031565744429826736,0.44919082522392273,24.592449188232422,27.095279693603516,25.18079376220703,0.29026052355766296,-0.6942282915115356,0.5470713376998901,1.2412996292114258,126.0,3.678069592453481,4.197394004424715,ok
/media/kabir/Research/Project/sodium battery /Data_Failure_Mode_and_Degradation_Analysis_of_a_Commercial_Sodium-Ion_Battery_With_Severe_Gassing_Issue/Standard cycling/DOD20_2C2C_25degC/CU_at_25degC/S2000FPG1Z_CU_at25degC_V06_5027.ird,DOD20_2C2C_25degC,CU,S2000FPG1Z,6,5027,25,15.401,20.0,2.0,2.0,25.0,179845.0,299123.891819557,1.0000016750127543,1.663240874422038,1.4998339414596558,3.800405740737915,2.9044628143310547,0.580916702747345,-2.4001686573028564,2.4093539714813232,-0.03160044178366661,0.4491858184337616,24.568119049072266,27.180810928344727,25.090288162231445,0.30829209089279175,-0.6974620819091797,0.54530268907547,1.2427647113800049,126.0,3.6772103290906477,4.199028341765833,ok
/media/kabir/Research/Project/sodium battery /Data_Failure_Mode_and_Degradation_Analysis_of_a_Commercial_Sodium-Ion_Battery_With_Severe_Gassing_Issue/Standard cycling/DOD20_2C2C_25degC/CU_at_25degC/S2000FPG1Z_CU_at25degC_V08_5064.ird,DOD20_2C2C_25degC,CU,S2000FPG1Z,8,5064,25,15.409,20.0,2.0,2.0,25.0,179818.0,299073.936973684,1.0000016749836504,1.663212805094535,1.4994525909423828,3.800405740737915,2.9039576053619385,0.580597460269928,-2.4001762866973877,2.409564971923828,-0.03157820180058479,0.4491775631904602,24.732349395751953,27.269390106201172,25.17620277404785,0.3148534595966339,-0.697965145111084,0.5446159839630127,1.2425811290740967,126.0,3.675312053372592,4.196774836767807,ok
/media/kabir/Research/Project/sodium battery /Data_Failure_Mode_and_Degradation_Analysis_of_a_Commercial_Sodium-Ion_Battery_With_Severe_Gassing_Issue/Standard cycling/DOD20_2C2C_25degC/CU_at_25degC/S2000FPG1Z_CU_at25degC_V10_5107.ird,DOD20_2C2C_25degC,CU,S2000FPG1Z,10,5107,25,15.395,20.0,2.0,2.0,25.0,179885.0,299224.161503935,1.000001678999979,1.6634284400165384,1.4992618560791016,3.800405740737915,2.902703046798706,0.5808899998664856,-2.4001686573028564,2.410092830657959,-0.03163338080048561,0.4491383135318756,24.70648956298828,27.235790252685547,25.1707706451416,0.2998065650463104,-0.701480507850647,0.5420453548431396,1.2435258626937866,126.0,3.6770786800044477,4.201018627944315,ok
/media/kabir/Research/Project/sodium battery /Data_Failure_Mode_and_Degradation_Analysis_of_a_Commercial_Sodium-Ion_Battery_With_Severe_Gassing_Issue/Standard cycling/DOD20_2C2C_25degC/CU_at_25degC/S2000FPG1Z_CU_at25degC_V12_5147.ird,DOD20_2C2C_25degC,CU,S2000FPG1Z,12,5147,25,15.388,20.0,2.0,2.0,25.0,179810.0,299039.819292364,1.0000016749836504,1.6630970601714263,1.4998339414596558,3.800405740737915,2.902393102645874,0.5808069705963135,-2.4001686573028564,2.40967059135437,-0.031616777181625366,0.4491729438304901,24.70496940612793,27.278549194335938,25.102699279785156,0.31909075379371643,-0.7009877562522888,0.5413840413093567,1.2423717975616455,126.0,3.673055085922534,4.196840456118069,ok
/media/kabir/Research/Project/sodium battery /Data_Failure_Mode_and_Degradation_Analysis_of_a_Commercial_Sodium-Ion_Battery_With_Severe_Gassing_Issue/Standard cycling/DOD20_2C2C_25degC/CU_at_25degC/S2000FPG1Z_CU_at25degC_V14_5185.ird,DOD20_2C2C_25degC,CU,S2000FPG1Z,14,5185,25,15.388,20.0,2.0,2.0,25.0,179851.0,299156.506012721,1.0000025139888749,1.663366727899477,1.4992618560791016,3.800405740737915,2.901644229888916,0.5806170701980591,-2.4001083374023438,2.409987449645996,-0.03161994740366936,0.4491337239742279,24.823589324951172,27.235790252685547,25.240129470825195,0.29738789796829224,-0.7027923464775085,0.5404868125915527,1.243279218673706,126.0,3.6740867968640987,4.198563890963598,ok
/media/kabir/Research/Project/sodium battery /Data_Failure_Mode_and_Degradation_Analysis_of_a_Commercial_Sodium-Ion_Battery_With_Severe_Gassing_Issue/Standard cycling/DOD20_2C2C_25degC/CU_at_25degC/S2000FPG1Z_CU_at25degC_V16_5224.ird,DOD20_2C2C_25degC,CU,S2000FPG1Z,16,5224,25,3.453,20.0,2.0,2.0,25.0,40006.0,626340.30178995,10.000005026930012,15.656550475939255,2.9998586177825928,3.8007872104644775,3.597498655319214,0.19733145833015442,-2.4001686573028564,2.4080870151519775,-0.02943756990134716,1.424550175666809,24.753639221191406,27.657289505004883,26.029111862182617,0.6600169539451599,-1.823611484041976e-07,0.5496559739112854,0.5496561527252197,1208.0,47.86364159099137,48.54619913061145,ok
/media/kabir/Research/Project/sodium battery /Data_Failure_Mode_and_Degradation_Analysis_of_a_Commercial_Sodium-Ion_Battery_With_Severe_Gassing_Issue/Standard cycling/DOD20_2C2C_25degC/CU_at_25degC/S2000FPG1Z_CU_at25degC_V16_5247.ird,DOD20_2C2C_25degC,CU,S2000FPG1Z,16,5247,25,15.378,20.0,2.0,2.0,25.0,179552.0,298481.505781402,1.0000016750127543,1.6623772954837455,1.4998339414596558,3.800405740737915,2.903463125228882,0.5791645050048828,-2.400193214416504,2.40967059135437,-0.031495727598667145,0.449223130941391,24.787099838256836,27.33353042602539,25.186275482177734,0.3171123266220093,-0.7008275389671326,0.538354754447937,1.2391822338104248,126.0,3.6574232832671885,4.179072963033075,ok
/media/kabir/Research/Project/sodium battery /Data_Failure_Mode_and_Degradation_Analysis_of_a_Commercial_Sodium-Ion_Battery_With_Severe_Gassing_Issue/Standard cycling/DOD20_2C2C_25degC/CU_at_25degC/S2000FPG1Z_CU_at25degC_V18_5296.ird,DOD20_2C2C_25degC,CU,S2000FPG1Z,18,5296,25,15.404,20.0,2.0,2.0,25.0,179875.0,299195.119260515,1.0000016780104488,1.663359458623898,1.4992618560791016,3.800405740737915,2.8999130725860596,0.5808227062225342,-2.4000706672668457,2.409564971923828,-0.031647685915231705,0.44910699129104614,24.677600860595703,27.3121395111084,25.185134887695312,0.3104530870914459,-0.7054780721664429,0.5381119251251221,1.243589997291565,126.0,3.6737442683143335,4.199854459090033,ok
/media/kabir/Research/Project/sodium battery /Data_Failure_Mode_and_Degradation_Analysis_of_a_Commercial_Sodium-Ion_Battery_With_Severe_Gassing_Issue/Standard cycling/DOD20_2C2C_25degC/CU_at_25degC/S2000FPG1Z_CU_at25degC_V20_5317.ird,DOD20_2C2C_25degC,CU,S2000FPG1Z,20,5317,25,15.388,20.0,2.0,2.0,25.0,179820.0,299052.675006505,1.000001677981345,1.6630760654130263,1.4994525909423828,3.800405740737915,2.8998634815216064,0.5805121660232544,-2.4001686573028564,2.409776210784912,-0.03164085000753403,0.44913017749786377,24.720190048217773,27.30908966064453,25.0992374420166,0.3249521553516388,-0.7057816386222839,0.5370155572891235,1.2427971363067627,126.0,3.670180126825127,4.196932083656283,ok
/media/kabir/Research/Project/sodium battery /Data_Failure_Mode_and_Degradation_Analysis_of_a_Commercial_Sodium-Ion_Battery_With_Severe_Gassing_Issue/Standard cycling/DOD20_2C2C_25degC/CU_at_25degC/S2000FPG1Z_CU_at25degC_V22_5341.ird,DOD20_2C2C_25degC,CU,S2000FPG1Z,22,5341,25,15.4,20.0,2.0,2.0,25.0,179813.0,299055.887348314,1.0000016740013962,1.6631586732159922,1.4992618560791016,3.800405740737915,2.8995001316070557,0.5803574323654175,-2.4001686573028564,2.409987449645996,-0.03165130317211151,0.4491361379623413,24.77492904663086,27.269390106201172,25.219038009643555,0.3032986521720886,-0.7063929438591003,0.5363259315490723,1.2427189350128174,126.0,3.6700090400012146,4.196837545192054,ok
/media/kabir/Research/Project/sodium battery /Data_Failure_Mode_and_Degradation_Analysis_of_a_Commercial_Sodium-Ion_Battery_With_Severe_Gassing_Issue/Standard cycling/DOD20_2C2C_25degC/CU_at_25degC/S2000FPG1Z_CU_at25degC_V24_5403.ird,DOD20_2C2C_25degC,CU,S2000FPG1Z,24,5403,25,15.342,20.0,2.0,2.0,25.0,179361.0,298005.862987354,1.000001678999979,1.6614956678599129,1.499643325805664,3.800215005874634,2.9032182693481445,0.5776766538619995,-2.4001758098602295,2.40967059135437,-0.03149186074733734,0.4492775797843933,24.72627067565918,27.382400512695312,25.116783142089844,0.3123045861721039,-0.7050570249557495,0.5312538146972656,1.2363108396530151,126.0,3.6436598246571137,4.1684655338288525,ok
/media/kabir/Research/Project/sodium battery /Data_Failure_Mode_and_Degradation_Analysis_of_a_Commercial_Sodium-Ion_Battery_With_Severe_Gassing_Issue/Standard cycling/DOD20_2C2C_25degC/CU_at_25degC/S2000FPG1Z_CU_at25degC_V26_5421.ird,DOD20_2C2C_25degC,CU,S2000FPG1Z,26,5421,25,15.374,20.0,2.0,2.0,25.0,179651.0,298644.001560753,1.0000025169938453,1.662365719792669,1.499643325805664,3.800215005874634,2.9000213146209717,0.5791724324226379,-2.4001686573028564,2.40967059135437,-0.03156367316842079,0.4491535425186157,24.677600860595703,27.28466033935547,25.110517501831055,0.3051687479019165,-0.7056853771209717,0.5346447229385376,1.2403301000595093,126.0,3.6589993907680687,4.184477372737748,ok
/media/kabir/Research/Project/sodium battery /Data_Failure_Mode_and_Degradation_Analysis_of_a_Commercial_Sodium-Ion_Battery_With_Severe_Gassing_Issue/Standard cycling/DOD20_2C2C_25degC/Cycling_Periods/S2000FN6H3_CYC_at25degC_V01_4924.ird,DOD20_2C2C_25degC,CYC,S2000FN6H3,1,4924,25,3.351,20.0,2.0,2.0,25.0,38721.0,584823.685587606,10.000003352004569,15.103917499679905,2.2571630477905273,3.800794839859009,3.6136438846588135,0.18351314961910248,-2.4001197814941406,2.40004563331604,-0.0254556592553854,1.4506278038024902,24.939159393310547,27.599260330200195,26.179853439331055,0.5770314335823059,-1.8396065115666715e-07,1.0931178331375122,1.0931180715560913,1208.0,48.415655635054364,48.56067354194375,ok
/media/kabir/Research/Project/sodium battery /Data_Failure_Mode_and_Degradation_Analysis_of_a_Commercial_Sodium-Ion_Battery_With_Severe_Gassing_Issue/Standard cycling/DOD20_2C2C_25degC/Cycling_Periods/S2000FN6H3_CYC_at25degC_V03_4958.ird,DOD20_2C2C_25degC,CYC,S2000FN6H3,3,4958,25,3.432,20.0,2.0,2.0,25.0,40069.0,627384.509510504,10.000006703994586,15.657994147711486,2.2468607425689697,3.800794839859009,3.5638434886932373,0.3116855323314667,-2.4001779556274414,2.4000508785247803,-0.024579646065831184,1.4264743328094482,24.945240020751953,27.5839900970459,26.154457092285156,0.5851799845695496,-2.4211914251281996e-07,1.092434048652649,1.092434287071228,1208.0,48.41491028369755,48.55842064600249,ok
/media/kabir/Research/Project/sodium battery /Data_Failure_Mode_and_Degradation_Analysis_of_a_Commercial_Sodium-Ion_Battery_With_Severe_Gassing_Issue/Standard cycling/DOD20_2C2C_25degC/Cycling_Periods/S2000FN6H3_CYC_at25degC_V05_5000.ird,DOD20_2C2C_25degC,CYC,S2000FN6H3,5,5000,25,3.427,20.0,2.0,2.0,25.0,40017.0,626965.4939948211,10.000005865935236,15.667870201789812,2.2472422122955322,3.80098557472229,3.563267230987549,0.3117963671684265,-2.4000773429870605,2.4000508785247803,-0.02454742044210434,1.4277222156524658,24.917869567871094,27.602310180664062,26.167348861694336,0.5876335501670837,-2.52480162998836e-07,1.0943779945373535,1.0943782329559326,1208.0,48.419455530760075,48.55816523909449,ok
/media/kabir/Research/Project/sodium battery /Data_Failure_Mode_and_Degradation_Analysis_of_a_Commercial_Sodium-Ion_Battery_With_Severe_Gassing_Issue/Standard cycling/DOD20_2C2C_25degC/Cycling_Periods/S2000FN6H3_CYC_at25degC_V07_5041.ird,DOD20_2C2C_25degC,CYC,S2000FN6H3,7,5041,25,3.426,20.0,2.0,2.0,25.0,40008.0,626931.493877487,10.000007542956155,15.670545001561901,2.2304532527923584,3.80098557472229,3.5623795986175537,0.31412503123283386,-2.4001355171203613,2.4000985622406006,-0.02457728423178196,1.427918791770935,24.87529945373535,27.61758041381836,26.174793243408203,0.5975638628005981,-2.1586539844520303e-07,1.0920846462249756,1.0920848846435547,1208.0,48.41602012195819,48.556972891211274,ok
/media/kabir/Research/Project/sodium battery /Data_Failure_Mode_and_Degradation_Analysis_of_a_Commercial_Sodium-Ion_Battery_With_Severe_Gassing_Issue/Standard cycling/DOD20_2C2C_25degC/Cycling_Periods/S2000FN6H3_CYC_at25degC_V09_5082.ird,DOD20_2C2C_25degC,CYC,S2000FN6H3,9,5082,25,3.423,20.0,2.0,2.0,25.0,39966.0,626645.6446015979,10.000004190951586,15.67986099340918,2.2615511417388916,3.800794839859009,3.562892198562622,0.3098237216472626,-2.4000985622406006,2.401156425476074,-0.02470371499657631,1.428721308708191,24.969579696655273,27.623699188232422,26.198965072631836,0.5958848595619202,-1.9106401794033445e-07,1.0799498558044434,1.0799500942230225,1208.0,48.40140606680258,48.55305416077142,ok
/media/kabir/Research/Project/sodium battery /Data_Failure_Mode_and_Degradation_Analysis_of_a_Commercial_Sodium-Ion_Battery_With_Severe_Gassing_Issue/Standard cycling/DOD20_2C2C_25degC/Cycling_Periods/S2000FN6H3_CYC_at25degC_V11_5127.ird,DOD20_2C2C_25degC,CYC,S2000FN6H3,11,5127,25,3.423,20.0,2.0,2.0,25.0,39968.0,626564.755917576,10.000006704009138,15.677052466224033,2.247814655303955,3.80098557472229,3.5620598793029785,0.3120526075363159,-2.400082588195801,2.4016852378845215,-0.02457384392619133,1.4288506507873535,24.92091941833496,27.544269561767578,26.085784912109375,0.5777035355567932,-1.9097501535725314e-07,1.090617060661316,1.090617299079895,1208.0,48.41543237615809,48.55394182606527,ok
/media/kabir/Research/Project/sodium battery /Data_Failure_Mode_and_Degradation_Analysis_of_a_Commercial_Sodium-Ion_Battery_With_Severe_Gassing_Issue/Standard cycling/DOD20_2C2C_25degC/Cycling_Periods/S2000FN6H3_CYC_at25degC_V13_5175.ird,DOD20_2C2C_25degC,CYC,S2000FN6H3,13,5175,25,3.422,20.0,2.0,2.0,25.0,39961.0,626398.145596422,10.000004191009793,15.67562926917973,2.2495317459106445,3.80098557472229,3.561863422393799,0.3118005096912384,-2.40008807182312,2.402425765991211,-0.024572445079684258,1.429058313369751,24.933080673217773,27.52899932861328,26.090200424194336,0.5767823457717896,-1.9320000888001232e-07,1.0872740745544434,1.0872743129730225,1208.0,48.4117992018039,48.552927936186435,ok
/media/kabir/Research/Project/sodium battery /Data_Failure_Mode_and_Degradation_Analysis_of_a_Commercial_Sodium-Ion_Battery_With_Severe_Gassing_Issue/Standard cycling/DOD20_2C2C_25degC/Cycling_Periods/S2000FN6H3_CYC_at25degC_V15_5204.ird,DOD20_2C2C_25degC,CYC,S2000FN6H3,15,5204,25,3.422,20.0,2.0,2.0,25.0,39951.0,626237.7934609479,10.000008382019587,15.675539260599448,2.25048565864563,3.800794839859009,3.561552047729492,0.3117184042930603,-2.4001779556274414,2.402531623840332,-0.024635672569274902,1.4292826652526855,25.036640167236328,27.51679039001465,26.08272361755371,0.5674231648445129,-1.9619409385995823e-07,1.0822582244873047,1.0822584629058838,1208.0,48.40584396113607,48.55083810119846,ok
/media/kabir/Research/Project/sodium battery /Data_Failure_Mode_and_Degradation_Analysis_of_a_Commercial_Sodium-Ion_Battery_With_Severe_Gassing_Issue/Standard cycling/DOD20_2C2C_25degC/Cycling_Periods/S2000FN6H3_CYC_at25degC_V17_5264.ird,DOD20_2C2C_25degC,CYC,S2000FN6H3,17,5264,25,3.422,20.0,2.0,2.0,25.0,39938.0,626007.2158909229,10.0000033529941,15.674868314868995,2.2756690979003906,3.800794839859009,3.562011241912842,0.3078562915325165,-2.4002044200897217,2.4036951065063477,-0.024729324504733086,1.4295107126235962,24.981740951538086,27.596200942993164,26.1827449798584,0.5920516848564148,-1.8106292998254503e-07,1.0698301792144775,1.0698304176330566,1208.0,48.395504361854755,48.547879050408135,ok
/media/kabir/Research/Project/sodium battery /Data_Failure_Mode_and_Degradation_Analysis_of_a_Commercial_Sodium-Ion_Battery_With_Severe_Gassing_Issue/Standard cycling/DOD20_2C2C_25degC/Cycling_Periods/S2000FN6H3_CYC_at25degC_V19_5300.ird,DOD20_2C2C_25degC,CYC,S2000FN6H3,19,5300,25,3.418,20.0,2.0,2.0,25.0,39915.0,625853.0027738741,10.000007543014362,15.680037149217668,2.235222816467285,3.800794839859009,3.560231924057007,0.31400325894355774,-2.4000985622406006,2.404012441635132,-0.024600962176918983,1.4302016496658325,24.91179084777832,27.60841941833496,26.1503849029541,0.597378671169281,-1.76363187165407e-07,1.0853780508041382,1.0853781700134277,1208.0,48.41181976342065,48.548755294330014,ok
/media/kabir/Research/Project/sodium battery /Data_Failure_Mode_and_Degradation_Analysis_of_a_Commercial_Sodium-Ion_Battery_With_Severe_Gassing_Issue/Standard cycling/DOD20_2C2C_25degC/Cycling_Periods/S2000FN6H3_CYC_at25degC_V21_5330.ird,DOD20_2C2C_25degC,CYC,S2000FN6H3,21,5330,25,3.417,20.0,2.0,2.0,25.0,39895.0,625773.455238716,10.000010055013263,15.685904026638491,2.245525360107422,3.800794839859009,3.56023907661438,0.31265151500701904,-2.400109052658081,2.404118299484253,-0.024624107405543327,1.430640697479248,24.85095977783203,27.57685089111328,26.11974334716797,0.5970867872238159,-1.6457227047794731e-07,1.0841230154037476,1.084123134613037,1208.0,48.40971032632544,48.54773153127409,ok
/media/kabir/Research/Project/sodium battery /Data_Failure_Mode_and_Degradation_Analysis_of_a_Commercial_Sodium-Ion_Battery_With_Severe_Gassing_Issue/Standard cycling/DOD20_2C2C_25degC/Cycling_Periods/S2000FN6H3_CYC_at25degC_V23_5360.ird,DOD20_2C2C_25degC,CYC,S2000FN6H3,23,5360,25,16.726,20.0,2.0,2.0,25.0,190877.0,2916341.988805584,10.000005865003914,15.278725396621807,2.2579262256622314,3.800794839859009,3.6088521480560303,0.20562762022018433,-2.4003100395202637,2.4048588275909424,-0.029735039919614792,1.4575073719024658,24.981740951538086,27.706159591674805,26.236833572387695,0.5790867805480957,-1.7354041403905285e-07,1.135463833808899,1.1354639530181885,6008.0,237.74191780782164,240.56422453352877,ok
/media/kabir/Research/Project/sodium battery /Data_Failure_Mode_and_Degradation_Analysis_of_a_Commercial_Sodium-Ion_Battery_With_Severe_Gassing_Issue/Standard cycling/DOD20_2C2C_25degC/Cycling_Periods/S2000FN6H3_CYC_at25degC_V25_5416.ird,DOD20_2C2C_25degC,CYC,S2000FN6H3,25,5416,25,3.423,20.0,2.0,2.0,25.0,39954.0,625961.246635656,10.000004191009793,15.667440408371238,2.248387098312378,3.800794839859009,3.5600695610046387,0.31178757548332214,-2.400130271911621,2.404329776763916,-0.024715853855013847,1.4292314052581787,24.908750534057617,27.56566047668457,26.141775131225586,0.5911761522293091,-1.63960535815022e-07,1.068021297454834,1.0680214166641235,1208.0,48.392339752558435,48.54341577748454,ok
/media/kabir/Research/Project/sodium battery /Data_Failure_Mode_and_Degradation_Analysis_of_a_Commercial_Sodium-Ion_Battery_With_Severe_Gassing_Issue/Standard cycling/DOD20_2C2C_25degC/Cycling_Periods/S2000FN72C_CYC_at25degC_V01_4925.ird,DOD20_2C2C_25degC,CYC,S2000FN72C,1,4925,25,3.35,20.0,2.0,2.0,25.0,38700.0,585136.829259979,10.000004187982995,15.120205412542418,2.258448839187622,3.8008320331573486,3.6154048442840576,0.18269605934619904,-2.400172710418701,2.405569314956665,-0.025457099080085754,1.4507189989089966,24.960460662841797,27.755029678344727,26.21961784362793,0.6371797323226929,-1.1220306106451972e-07,1.0938583612442017,1.0938584804534912,1208.0,48.41361731454916,48.56427226491125,ok
/media/kabir/Research/Project/sodium battery /Data_Failure_Mode_and_Degradation_Analysis_of_a_Commercial_Sodium-Ion_Battery_With_Severe_Gassing_Issue/Standard cycling/DOD20_2C2C_25degC/Cycling_Periods/S2000FN72C_CYC_at25degC_V03_4959.ird,DOD20_2C2C_25degC,CYC,S2000FN72C,3,4959,25,3.434,20.0,2.0,2.0,25.0,40075.0,627767.5484417649,10.000008382019587,15.665208076103331,2.2496745586395264,3.8008320331573486,3.5657403469085693,0.31099748611450195,-2.4001619815826416,2.4051461219787598,-0.02458244003355503,1.4259521961212158,24.978700637817383,27.776409149169922,26.202133178710938,0.6490532159805298,-1.2973494278867292e-07,1.0923891067504883,1.0923892259597778,1208.0,48.41206363508997,48.562125371048815,ok
/media/kabir/Research/Project/sodium battery /Data_Failure_Mode_and_Degradation_Analysis_of_a_Commercial_Sodium-Ion_Battery_With_Severe_Gassing_Issue/Standard cycling/DOD20_2C2C_25degC/Cycling_Periods/S2000FN72C_CYC_at25degC_V05_5001.ird,DOD20_2C2C_25degC,CYC,S2000FN72C,5,5001,25,3.428,20.0,2.0,2.0,25.0,40012.0,627314.628350074,10.000009219998901,15.678554106372596,2.250818967819214,3.80102276802063,3.5651843547821045,0.3110174834728241,-2.4000985622406006,2.4050402641296387,-0.0245860256254673,1.4274169206619263,24.954370498657227,27.764190673828125,26.209375381469727,0.651505172252655,-7.443904337378626e-08,1.0921306610107422,1.0921307802200317,1208.0,48.417079033408484,48.56206055830932,ok
/media/kabir/Research/Project/sodium battery /Data_Failure_Mode_and_Degradation_Analysis_of_a_Commercial_Sodium-Ion_Battery_With_Severe_Gassing_Issue/Standard cycling/DOD20_2C2C_25degC/Cycling_Periods/S2000FN72C_CYC_at25degC_V07_5042.ird,DOD20_2C2C_25degC,CYC,S2000FN72C,7,5042,25,3.424,20.0,2.0,2.0,25.0,39974.0,627082.6550292,10.000005865003914,15.687655543221675,2.2325072288513184,3.80102276802063,3.5641393661499023,0.31358808279037476,-2.4000985622406006,2.4046170711517334,-0.024655254557728767,1.4282222986221313,24.908750534057617,27.785579681396484,26.21488380432129,0.6555007100105286,-1.2520904135726596e-07,1.0893490314483643,1.0893491506576538,1208.0,48.41410887080336,48.560842537314755,ok
/media/kabir/Research/Project/sodium battery /Data_Failure_Mode_and_Degradation_Analysis_of_a_Commercial_Sodium-Ion_Battery_With_Severe_Gassing_Issue/Standard cycling/DOD20_2C2C_25degC/Cycling_Periods/S2000FN72C_CYC_at25degC_V09_5083.ird,DOD20_2C2C_25degC,CYC,S2000FN72C,9,5083,25,3.424,20.0,2.0,2.0,25.0,39962.0,626764.7479623699,10.000004191009793,15.68441099978404,2.2660787105560303,3.8008320331573486,3.5647454261779785,0.3088085353374481,-2.400172710418701,2.4050402641296387,-0.024768130853772163,1.4285948276519775,25.0,27.78862953186035,26.24394989013672,0.6513298153877258,-1.3444413582419656e-07,1.076611042022705,1.0766111612319946,1208.0,48.39773278093269,48.55709791685872,ok
/media/kabir/Research/Project/sodium battery /Data_Failure_Mode_and_Degradation_Analysis_of_a_Commercial_Sodium-Ion_Battery_With_Severe_Gassing_Issue/Standard cycling/DOD20_2C2C_25degC/Cycling_Periods/S2000FN72C_CYC_at25degC_V11_5137.ird,DOD20_2C2C_25degC,CYC,S2000FN72C,11,5137,25,3.417,20.0,2.0,2.0,25.0,39897.0,626146.507970913,10.000011733005522,15.694468316896756,2.242616891860962,3.8008320331573486,3.563162326812744,0.3127932548522949,-2.4000508785247803,2.405675172805786,-0.02476799115538597,1.4302411079406738,24.99390983581543,27.767250061035156,26.177579879760742,0.6370359063148499,-1.1647449582596892e-07,1.077462911605835,1.0774630308151245,1208.0,48.39763050859176,48.5551253190739,ok
/media/kabir/Research/Project/sodium battery /Data_Failure_Mode_and_Degradation_Analysis_of_a_Commercial_Sodium-Ion_Battery_With_Severe_Gassing_Issue/Standard cycling/DOD20_2C2C_25degC/Cycling_Periods/S2000FN72C_CYC_at25degC_V13_5187.ird,DOD20_2C2C_25degC,CYC,S2000FN72C,13,5187,25,3.413,20.0,2.0,2.0,25.0,39843.0,625832.7064631741,10.000007543014362,15.707863723286334,2.2618823051452637,3.80102276802063,3.5636353492736816,0.30979663133621216,-2.4001142978668213,2.405251979827881,-0.024774914607405663,1.4314392805099487,25.0,27.72447967529297,26.183629989624023,0.6394060850143433,-1.310891661887581e-07,1.0759477615356445,1.075947880744934,1208.0,48.40167639346115,48.55526942250932,ok
/media/kabir/Research/Project/sodium battery /Data_Failure_Mode_and_Degradation_Analysis_of_a_Commercial_Sodium-Ion_Battery_With_Severe_Gassing_Issue/Standard cycling/DOD20_2C2C_25degC/Cycling_Periods/S2000FN72C_CYC_at25degC_V15_5231.ird,DOD20_2C2C_25degC,CYC,S2000FN72C,15,5231,25,3.41,20.0,2.0,2.0,25.0,39803.0,625513.399455848,10.000003353001375,15.715627341737806,2.273327112197876,3.8008320331573486,3.5634708404541016,0.3080787658691406,-2.400172710418701,2.4058868885040283,-0.02484258823096752,1.432394027709961,25.02136993408203,27.773359298706055,26.224853515625,0.6411749124526978,-1.1550802980764274e-07,1.0736242532730103,1.0736243724822998,1208.0,48.39772817302173,48.5529952972255,ok
/media/kabir/Research/Project/sodium battery /Data_Failure_Mode_and_Degradation_Analysis_of_a_Commercial_Sodium-Ion_Battery_With_Severe_Gassing_Issue/Standard cycling/DOD20_2C2C_25degC/Cycling_Periods/S2000FN72C_CYC_at25degC_V17_5265.ird,DOD20_2C2C_25degC,CYC,S2000FN72C,17,5265,25,3.406,20.0,2.0,2.0,25.0,39768.0,625278.273350817,10.000004191009793,15.723546492086829,2.270275115966797,3.8008320331573486,3.5628960132598877,0.30869635939598083,-2.4003841876983643,2.406944990158081,-0.024867098778486252,1.4331969022750854,25.018310546875,27.748920440673828,26.219589233398438,0.6371563076972961,-1.2336217025676888e-07,1.0715184211730957,1.0715185403823853,1208.0,48.397127135329754,48.55189007281343,ok
/media/kabir/Research/Project/sodium battery /Data_Failure_Mode_and_Degradation_Analysis_of_a_Commercial_Sodium-Ion_Battery_With_Severe_Gassing_Issue/Standard cycling/DOD20_2C2C_25degC/Cycling_Periods/S2000FN72C_CYC_at25degC_V19_5301.ird,DOD20_2C2C_25degC,CYC,S2000FN72C,19,5301,25,3.403,20.0,2.0,2.0,25.0,39732.0,625236.875784648,10.000006703980034,15.73675154878176,2.238801956176758,3.8008320331573486,3.5616891384124756,0.3134492337703705,-2.4000720977783203,2.405569314956665,-0.024769900366663933,1.434008240699768,24.899620056152344,27.755029678344727,26.179285049438477,0.6410930156707764,-1.2487107881042903e-07,1.0835860967636108,1.0835862159729004,1208.0,48.40958240816928,48.552835550161134,ok
/media/kabir/Research/Project/sodium battery /Data_Failure_Mode_and_Degradation_Analysis_of_a_Commercial_Sodium-Ion_Battery_With_Severe_Gassing_Issue/Standard cycling/DOD20_2C2C_25degC/Cycling_Periods/S2000FN72C_CYC_at25degC_V21_5331.ird,DOD20_2C2C_25degC,CYC,S2000FN72C,21,5331,25,3.404,20.0,2.0,2.0,25.0,39750.0,625240.405756656,10.000010894029401,15.729714099893226,2.2489113807678223,3.8008320331573486,3.561783790588379,0.31205615401268005,-2.4001779556274414,2.405569314956665,-0.024740729480981827,1.433707594871521,24.887460708618164,27.693939208984375,26.142505645751953,0.6386470794677734,-1.0752054890872387e-07,1.082938313484192,1.0829384326934814,1208.0,48.410157392229856,48.55173020312689,ok
/media/kabir/Research/Project/sodium battery /Data_Failure_Mode_and_Degradation_Analysis_of_a_Commercial_Sodium-Ion_Battery_With_Severe_Gassing_Issue/Standard cycling/DOD20_2C2C_25degC/Cycling_Periods/S2000FN72C_CYC_at25degC_V23_5362.ird,DOD20_2C2C_25degC,CYC,S2000FN72C,23,5362,25,16.689,20.0,2.0,2.0,25.0,190461.0,2912741.761539769,10.000005027279258,15.293194169588201,2.2624545097351074,3.8008320331573486,3.6102144718170166,0.20436792075634003,-2.400278329849243,2.4063100814819336,-0.029766526073217392,1.459587574005127,24.996950149536133,27.8710994720459,26.284229278564453,0.6428194046020508,-1.2231728874212422e-07,1.1455931663513184,1.145593285560608,6008.0,237.74725705852808,240.56833572334662,ok
/media/kabir/Research/Project/sodium battery /Data_Failure_Mode_and_Degradation_Analysis_of_a_Commercial_Sodium-Ion_Battery_With_Severe_Gassing_Issue/Standard cycling/DOD20_2C2C_25degC/Cycling_Periods/S2000FN72C_CYC_at25degC_V25_5417.ird,DOD20_2C2C_25degC,CYC,S2000FN72C,25,5417,25,3.412,20.0,2.0,2.0,25.0,39838.0,625398.900536153,10.000005030000466,15.69894571720142,2.2481484413146973,3.8006412982940674,3.5613253116607666,0.31167590618133545,-2.400172710418701,2.408003091812134,-0.02482566051185131,1.4317783117294312,24.951330184936523,27.72447967529297,26.18988609313965,0.6377696990966797,-9.31801622527928e-08,1.0669711828231812,1.0669713020324707,1208.0,48.39198437943261,48.5473433802562,ok
/media/kabir/Research/Project/sodium battery /Data_Failure_Mode_and_Degradation_Analysis_of_a_Commercial_Sodium-Ion_Battery_With_Severe_Gassing_Issue/Standard cycling/DOD20_2C2C_25degC/Cycling_Periods/S2000FPG1Z_CYC_at25degC_V01_4921.ird,DOD20_2C2C_25degC,CYC,S2000FPG1Z,1,4921,25,3.372,20.0,2.0,2.0,25.0,38868.0,586262.6438219141,10.000005865993444,15.083815159953533,2.257474184036255,3.8007872104644775,3.6137540340423584,0.18419085443019867,-2.4001686573028564,2.4076647758483887,-0.025422394275665283,1.4467171430587769,24.68368911743164,27.568710327148438,25.971431732177734,0.6306827664375305,-1.3122364350692806e-07,1.080947995185852,1.0809481143951416,1208.0,48.39975284809976,48.557788106137046,ok
/media/kabir/Research/Project/sodium battery /Data_Failure_Mode_and_Degradation_Analysis_of_a_Commercial_Sodium-Ion_Battery_With_Severe_Gassing_Issue/Standard cycling/DOD20_2C2C_25degC/Cycling_Periods/S2000FPG1Z_CYC_at25degC_V03_4957.ird,DOD20_2C2C_25degC,CYC,S2000FPG1Z,3,4957,25,3.456,20.0,2.0,2.0,25.0,40246.0,629069.99994113,10.000003353052307,15.631010061899117,2.249274253845215,3.8009777069091797,3.5643746852874756,0.3112999498844147,-2.4001686573028564,2.4072422981262207,-0.024572119116783142,1.4219266176223755,24.68368911743164,27.425159454345703,25.88637351989746,0.6408190131187439,-1.5242818562910543e-07,1.0783287286758423,1.0783288478851318,1208.0,48.39768108530732,48.55585101224034,ok
/media/kabir/Research/Project/sodium battery /Data_Failure_Mode_and_Degradation_Analysis_of_a_Commercial_Sodium-Ion_Battery_With_Severe_Gassing_Issue/Standard cycling/DOD20_2C2C_25degC/Cycling_Periods/S2000FPG1Z_CYC_at25degC_V05_4999.ird,DOD20_2C2C_25degC,CYC,S2000FPG1Z,5,4999,25,3.452,20.0,2.0,2.0,25.0,40191.0,628459.310535502,10.000007541966625,15.637206034722615,2.249464988708496,3.8009777069091797,3.5637803077697754,0.3114113509654999,-2.4002742767333984,2.406925678253174,-0.024487320333719254,1.4234203100204468,24.735389709472656,27.590099334716797,25.974754333496094,0.6411494016647339,-1.7864327617189701e-07,1.0859379768371582,1.0859380960464478,1208.0,48.40553205080586,48.555836958496954,ok
/media/kabir/Research/Project/sodium battery /Data_Failure_Mode_and_Degradation_Analysis_of_a_Commercial_Sodium-Ion_Battery_With_Severe_Gassing_Issue/Standard cycling/DOD20_2C2C_25degC/Cycling_Periods/S2000FPG1Z_CYC_at25degC_V07_5040.ird,DOD20_2C2C_25degC,CYC,S2000FPG1Z,7,5040,25,3.45,20.0,2.0,2.0,25.0,40176.0,628213.312985256,10.000004191009793,15.636921293970278,2.2336370944976807,3.8009777069091797,3.5629043579101562,0.31361743807792664,-2.4001686573028564,2.4082980155944824,-0.024504153057932854,1.423814296722412,24.622859954833984,27.5931396484375,25.978452682495117,0.6532688736915588,-1.761575418868233e-07,1.0829288959503174,1.082929015159607,1208.0,48.40259427166852,48.55434562450764,ok
/media/kabir/Research/Project/sodium battery /Data_Failure_Mode_and_Degradation_Analysis_of_a_Commercial_Sodium-Ion_Battery_With_Severe_Gassing_Issue/Standard cycling/DOD20_2C2C_25degC/Cycling_Periods/S2000FPG1Z_CYC_at25degC_V09_5081.ird,DOD20_2C2C_25degC,CYC,S2000FPG1Z,9,5081,25,3.449,20.0,2.0,2.0,25.0,40161.0,628084.4210251169,10.0000033529941,15.639552316362474,2.263957977294922,3.8007872104644775,3.563474178314209,0.30932629108428955,-2.400131940841675,2.4072422981262207,-0.024656327441334724,1.424028754234314,24.720190048217773,27.443479537963867,25.92265510559082,0.6429691910743713,-1.768134723079129e-07,1.0686638355255127,1.0686639547348022,1208.0,48.38537981931471,48.550664579698086,ok
/media/kabir/Research/Project/sodium battery /Data_Failure_Mode_and_Degradation_Analysis_of_a_Commercial_Sodium-Ion_Battery_With_Severe_Gassing_Issue/Standard cycling/DOD20_2C2C_25degC/Cycling_Periods/S2000FPG1Z_CYC_at25degC_V11_5126.ird,DOD20_2C2C_25degC,CYC,S2000FPG1Z,11,5126,25,3.445,20.0,2.0,2.0,25.0,40117.0,627670.03850613,10.00000838105916,15.646376470887676,2.251181125640869,3.8009777069091797,3.5625553131103516,0.3114658296108246,-2.4002742767333984,2.4078757762908936,-0.02455267682671547,1.425228238105774,24.714099884033203,27.5839900970459,25.950246810913086,0.644483208656311,-1.7003760888201214e-07,1.0786516666412354,1.078651785850525,1208.0,48.40005931364062,48.55155643179324,ok
/media/kabir/Research/Project/sodium battery /Data_Failure_Mode_and_Degradation_Analysis_of_a_Commercial_Sodium-Ion_Battery_With_Severe_Gassing_Issue/Standard cycling/DOD20_2C2C_25degC/Cycling_Periods/S2000FPG1Z_CYC_at25degC_V13_5174.ird,DOD20_2C2C_25degC,CYC,S2000FPG1Z,13,5174,25,3.441,20.0,2.0,2.0,25.0,40067.0,627417.0235276701,10.000005865003914,15.659587269197576,2.2523252964019775,3.8009777069091797,3.562161922454834,0.31140080094337463,-2.4001686573028564,2.4073479175567627,-0.02461293525993824,1.4262877702713013,24.668479919433594,27.5839900970459,25.95274543762207,0.649712860584259,-1.8583897087864898e-07,1.0753419399261475,1.0753421783447266,1208.0,48.40021931739705,48.55050404977126,ok
/media/kabir/Research/Project/sodium battery /Data_Failure_Mode_and_Degradation_Analysis_of_a_Commercial_Sodium-Ion_Battery_With_Severe_Gassing_Issue/Standard cycling/DOD20_2C2C_25degC/Cycling_Periods/S2000FPG1Z_CYC_at25degC_V15_5203.ird,DOD20_2C2C_25degC,CYC,S2000FPG1Z,15,5203,25,3.442,20.0,2.0,2.0,25.0,40082.0,627476.440601369,10.00000502995681,15.655209216371073,2.25270676612854,3.8007872104644775,3.56192684173584,0.3113674521446228,-2.4001686573028564,2.4077701568603516,-0.024676812812685966,1.4258732795715332,24.7110595703125,27.400720596313477,25.852760314941406,0.6383312940597534,-1.8173439286783832e-07,1.067215085029602,1.0672153234481812,1208.0,48.389500849182156,48.54843550022305,ok
/media/kabir/Research/Project/sodium battery /Data_Failure_Mode_and_Degradation_Analysis_of_a_Commercial_Sodium-Ion_Battery_With_Severe_Gassing_Issue/Standard cycling/DOD20_2C2C_25degC/Cycling_Periods/S2000FPG1Z_CYC_at25degC_V17_5263.ird,DOD20_2C2C_25degC,CYC,S2000FPG1Z,17,5263,25,3.441,20.0,2.0,2.0,25.0,40054.0,627283.910770164,10.000003352004569,15.66134648516126,2.278832197189331,3.8007872104644775,3.562390089035034,0.3073653280735016,-2.4001424312591553,2.4087204933166504,-0.024788498878479004,1.4264423847198486,24.723230361938477,27.50152015686035,25.911964416503906,0.6435253024101257,-1.8106526056271832e-07,1.060962200164795,1.060962438583374,1208.0,48.37825271521654,48.545740510198996,ok
/media/kabir/Research/Project/sodium battery /Data_Failure_Mode_and_Degradation_Analysis_of_a_Commercial_Sodium-Ion_Battery_With_Severe_Gassing_Issue/Standard cycling/DOD20_2C2C_25degC/Cycling_Periods/S2000FPG1Z_CYC_at25degC_V19_5299.ird,DOD20_2C2C_25degC,CYC,S2000FPG1Z,19,5299,25,3.436,20.0,2.0,2.0,25.0,40017.0,626932.309714161,10.00000419098069,15.667040926483434,2.2385952472686768,3.8007872104644775,3.560575485229492,0.31349632143974304,-2.4001212120056152,2.4076647758483887,-0.024629123508930206,1.4275039434432983,24.698890686035156,27.614530563354492,25.951644897460938,0.6448032259941101,-1.6591934581811074e-07,1.0745184421539307,1.0745185613632202,1208.0,48.39838933132619,48.546355203256226,ok
/media/kabir/Research/Project/sodium battery /Data_Failure_Mode_and_Degradation_Analysis_of_a_Commercial_Sodium-Ion_Battery_With_Severe_Gassing_Issue/Standard cycling/DOD20_2C2C_25degC/Cycling_Periods/S2000FPG1Z_CYC_at25degC_V21_5329.ird,DOD20_2C2C_25degC,CYC,S2000FPG1Z,21,5329,25,3.434,20.0,2.0,2.0,25.0,39996.0,626691.421917681,10.000006704009138,15.66924420346746,2.2490835189819336,3.8007872104644775,3.560612201690674,0.312152624130249,-2.4001002311706543,2.4080870151519775,-0.02465599961578846,1.428045392036438,24.580280303955078,27.580930709838867,25.940509796142578,0.6540958881378174,-1.7201600144289841e-07,1.0716019868850708,1.0716021060943604,1208.0,48.3925731748749,48.545390616477945,ok
/media/kabir/Research/Project/sodium battery /Data_Failure_Mode_and_Degradation_Analysis_of_a_Commercial_Sodium-Ion_Battery_With_Severe_Gassing_Issue/Standard cycling/DOD20_2C2C_25degC/Cycling_Periods/S2000FPG1Z_CYC_at25degC_V23_5361.ird,DOD20_2C2C_25degC,CYC,S2000FPG1Z,23,5361,25,16.824,20.0,2.0,2.0,25.0,191460.0,2921052.144814766,10.000005865003914,15.256802473713776,2.260715961456299,3.8007872104644775,3.6088974475860596,0.20595785975456238,-2.4002742767333984,2.4093539714813232,-0.029679058119654655,1.4545152187347412,24.732349395751953,27.718379974365234,26.034944534301758,0.6467897295951843,-1.7199535307099723e-07,1.097556471824646,1.0975565910339355,6008.0,237.7015505719912,240.5618613807512,ok
/media/kabir/Research/Project/sodium battery /Data_Failure_Mode_and_Degradation_Analysis_of_a_Commercial_Sodium-Ion_Battery_With_Severe_Gassing_Issue/Standard cycling/DOD20_2C2C_25degC/Cycling_Periods/S2000FPG1Z_CYC_at25degC_V25_5415.ird,DOD20_2C2C_25degC,CYC,S2000FPG1Z,25,5415,25,3.438,20.0,2.0,2.0,25.0,40038.0,627097.358637205,10.000005030000466,15.662945741119591,2.2523252964019775,3.8007872104644775,3.5604641437530518,0.31126824021339417,-2.4003798961639404,2.4086148738861084,-0.024859102442860603,1.426719069480896,24.641109466552734,27.40683937072754,25.871334075927734,0.6441081762313843,-1.7086102843677509e-07,1.052751898765564,1.0527520179748535,1208.0,48.367233814989675,48.5411863801396,ok
/media/kabir/Research/Project/sodium battery /Data_Failure_Mode_and_Degradation_Analysis_of_a_Commercial_Sodium-Ion_Battery_With_Severe_Gassing_Issue/Standard cycling/DOD20_2C2C_40degC/CU_at_25degC/S2000FM244_CU_at25degC_V00_4911.ird,DOD20_2C2C_40degC,CU,S2000FM244,0,4911,25,15.255,20.0,2.0,2.0,40.0,178288.0,296523.520596425,1.0000016750127543,1.6631808297656308,1.4992539882659912,3.800119400024414,2.9125442504882812,0.5849207043647766,-2.4001407623291016,2.4047412872314453,-0.028707994148135185,0.4489004611968994,23.051490783691406,27.073909759521484,25.54464340209961,0.19824162125587463,-0.5462546944618225,0.6813658475875854,1.2276206016540527,126.0,3.651120235922886,4.014934887595735,ok
/media/kabir/Research/Project/sodium battery /Data_Failure_Mode_and_Degradation_Analysis_of_a_Commercial_Sodium-Ion_Battery_With_Severe_Gassing_Issue/Standard cycling/DOD20_2C2C_40degC/CU_at_25degC/S2000FM244_CU_at25degC_V02_4948.ird,DOD20_2C2C_40degC,CU,S2000FM244,2,4948,25,15.318,20.0,2.0,2.0,40.0,178345.0,295984.024564809,1.0000016780104488,1.6596242349886121,1.4999035596847534,3.8004674911499023,2.914675235748291,0.5827312469482422,-2.400151491165161,2.4055447578430176,-0.030402861535549164,0.4493265450000763,25.070240020751953,29.166139602661133,25.39805793762207,0.22538717091083527,-0.661015510559082,0.5621708035469055,1.2231862545013428,126.0,3.6024716271454498,4.076365523067366,ok
/media/kabir/Research/Project/sodium battery /Data_Failure_Mode_and_Degradation_Analysis_of_a_Commercial_Sodium-Ion_Battery_With_Severe_Gassing_Issue/Standard cycling/DOD20_2C2C_40degC/CU_at_25degC/S2000FM244_CU_at25degC_V04_4992.ird,DOD20_2C2C_40degC,CU,S2000FM244,4,4992,25,15.305,20.0,2.0,2.0,40.0,178150.0,295505.63537122,1.0000016750127543,1.6587555101135567,1.49952232837677,3.8004674911499023,2.9129021167755127,0.584126353263855,-2.400151491165161,2.4054388999938965,-0.030397458001971245,0.44938239455223083,25.070240020751953,29.463430404663086,25.40009880065918,0.2443021982908249,-0.6611122488975525,0.5572159886360168,1.2183282375335693,126.0,3.588608672072378,4.0656893078445435,ok
/media/kabir/Research/Project/sodium battery /Data_Failure_Mode_and_Degradation_Analysis_of_a_Commercial_Sodium-Ion_Battery_With_Severe_Gassing_Issue/Standard cycling/DOD20_2C2C_40degC/CU_at_25degC/S2000FM244_CU_at25degC_V06_5036.ird,DOD20_2C2C_40degC,CU,S2000FM244,6,5036,25,15.307,20.0,2.0,2.0,40.0,178171.0,295573.98755194905,1.000001678999979,1.6589436355837068,1.4992539882659912,3.8003103733062744,2.911377191543579,0.5842790603637695,-2.400299310684204,2.4073851108551025,-0.030464177951216698,0.4493381083011627,25.27794075012207,28.79351043701172,25.53459930419922,0.19821950793266296,-0.6697647571563721,0.5516082644462585,1.2213730812072754,126.0,3.585413064175319,4.067902270962489,ok
/media/kabir/Research/Project/sodium battery /Data_Failure_Mode_and_Degradation_Analysis_of_a_Commercial_Sodium-Ion_Battery_With_Severe_Gassing_Issue/Standard cycling/DOD20_2C2C_40degC/CU_at_25degC/S2000FM244_CU_at25degC_V08_5075.ird,DOD20_2C2C_40degC,CU,S2000FM244,8,5075,25,15.29,20.0,2.0,2.0,40.0,178178.0,295647.728032847,1.0000016779522412,1.6592923218644775,1.4991410970687866,3.8004674911499023,2.9107959270477295,0.5840266942977905,-2.400151491165161,2.4056503772735596,-0.03044685162603855,0.4492465555667877,24.504240036010742,35.11566925048828,25.408754348754883,0.24441121518611908,-0.6739266514778137,0.5487642288208008,1.2226908206939697,126.0,3.581735946215332,4.065443131802221,ok
/media/kabir/Research/Project/sodium battery /Data_Failure_Mode_and_Degradation_Analysis_of_a_Commercial_Sodium-Ion_Battery_With_Severe_Gassing_Issue/Standard cycling/DOD20_2C2C_40degC/CU_at_25degC/S2000FM244_CU_at25degC_V10_5124.ird,DOD20_2C2C_40degC,CU,S2000FM244,10,5124,25,15.308,20.0,2.0,2.0,40.0,178231.0,295801.826871247,1.0000016780104488,1.6596635071045673,1.4992539882659912,3.8003103733062744,2.909590721130371,0.5840160250663757,-2.400193691253662,2.408019781112671,-0.030429657548666,0.4491671025753021,25.238229751586914,32.197479248046875,25.5299015045166,0.20620141923427582,-0.6749706864356995,0.5488507747650146,1.2238214015960693,126.0,3.582992737249877,4.065851608794044,ok
/media/kabir/Research/Project/sodium battery /Data_Failure_Mode_and_Degradation_Analysis_of_a_Commercial_Sodium-Ion_Battery_With_Severe_Gassing_Issue/Standard cycling/DOD20_2C2C_40degC/CU_at_25degC/S2000FM244_CU_at25degC_V12_5168.ird,DOD20_2C2C_40degC,CU,S2000FM244,12,5168,25,15.302,20.0,2.0,2.0,40.0,178078.0,295480.697561334,1.000003352004569,1.6592861378018164,1.4998263120651245,3.8003103733062744,2.9093449115753174,0.5839444994926453,-2.400167226791382,2.408019781112671,-0.030305134132504463,0.4491844177246094,25.274879455566406,31.91221046447754,25.53516960144043,0.2108379304409027,-0.6711494326591492,0.5507610440254211,1.2219104766845703,126.0,3.5753040009131616,4.053689297831288,ok
/media/kabir/Research/Project/sodium battery /Data_Failure_Mode_and_Degradation_Analysis_of_a_Commercial_Sodium-Ion_Battery_With_Severe_Gassing_Issue/Standard cycling/DOD20_2C2C_40degC/CU_at_25degC/S2000FM244_CU_at25degC_V14_5195.ird,DOD20_2C2C_40degC,CU,S2000FM244,14,5195,25,15.29,20.0,2.0,2.0,40.0,178122.0,295533.041916755,1.0000016749836504,1.6591701254582842,1.49952232837677,3.8004674911499023,2.9082210063934326,0.5840483903884888,-2.40012526512146,2.4056503772735596,-0.03040691837668419,0.4491885304450989,24.9639892578125,27.422109603881836,25.40567970275879,0.2505798935890198,-0.6769277453422546,0.5452512502670288,1.2221789360046387,126.0,3.575342570125963,4.059085402173078,ok
/media/kabir/Research/Project/sodium battery /Data_Failure_Mode_and_Degradation_Analysis_of_a_Commercial_Sodium-Ion_Battery_With_Severe_Gassing_Issue/Standard cycling/DOD20_2C2C_40degC/CU_at_25degC/S2000FM244_CU_at25degC_V16_5237.ird,DOD20_2C2C_40degC,CU,S2000FM244,16,5237,25,15.25,20.0,2.0,2.0,40.0,177780.0,294877.20794870204,1.0000025129993446,1.658672891335321,1.49952232837677,3.8004674911499023,2.908339738845825,0.5845068693161011,-2.40012526512146,2.4058620929718018,-0.029924461618065834,0.44916579127311707,25.119110107421875,33.34272003173828,25.396835327148438,0.25943171977996826,-0.6550793051719666,0.5633090138435364,1.218388319015503,126.0,3.562916501553382,4.024062589593114,ok
/media/kabir/Research/Project/sodium battery /Data_Failure_Mode_and_Degradation_Analysis_of_a_Commercial_Sodium-Ion_Battery_With_Severe_Gassing_Issue/Standard cycling/DOD20_2C2C_40degC/CU_at_25degC/S2000FM244_CU_at25degC_V18_5273.ird,DOD20_2C2C_40degC,CU,S2000FM244,18,5273,25,15.258,20.0,2.0,2.0,40.0,177832.0,294970.992239419,1.000001678999979,1.6587152534677252,1.49952232837677,3.8004674911499023,2.9075677394866943,0.5843544006347656,-2.40012526512146,2.4057562351226807,-0.030090877786278725,0.4491938352584839,23.217750549316406,27.4495906829834,25.402225494384766,0.25268587470054626,-0.6640294194221497,0.5547426342964172,1.218772053718567,126.0,3.563562401665569,4.032748457748996,ok
/media/kabir/Research/Project/sodium battery /Data_Failure_Mode_and_Degradation_Analysis_of_a_Commercial_Sodium-Ion_Battery_With_Severe_Gassing_Issue/Standard cycling/DOD20_2C2C_40degC/CU_at_25degC/S2000FM244_CU_at25degC_V20_5303.ird,DOD20_2C2C_40degC,CU,S2000FM244,20,5303,25,15.277,20.0,2.0,2.0,40.0,177898.0,295035.379622716,1.000001677981345,1.6584618044301815,1.49952232837677,3.8004674911499023,2.907071352005005,0.5840098857879639,-2.400151491165161,2.4057562351226807,-0.030309272930026054,0.4492160379886627,25.1466007232666,34.56842041015625,25.40140724182129,0.24865877628326416,-0.6773180365562439,0.5416318774223328,1.2189499139785767,126.0,3.5614078032731205,4.042992116666648,ok
/media/kabir/Research/Project/sodium battery /Data_Failure_Mode_and_Degradation_Analysis_of_a_Commercial_Sodium-Ion_Battery_With_Severe_Gassing_Issue/Standard cycling/DOD20_2C2C_40degC/CU_at_25degC/S2000FM244_CU_at25degC_V22_5336.ird,DOD20_2C2C_40degC,CU,S2000FM244,22,5336,25,12.761,20.0,2.0,2.0,40.0,146992.0,264240.569773207,1.000003352004569,1.7976649575362238,0.42701882123947144,3.8004674911499023,3.0510239601135254,0.5407158136367798,-2.400151491165161,2.4057562351226807,-0.03660344332456589,0.42661041021347046,-55.01129150390625,34.94512176513672,25.4176025390625,0.9121332168579102,-0.6755561232566833,0.5423575043678284,1.2179136276245117,94.0,3.5294871813294044,4.0089691345904095,ok
/media/kabir/Research/Project/sodium battery /Data_Failure_Mode_and_Degradation_Analysis_of_a_Commercial_Sodium-Ion_Battery_With_Severe_Gassing_Issue/Standard cycling/DOD20_2C2C_40degC/CU_at_25degC/S2000FM244_CU_at25degC_V24_5351.ird,DOD20_2C2C_40degC,CU,S2000FM244,24,5351,25,15.262,20.0,2.0,2.0,40.0,177741.0,294646.36361926,1.0000016779995349,1.6577380646970858,1.49952232837677,3.8004674911499023,2.9067916870117188,0.5836659669876099,-2.4001922607421875,2.4057562351226807,-0.030298838391900063,0.4493010342121124,25.122159957885742,33.06999969482422,25.400671005249023,0.2605701982975006,-0.6782926321029663,0.5381258130073547,1.2164185047149658,126.0,3.5523274279063863,4.035243010941912,ok
/media/kabir/Research/Project/sodium battery /Data_Failure_Mode_and_Degradation_Analysis_of_a_Commercial_Sodium-Ion_Battery_With_Severe_Gassing_Issue/Standard cycling/DOD20_2C2C_40degC/CU_at_25degC/S2000FM244_CU_at25degC_V26_5413.ird,DOD20_2C2C_40degC,CU,S2000FM244,26,5413,25,15.246,20.0,2.0,2.0,40.0,177513.0,294127.248432111,1.0000016780104488,1.656942902069218,1.4994447231292725,3.800119400024414,2.9063785076141357,0.5838227868080139,-2.4001877307891846,2.40865421295166,-0.03017338365316391,0.4493289291858673,25.116060256958008,29.755640029907227,25.530698776245117,0.20676277577877045,-0.6761846542358398,0.5370208024978638,1.2132054567337036,126.0,3.538418258308222,4.018087875407996,ok
/media/kabir/Research/Project/sodium battery /Data_Failure_Mode_and_Degradation_Analysis_of_a_Commercial_Sodium-Ion_Battery_With_Severe_Gassing_Issue/Standard cycling/DOD20_2C2C_40degC/CU_at_25degC/S2000FMW48_CU_at25degC_V00_4910.ird,DOD20_2C2C_40degC,CU,S2000FMW48,0,4910,25,15.419,20.0,2.0,2.0,40.0,179508.0,298637.856000148,1.0000025129993446,1.6636557682995536,1.4993559122085571,3.8002758026123047,2.9073452949523926,0.5843546390533447,-2.4001848697662354,2.4072532653808594,-0.030753405764698982,0.44905319809913635,22.612009048461914,27.52899932861328,25.628063201904297,0.265906423330307,-0.6539133787155151,0.5860142111778259,1.2399275302886963,126.0,3.674610084544236,4.151471557690242,ok
/media/kabir/Research/Project/sodium battery /Data_Failure_Mode_and_Degradation_Analysis_of_a_Commercial_Sodium-Ion_Battery_With_Severe_Gassing_Issue/Standard cycling/DOD20_2C2C_40degC/CU_at_25degC/S2000FMW48_CU_at25degC_V02_4947.ird,DOD20_2C2C_40degC,CU,S2000FMW48,2,4947,25,15.427,20.0,2.0,2.0,40.0,179427.0,298326.848052478,1.000001678999979,1.6626734589885412,1.4993332624435425,3.8002941608428955,2.906461000442505,0.5833926796913147,-2.4001047611236572,2.4047024250030518,-0.031130293384194374,0.4491405785083771,25.070240020751953,30.423189163208008,25.391399383544922,0.23029756546020508,-0.6827653050422668,0.5555481314659119,1.2383134365081787,126.0,3.6564439189327462,4.158883424417104,ok
/media/kabir/Research/Project/sodium battery /Data_Failure_Mode_and_Degradation_Analysis_of_a_Commercial_Sodium-Ion_Battery_With_Severe_Gassing_Issue/Standard cycling/DOD20_2C2C_40degC/CU_at_25degC/S2000FMW48_CU_at25degC_V04_4991.ird,DOD20_2C2C_40degC,CU,S2000FMW48,4,4991,25,15.416,20.0,2.0,2.0,40.0,179232.0,297931.64520546,1.0000016750127543,1.6622774252526629,1.4997146129608154,3.8002941608428955,2.9069504737854004,0.5825088024139404,-2.4000744819641113,2.405125379562378,-0.03103172406554222,0.449144184589386,25.09773063659668,30.117019653320312,25.417863845825195,0.23729972541332245,-0.681606650352478,0.553814172744751,1.235420823097229,126.0,3.6452123114062522,4.144264994866459,ok
/media/kabir/Research/Project/sodium battery /Data_Failure_Mode_and_Degradation_Analysis_of_a_Commercial_Sodium-Ion_Battery_With_Severe_Gassing_Issue/Standard cycling/DOD20_2C2C_40degC/CU_at_25degC/S2000FMW48_CU_at25degC_V06_5035.ird,DOD20_2C2C_40degC,CU,S2000FMW48,6,5035,25,15.414,20.0,2.0,2.0,40.0,179271.0,298023.01385646197,1.000001678999979,1.6624254691608298,1.4991651773452759,3.800466537475586,2.9053139686584473,0.5828918814659119,-2.4001989364624023,2.4072532653808594,-0.031113138422369957,0.4491209387779236,25.27794075012207,30.467069625854492,25.636629104614258,0.27930083870887756,-0.687831699848175,0.5494167804718018,1.237248420715332,126.0,3.643974025513389,4.148543491207429,ok
/media/kabir/Research/Project/sodium battery /Data_Failure_Mode_and_Degradation_Analysis_of_a_Commercial_Sodium-Ion_Battery_With_Severe_Gassing_Issue/Standard cycling/DOD20_2C2C_40degC/CU_at_25degC/S2000FMW48_CU_at25degC_V08_5074.ird,DOD20_2C2C_40degC,CU,S2000FMW48,8,5074,25,15.414,20.0,2.0,2.0,40.0,179195.0,297891.28470411,1.0000016739941202,1.6623954189543735,1.4991426467895508,3.8002941608428955,2.9057657718658447,0.5815543532371521,-2.4000871181488037,2.405759572982788,-0.031026063486933708,0.44907358288764954,24.662399291992188,35.559200286865234,25.403568267822266,0.24045753479003906,-0.6885993480682373,0.5481228828430176,1.2367222309112549,126.0,3.6374980363040508,4.140114602885183,ok
/media/kabir/Research/Project/sodium battery /Data_Failure_Mode_and_Degradation_Analysis_of_a_Commercial_Sodium-Ion_Battery_With_Severe_Gassing_Issue/Standard cycling/DOD20_2C2C_40degC/CU_at_25degC/S2000FMW48_CU_at25degC_V10_5123.ird,DOD20_2C2C_40degC,CU,S2000FMW48,10,5123,25,15.404,20.0,2.0,2.0,40.0,179290.0,298101.072341354,1.0000016749982024,1.6626846730215126,1.4997373819351196,3.800466537475586,2.9034483432769775,0.58259516954422,-2.4001963138580322,2.4074649810791016,-0.03113403730094433,0.4490617513656616,25.2810001373291,33.311378479003906,25.62989044189453,0.27498963475227356,-0.6931113600730896,0.5449773073196411,1.238088607788086,126.0,3.6412804844521753,4.1485884551798655,ok
/media/kabir/Research/Project/sodium battery /Data_Failure_Mode_and_Degradation_Analysis_of_a_Commercial_Sodium-Ion_Battery_With_Severe_Gassing_Issue/Standard cycling/DOD20_2C2C_40degC/CU_at_25degC/S2000FMW48_CU_at25degC_V12_5167.ird,DOD20_2C2C_40degC,CU,S2000FMW48,12,5167,25,15.388,20.0,2.0,2.0,40.0,179182.0,297850.50824875606,1.0000016749836504,1.662288458311741,1.4993559122085571,3.800466537475586,2.9030470848083496,0.5825741291046143,-2.4002625942230225,2.4075710773468018,-0.031085005030035973,0.4490877091884613,25.284040451049805,33.398109436035156,25.63068199157715,0.2763255834579468,-0.6924680471420288,0.5440106391906738,1.2364786863327026,126.0,3.635077469348772,4.141284897649687,ok
/media/kabir/Research/Project/sodium battery /Data_Failure_Mode_and_Degradation_Analysis_of_a_Commercial_Sodium-Ion_Battery_With_Severe_Gassing_Issue/Standard cycling/DOD20_2C2C_40degC/CU_at_25degC/S2000FMW48_CU_at25degC_V14_5194.ird,DOD20_2C2C_40degC,CU,S2000FMW48,14,5194,25,15.419,20.0,2.0,2.0,40.0,179194.0,297911.288669983,1.0000016780104488,1.6625163297114451,1.4993332624435425,3.8002941608428955,2.9026801586151123,0.5819255709648132,-2.4000954627990723,2.405759572982788,-0.03107542358338833,0.4490491449832916,24.969579696655273,27.281600952148438,25.42647933959961,0.23805394768714905,-0.694408655166626,0.5427027940750122,1.2371114492416382,126.0,3.6344822804539176,4.140793239457115,ok
/media/kabir/Research/Project/sodium battery /Data_Failure_Mode_and_Degradation_Analysis_of_a_Commercial_Sodium-Ion_Battery_With_Severe_Gassing_Issue/Standard cycling/DOD20_2C2C_40degC/CU_at_25degC/S2000FMW48_CU_at25degC_V16_5236.ird,DOD20_2C2C_40degC,CU,S2000FMW48,16,5236,25,15.375,20.0,2.0,2.0,40.0,178960.0,297338.74061436404,1.0000016750127543,1.6614908477045807,1.4993332624435425,3.8002941608428955,2.9030539989471436,0.5819653272628784,-2.4001574516296387,2.40586519241333,-0.030969860032200813,0.44912832975387573,25.094680786132812,32.912208557128906,25.402835845947266,0.24583850800991058,-0.6909762620925903,0.5421244502067566,1.2331006526947021,126.0,3.622489850664106,4.124930383030285,ok
/media/kabir/Research/Project/sodium battery /Data_Failure_Mode_and_Degradation_Analysis_of_a_Commercial_Sodium-Ion_Battery_With_Severe_Gassing_Issue/Standard cycling/DOD20_2C2C_40degC/CU_at_25degC/S2000FMW48_CU_at25degC_V18_5272.ird,DOD20_2C2C_40degC,CU,S2000FMW48,18,5272,25,15.376,20.0,2.0,2.0,40.0,178951.0,297324.782597131,1.000001677981345,1.661496410154406,1.4997146129608154,3.8002941608428955,2.9021921157836914,0.5820605158805847,-2.4001047611236572,2.40586519241333,-0.03101491741836071,0.4491581618785858,23.87165069580078,27.26633071899414,25.409927368164062,0.23537908494472504,-0.6927817463874817,0.5401934385299683,1.2329752445220947,126.0,3.6223267805967048,4.126757445629135,ok
/media/kabir/Research/Project/sodium battery /Data_Failure_Mode_and_Degradation_Analysis_of_a_Commercial_Sodium-Ion_Battery_With_Severe_Gassing_Issue/Standard cycling/DOD20_2C2C_40degC/CU_at_25degC/S2000FMW48_CU_at25degC_V20_5302.ird,DOD20_2C2C_40degC,CU,S2000FMW48,20,5302,25,15.4,20.0,2.0,2.0,40.0,179032.0,297500.88386434,1.000001678999979,1.6617283256214848,1.4997146129608154,3.8002941608428955,2.9010069370269775,0.5820499658584595,-2.400067090988159,2.405970811843872,-0.031055539846420288,0.4491039514541626,25.119110107421875,35.23244094848633,25.421567916870117,0.23953646421432495,-0.6958954334259033,0.5384597182273865,1.2343552112579346,126.0,3.6242471971775463,4.131226225823019,ok
/media/kabir/Research/Project/sodium battery /Data_Failure_Mode_and_Degradation_Analysis_of_a_Commercial_Sodium-Ion_Battery_With_Severe_Gassing_Issue/Standard cycling/DOD20_2C2C_40degC/CU_at_25degC/S2000FMW48_CU_at25degC_V22_5335.ird,DOD20_2C2C_40degC,CU,S2000FMW48,22,5335,25,12.673,20.0,2.0,2.0,40.0,145641.0,264251.885431367,1.000003352004569,1.8144183289712097,0.5188459753990173,3.8001034259796143,3.059102773666382,0.5301980972290039,-2.4000518321990967,2.405970811843872,-0.0381772518157959,0.4303077459335327,-54.91709899902344,35.14802169799805,25.41352653503418,0.907690703868866,-0.6966150999069214,0.537257194519043,1.2338722944259644,94.0,3.5945087323217355,4.102043941266326,ok
/media/kabir/Research/Project/sodium battery /Data_Failure_Mode_and_Degradation_Analysis_of_a_Commercial_Sodium-Ion_Battery_With_Severe_Gassing_Issue/Standard cycling/DOD20_2C2C_40degC/CU_at_25degC/S2000FMW48_CU_at25degC_V24_5350.ird,DOD20_2C2C_40degC,CU,S2000FMW48,24,5350,25,15.379,20.0,2.0,2.0,40.0,178952.0,297300.253816062,1.0000016780104488,1.6613500556915692,1.4997146129608154,3.8002941608428955,2.9002366065979004,0.5817999839782715,-2.4001224040985107,2.405970811843872,-0.031050417572259903,0.44914233684539795,25.09161949157715,33.27688980102539,25.40558624267578,0.2453451305627823,-0.6968769431114197,0.5363359451293945,1.233212947845459,126.0,3.6191596538224777,4.12746540981383,ok
/media/kabir/Research/Project/sodium battery /Data_Failure_Mode_and_Degradation_Analysis_of_a_Commercial_Sodium-Ion_Battery_With_Severe_Gassing_Issue/Standard cycling/DOD20_2C2C_40degC/CU_at_25degC/S2000FMW48_CU_at25degC_V26_5412.ird,DOD20_2C2C_40degC,CU,S2000FMW48,26,5412,25,15.369,20.0,2.0,2.0,40.0,178834.0,296950.861746965,1.0000016780104488,1.6604925363158085,1.4993559122085571,3.800466537475586,2.898820161819458,0.5825567245483398,-2.4002625942230225,2.4075710773468018,-0.031127505004405975,0.4492441415786743,25.2962703704834,30.9237003326416,25.63050079345703,0.28596049547195435,-0.7004676461219788,0.5300925970077515,1.230560302734375,126.0,3.6119683598565917,4.124685160482288,ok
/media/kabir/Research/Project/sodium battery /Data_Failure_Mode_and_Degradation_Analysis_of_a_Commercial_Sodium-Ion_Battery_With_Severe_Gassing_Issue/Standard cycling/DOD20_2C2C_40degC/CU_at_25degC/S2000FN0IZ_CU_at25degC_V00_4912.ird,DOD20_2C2C_40degC,CU,S2000FN0IZ,0,4912,25,15.488,20.0,2.0,2.0,40.0,180391.0,300869.215619836,1.000001678999979,1.667881898219613,1.4994111061096191,3.8003008365631104,2.9099183082580566,0.5812033414840698,-2.4001269340515137,2.405132293701172,-0.030807020142674446,0.4484834372997284,23.817909240722656,27.241899490356445,25.43294334411621,0.24713531136512756,-0.655194878578186,0.6009631156921387,1.2561579942703247,126.0,3.717000299400466,4.1921706820078795,ok
/media/kabir/Research/Project/sodium battery /Data_Failure_Mode_and_Degradation_Analysis_of_a_Commercial_Sodium-Ion_Battery_With_Severe_Gassing_Issue/Standard cycling/DOD20_2C2C_40degC/CU_at_25degC/S2000FN0IZ_CU_at25degC_V02_4949.ird,DOD20_2C2C_40degC,CU,S2000FN0IZ,2,4949,25,15.53,20.0,2.0,2.0,40.0,180595.0,301134.04079458304,1.0000016749836504,1.6674642612411432,1.4998934268951416,3.800365924835205,2.906883478164673,0.5814542174339294,-2.4001471996307373,2.4057819843292236,-0.031465139240026474,0.4485553801059723,25.058019638061523,27.867019653320312,25.4261417388916,0.16684384644031525,-0.6961314678192139,0.5617636442184448,1.2578951120376587,126.0,3.711442925730449,4.224983197863004,ok
/media/kabir/Research/Project/sodium battery /Data_Failure_Mode_and_Degradation_Analysis_of_a_Commercial_Sodium-Ion_Battery_With_Severe_Gassing_Issue/Standard cycling/DOD20_2C2C_40degC/CU_at_25degC/S2000FN0IZ_CU_at25degC_V04_4993.ird,DOD20_2C2C_40degC,CU,S2000FN0IZ,4,4993,25,15.519,20.0,2.0,2.0,40.0,180514.0,300939.63217308,1.0000016750000214,1.6671355092047664,1.4998934268951416,3.800365924835205,2.905296564102173,0.5818195343017578,-2.400174379348755,2.4059932231903076,-0.031465187668800354,0.4485778212547302,25.14048957824707,28.036029815673828,25.471256256103516,0.1727331429719925,-0.6966809034347534,0.55893874168396,1.2556196451187134,126.0,3.7060811699083,4.220201563324366,ok
/media/kabir/Research/Project/sodium battery /Data_Failure_Mode_and_Degradation_Analysis_of_a_Commercial_Sodium-Ion_Battery_With_Severe_Gassing_Issue/Standard cycling/DOD20_2C2C_40degC/CU_at_25degC/S2000FN0IZ_CU_at25degC_V06_5037.ird,DOD20_2C2C_40degC,CU,S2000FN0IZ,6,5037,25,15.547,20.0,2.0,2.0,40.0,180561.0,301032.726002175,1.0000025129993446,1.6672171355902468,1.4997925758361816,3.8003008365631104,2.902514696121216,0.5828893184661865,-2.400233507156372,2.4056646823883057,-0.031562432646751404,0.44859179854393005,25.079410552978516,29.05261993408203,25.437114715576172,0.2530997395515442,-0.7020019888877869,0.555390477180481,1.257392406463623,126.0,3.7074535114133202,4.226618089095696,ok
/media/kabir/Research/Project/sodium battery /Data_Failure_Mode_and_Degradation_Analysis_of_a_Commercial_Sodium-Ion_Battery_With_Severe_Gassing_Issue/Standard cycling/DOD20_2C2C_40degC/CU_at_25degC/S2000FN0IZ_CU_at25degC_V08_5076.ird,DOD20_2C2C_40degC,CU,S2000FN0IZ,8,5076,25,15.527,20.0,2.0,2.0,40.0,180527.0,301021.828522333,1.0000016749836504,1.6674707716469266,1.4993213415145874,3.800365924835205,2.9021801948547363,0.582017719745636,-2.400174856185913,2.4058876037597656,-0.03144801780581474,0.44853612780570984,24.68368911743164,33.98432159423828,25.431344985961914,0.19088633358478546,-0.6994020342826843,0.5572823286056519,1.2566843032836914,126.0,3.7060460072022994,4.219402838389474,ok
/media/kabir/Research/Project/sodium battery /Data_Failure_Mode_and_Degradation_Analysis_of_a_Commercial_Sodium-Ion_Battery_With_Severe_Gassing_Issue/Standard cycling/DOD20_2C2C_40degC/CU_at_25degC/S2000FN0IZ_CU_at25degC_V10_5125.ird,DOD20_2C2C_40degC,CU,S2000FN0IZ,10,5125,25,15.547,20.0,2.0,2.0,40.0,180536.0,301105.470405366,1.0000025129993446,1.6678509452757968,1.4990297555923462,3.8003008365631104,2.898637294769287,0.5838727951049805,-2.400233507156372,2.406303644180298,-0.0312836691737175,0.4484711289405823,25.103839874267578,32.93363952636719,25.43438720703125,0.25885868072509766,-0.6890198588371277,0.567736029624939,1.2567558288574219,126.0,3.711117448217035,4.212522235207963,ok
/media/kabir/Research/Project/sodium battery /Data_Failure_Mode_and_Degradation_Analysis_of_a_Commercial_Sodium-Ion_Battery_With_Severe_Gassing_Issue/Standard cycling/DOD20_2C2C_40degC/CU_at_25degC/S2000FN0IZ_CU_at25degC_V12_5169.ird,DOD20_2C2C_40degC,CU,S2000FN0IZ,12,5169,25,15.515,20.0,2.0,2.0,40.0,180351.0,300764.707538069,1.0000025139888749,1.6676723456505074,1.4992204904556274,3.8003008365631104,2.898124933242798,0.5839342474937439,-2.4001877307891846,2.406303644180298,-0.031033484265208244,0.44847583770751953,25.103839874267578,32.36832809448242,25.44135093688965,0.2654441297054291,-0.6765751838684082,0.5785899758338928,1.2551651000976562,126.0,3.7057313271593655,4.194566958509868,ok
/media/kabir/Research/Project/sodium battery /Data_Failure_Mode_and_Degradation_Analysis_of_a_Commercial_Sodium-Ion_Battery_With_Severe_Gassing_Issue/Standard cycling/DOD20_2C2C_40degC/CU_at_25degC/S2000FN0IZ_CU_at25degC_V14_5196.ird,DOD20_2C2C_40degC,CU,S2000FN0IZ,14,5196,25,15.525,20.0,2.0,2.0,40.0,180464.0,300887.893371726,1.0000025129993446,1.667310713950926,1.4995120763778687,3.800365924835205,2.899212121963501,0.5821573138237,-2.4002106189727783,2.4059932231903076,-0.0313895083963871,0.44851061701774597,24.93004035949707,26.94866943359375,25.45561981201172,0.17743998765945435,-0.6993482708930969,0.5560696721076965,1.2554179430007935,126.0,3.7024909300100646,4.212017509489002,ok
/media/kabir/Research/Project/sodium battery /Data_Failure_Mode_and_Degradation_Analysis_of_a_Commercial_Sodium-Ion_Battery_With_Severe_Gassing_Issue/Standard cycling/DOD20_2C2C_40degC/CU_at_25degC/S2000FN0IZ_CU_at25degC_V16_5238.ird,DOD20_2C2C_40degC,CU,S2000FN0IZ,16,5238,25,15.428,20.0,2.0,2.0,40.0,179967.0,300024.06867552904,1.0000025139888749,1.6671152810838101,1.4995120763778687,3.800365924835205,2.8996832370758057,0.5823816061019897,-2.4001471996307373,2.4058876037597656,-0.03052479401230812,0.44843536615371704,25.18630027770996,31.29779052734375,25.460336685180664,0.1801227331161499,-0.655102014541626,0.5962457656860352,1.2513477802276611,126.0,3.690537540128561,4.155630622807131,ok
/media/kabir/Research/Project/sodium battery /Data_Failure_Mode_and_Degradation_Analysis_of_a_Commercial_Sodium-Ion_Battery_With_Severe_Gassing_Issue/Standard cycling/DOD20_2C2C_40degC/CU_at_25degC/S2000FN0IZ_CU_at25degC_V18_5274.ird,DOD20_2C2C_40degC,CU,S2000FN0IZ,18,5274,25,15.488,20.0,2.0,2.0,40.0,180075.0,300144.58529330505,1.0000016750127543,1.6667846845924734,1.4998934268951416,3.800365924835205,2.8988723754882812,0.5822916626930237,-2.4001975059509277,2.4057819843292236,-0.03092251345515251,0.44852131605148315,23.400230407714844,26.8723201751709,25.442068099975586,0.17401283979415894,-0.6776062250137329,0.5737388134002686,1.2513450384140015,126.0,3.6886405382465175,4.175640125050245,ok
/media/kabir/Research/Project/sodium battery /Data_Failure_Mode_and_Degradation_Analysis_of_a_Commercial_Sodium-Ion_Battery_With_Severe_Gassing_Issue/Standard cycling/DOD20_2C2C_40degC/CU_at_25degC/S2000FN0IZ_CU_at25degC_V20_5304.ird,DOD20_2C2C_40degC,CU,S2000FN0IZ,20,5304,25,15.508,20.0,2.0,2.0,40.0,180224.0,300291.232669229,1.0000016780104488,1.6662203640447055,1.4998934268951416,3.800365924835205,2.8983733654022217,0.5817546844482422,-2.4000768661499023,2.4059932231903076,-0.031375642865896225,0.4486180245876312,25.1527099609375,33.49842071533203,25.442167282104492,0.18927444517612457,-0.701622486114502,0.5496273636817932,1.2512497901916504,126.0,3.688049908761793,4.199637283206294,ok
/media/kabir/Research/Project/sodium battery /Data_Failure_Mode_and_Degradation_Analysis_of_a_Commercial_Sodium-Ion_Battery_With_Severe_Gassing_Issue/Standard cycling/DOD20_2C2C_40degC/CU_at_25degC/S2000FN0IZ_CU_at25degC_V22_5337.ird,DOD20_2C2C_40degC,CU,S2000FN0IZ,22,5337,25,12.529,20.0,2.0,2.0,40.0,144044.0,264220.691599756,1.000006704009138,1.8343181661014836,0.7139988541603088,3.800175189971924,3.0664422512054443,0.5276364684104919,-2.400176525115967,2.4058876037597656,-0.028223490342497826,0.42708471417427063,-54.67218017578125,33.02402114868164,25.412687301635742,1.073602557182312,-0.6995728015899658,0.5507802963256836,1.2503530979156494,94.0,3.6565265960082693,3.727745492383962,ok
/media/kabir/Research/Project/sodium battery /Data_Failure_Mode_and_Degradation_Analysis_of_a_Commercial_Sodium-Ion_Battery_With_Severe_Gassing_Issue/Standard cycling/DOD20_2C2C_40degC/CU_at_25degC/S2000FN0IZ_CU_at25degC_V24_5352.ird,DOD20_2C2C_40degC,CU,S2000FN0IZ,24,5352,25,15.501,20.0,2.0,2.0,40.0,180106.0,300103.876687734,1.0000016780104488,1.6662717675119179,1.4998934268951416,3.800365924835205,2.899254322052002,0.5804150700569153,-2.4001896381378174,2.4059932231903076,-0.031291037797927856,0.4485449194908142,25.109949111938477,31.460800170898438,25.43943214416504,0.17696082592010498,-0.7052513957023621,0.5452961325645447,1.2505475282669067,126.0,3.676772799745245,4.188088857867106,ok
/media/kabir/Research/Project/sodium battery /Data_Failure_Mode_and_Degradation_Analysis_of_a_Commercial_Sodium-Ion_Battery_With_Severe_Gassing_Issue/Standard cycling/DOD20_2C2C_40degC/CU_at_25degC/S2000FN0IZ_CU_at25degC_V26_5414.ird,DOD20_2C2C_40degC,CU,S2000FN0IZ,26,5414,25,15.477,20.0,2.0,2.0,40.0,179885.0,299607.750598622,1.0000016749836504,1.6655608647718643,1.4992204904556274,3.8003008365631104,2.8980419635772705,0.5811773538589478,-2.4003095626831055,2.406623125076294,-0.031143171712756157,0.44858846068382263,25.094680786132812,29.61665916442871,25.43453598022461,0.2550486624240875,-0.6982521414756775,0.5493085980415344,1.247560739517212,126.0,3.6666646262167535,4.1715456855675495,ok
/media/kabir/Research/Project/sodium battery /Data_Failure_Mode_and_Degradation_Analysis_of_a_Commercial_Sodium-Ion_Battery_With_Severe_Gassing_Issue/Standard cycling/DOD20_2C2C_40degC/Cycling_Periods/S2000FM244_CYC_at40degC_V01_4936.ird,DOD20_2C2C_40degC,CYC,S2000FM244,1,4936,40,3.187,20.0,2.0,2.0,40.0,36822.0,570308.604132078,10.000006704009138,15.488677768992643,2.2495291233062744,3.801158905029297,3.609595537185669,0.18014034628868103,-2.40006422996521,2.4009578227996826,-0.026571078225970268,1.4994523525238037,39.88814926147461,43.23963165283203,41.95631790161133,0.5168246030807495,0.0,1.111953616142273,1.111953616142273,1208.0,48.44273105732,48.56905982001851,ok
/media/kabir/Research/Project/sodium battery /Data_Failure_Mode_and_Degradation_Analysis_of_a_Commercial_Sodium-Ion_Battery_With_Severe_Gassing_Issue/Standard cycling/DOD20_2C2C_40degC/Cycling_Periods/S2000FM244_CYC_at40degC_V03_4962.ird,DOD20_2C2C_40degC,CYC,S2000FM244,3,4962,40,3.281,20.0,2.0,2.0,40.0,38292.0,613758.1087259599,10.000012571981642,16.028782448250503,2.2649786472320557,3.8009681701660156,3.5590031147003174,0.3100704550743103,-2.400111675262451,2.4000535011291504,-0.025867054238915443,1.4698549509048462,25.589479446411133,43.119571685791016,41.84880065917969,0.6831201910972595,0.0,1.078009009361267,1.078009009361267,1208.0,48.40694471423744,48.565913133552094,ok
/media/kabir/Research/Project/sodium battery /Data_Failure_Mode_and_Degradation_Analysis_of_a_Commercial_Sodium-Ion_Battery_With_Severe_Gassing_Issue/Standard cycling/DOD20_2C2C_40degC/Cycling_Periods/S2000FM244_CYC_at40degC_V05_5010.ird,DOD20_2C2C_40degC,CYC,S2000FM244,5,5010,40,3.284,20.0,2.0,2.0,40.0,38305.0,613745.764821432,10.000010055970051,16.02302017599812,2.2663137912750244,3.801158905029297,3.5585134029388428,0.30983251333236694,-2.400106430053711,2.4002175331115723,-0.02583642117679119,1.4696203470230103,28.896339416503906,43.18339920043945,41.9061279296875,0.6019479632377625,0.0,1.0752193927764893,1.0752193927764893,1208.0,48.40859692463181,48.56546870063826,ok
/media/kabir/Research/Project/sodium battery /Data_Failure_Mode_and_Degradation_Analysis_of_a_Commercial_Sodium-Ion_Battery_With_Severe_Gassing_Issue/Standard cycling/DOD20_2C2C_40degC/Cycling_Periods/S2000FM244_CYC_at40degC_V07_5050.ird,DOD20_2C2C_40degC,CYC,S2000FM244,7,5050,40,3.286,20.0,2.0,2.0,40.0,38326.0,613840.0623524031,10.000015084980987,16.016700909390817,2.2481939792633057,3.801158905029297,3.557750940322876,0.3114447295665741,-2.400111675262451,2.4000377655029297,-0.02590116113424301,1.469067931175232,36.51972961425781,43.1265983581543,41.88126754760742,0.5345184803009033,0.0,1.066401481628418,1.066401481628418,1208.0,48.396568835241375,48.56238665763303,ok
/media/kabir/Research/Project/sodium battery /Data_Failure_Mode_and_Degradation_Analysis_of_a_Commercial_Sodium-Ion_Battery_With_Severe_Gassing_Issue/Standard cycling/DOD20_2C2C_40degC/Cycling_Periods/S2000FM244_CYC_at40degC_V09_5093.ird,DOD20_2C2C_40degC,CYC,S2000FM244,9,5093,40,3.286,20.0,2.0,2.0,40.0,38330.0,613935.201562751,10.000006704009138,16.017511585555347,2.289583683013916,3.8009681701660156,3.5585458278656006,0.306701123714447,-2.4002175331115723,2.4005348682403564,-0.026040349155664444,1.4688066244125366,27.19607925415039,43.260711669921875,41.95341110229492,0.6314122676849365,0.0,1.0538914203643799,1.0538914203643799,1208.0,48.38019336887313,48.55828223485464,ok
/media/kabir/Research/Project/sodium battery /Data_Failure_Mode_and_Degradation_Analysis_of_a_Commercial_Sodium-Ion_Battery_With_Severe_Gassing_Issue/Standard cycling/DOD20_2C2C_40degC/Cycling_Periods/S2000FM244_CYC_at40degC_V11_5130.ird,DOD20_2C2C_40degC,CYC,S2000FM244,11,5130,40,3.286,20.0,2.0,2.0,40.0,38337.0,613852.168052297,10.000009219991625,16.012420911213923,2.2745156288146973,3.8009681701660156,3.5575509071350098,0.30863773822784424,-2.4000959396362305,2.4004290103912354,-0.02587100677192211,1.4688771963119507,27.396650314331055,43.130699157714844,41.859561920166016,0.6163804531097412,0.0,1.0660027265548706,1.0660027265548706,1208.0,48.39613776858927,48.558726935148314,ok
/media/kabir/Research/Project/sodium battery /Data_Failure_Mode_and_Degradation_Analysis_of_a_Commercial_Sodium-Ion_Battery_With_Severe_Gassing_Issue/Standard cycling/DOD20_2C2C_40degC/Cycling_Periods/S2000FM244_CYC_at40degC_V13_5180.ird,DOD20_2C2C_40degC,CYC,S2000FM244,13,5180,40,3.286,20.0,2.0,2.0,40.0,38340.0,613880.1993543659,10.000005030015018,16.01189909372613,2.276613712310791,3.801158905029297,3.5573813915252686,0.30830639600753784,-2.400111675262451,2.4002175331115723,-0.02586449682712555,1.4688432216644287,26.6900691986084,43.36083984375,42.02042770385742,0.6475138664245605,0.0,1.0642201900482178,1.0642201900482178,1208.0,48.39461958878033,48.5572606422135,ok
/media/kabir/Research/Project/sodium battery /Data_Failure_Mode_and_Degradation_Analysis_of_a_Commercial_Sodium-Ion_Battery_With_Severe_Gassing_Issue/Standard cycling/DOD20_2C2C_40degC/Cycling_Periods/S2000FM244_CYC_at40degC_V15_5210.ird,DOD20_2C2C_40degC,CYC,S2000FM244,15,5210,40,3.286,20.0,2.0,2.0,40.0,38344.0,613875.594835347,10.000011733034626,16.010108620487365,2.2764229774475098,3.8009681701660156,3.557011842727661,0.30840447545051575,-2.400085210800171,2.4004290103912354,-0.02589714527130127,1.4687106609344482,26.69158935546875,43.3409309387207,41.973655700683594,0.7036332488059998,0.0,1.0608011484146118,1.0608011484146118,1208.0,48.38953293231379,48.554803445817655,ok
/media/kabir/Research/Project/sodium battery /Data_Failure_Mode_and_Degradation_Analysis_of_a_Commercial_Sodium-Ion_Battery_With_Severe_Gassing_Issue/Standard cycling/DOD20_2C2C_40degC/Cycling_Periods/S2000FM244_CYC_at40degC_V17_5249.ird,DOD20_2C2C_40degC,CYC,S2000FM244,17,5249,40,3.29,20.0,2.0,2.0,40.0,38369.0,614104.905159025,10.000010056013707,16.00565328291871,2.2892022132873535,3.8009681701660156,3.5572476387023926,0.3067183196544647,-2.4001171588897705,2.4010636806488037,-0.025882745161652565,1.468118667602539,26.66054916381836,43.22557067871094,41.85820770263672,0.6661806702613831,-7.2512333915142335e-09,1.0587619543075562,1.0587619543075562,1208.0,48.38754967356967,48.55334836357247,ok
/media/kabir/Research/Project/sodium battery /Data_Failure_Mode_and_Degradation_Analysis_of_a_Commercial_Sodium-Ion_Battery_With_Severe_Gassing_Issue/Standard cycling/DOD20_2C2C_40degC/Cycling_Periods/S2000FM244_CYC_at40degC_V19_5291.ird,DOD20_2C2C_40degC,CYC,S2000FM244,19,5291,40,3.288,20.0,2.0,2.0,40.0,38349.0,613928.5697284921,10.000008382019587,16.00940256932544,2.2823357582092285,3.8007774353027344,3.5565948486328125,0.30761268734931946,-2.4000747203826904,2.4002175331115723,-0.025849932804703712,1.4686591625213623,26.643239974975586,43.20096969604492,41.91016387939453,0.6025076508522034,-7.238852184343614e-09,1.061142921447754,1.061142921447754,1208.0,48.39259119602045,48.55221618230299,ok
/media/kabir/Research/Project/sodium battery /Data_Failure_Mode_and_Degradation_Analysis_of_a_Commercial_Sodium-Ion_Battery_With_Severe_Gassing_Issue/Standard cycling/DOD20_2C2C_40degC/Cycling_Periods/S2000FM244_CYC_at40degC_V21_5309.ird,DOD20_2C2C_40degC,CYC,S2000FM244,21,5309,40,3.288,20.0,2.0,2.0,40.0,38353.0,613898.203057913,10.000008377959603,16.00694104760933,2.271272897720337,3.8007774353027344,3.556013345718384,0.3088064193725586,-2.401275157928467,2.4023327827453613,-0.025909513235092163,1.4685847759246826,25.814489364624023,43.348548889160156,41.93955993652344,0.6488773226737976,-7.181548244972191e-09,1.0552531480789185,1.0552531480789185,1208.0,48.385442855464895,48.55060036687882,ok
/media/kabir/Research/Project/sodium battery /Data_Failure_Mode_and_Degradation_Analysis_of_a_Commercial_Sodium-Ion_Battery_With_Severe_Gassing_Issue/Standard cycling/DOD20_2C2C_40degC/Cycling_Periods/S2000FM244_CYC_at40degC_V23_5339.ird,DOD20_2C2C_40degC,CYC,S2000FM244,23,5339,40,3.288,20.0,2.0,2.0,40.0,38340.0,613887.93894856,10.000009219977073,16.012100966341325,2.1755239963531494,3.8007774353027344,3.55480694770813,0.3127932846546173,-2.4007463455200195,2.4026498794555664,-0.025990204885601997,1.468769907951355,27.400720596313477,43.30638885498047,41.9605712890625,0.6226628422737122,-7.051456751838714e-09,1.04857337474823,1.04857337474823,1208.0,48.37662613828147,48.54848483011088,ok
/media/kabir/Research/Project/sodium battery /Data_Failure_Mode_and_Degradation_Analysis_of_a_Commercial_Sodium-Ion_Battery_With_Severe_Gassing_Issue/Standard cycling/DOD20_2C2C_40degC/Cycling_Periods/S2000FM244_CYC_at40degC_V25_5367.ird,DOD20_2C2C_40degC,CYC,S2000FM244,25,5367,40,16.121,20.0,2.0,2.0,40.0,183808.0,2860530.446377433,10.00000754208304,15.562685024930676,2.289583683013916,3.8009681701660156,3.604475498199463,0.20187945663928986,-2.4001541137695312,2.4010636806488037,-0.030854493379592896,1.495039701461792,27.256149291992188,43.37665939331055,41.9696044921875,0.5644792318344116,-1.4674220061294818e-08,1.1615804433822632,1.1615804433822632,6008.0,237.7751963072463,240.56570373903074,ok
/media/kabir/Research/Project/sodium battery /Data_Failure_Mode_and_Degradation_Analysis_of_a_Commercial_Sodium-Ion_Battery_With_Severe_Gassing_Issue/Standard cycling/DOD20_2C2C_40degC/Cycling_Periods/S2000FMW48_CYC_at40degC_V01_4935.ird,DOD20_2C2C_40degC,CYC,S2000FMW48,1,4935,40,3.123,20.0,2.0,2.0,40.0,36062.0,565917.58903374,10.000010897998436,15.693341533339067,2.2508599758148193,3.8008670806884766,3.608610153198242,0.1798476278781891,-2.4001355171203613,2.400707244873047,-0.027347981929779053,1.5179873704910278,40.17216110229492,43.16584014892578,41.76224136352539,0.5273024439811707,-1.9776028636897536e-07,1.0984851121902466,1.0984853506088257,1208.0,48.421309842045815,48.56762683454095,ok
/media/kabir/Research/Project/sodium battery /Data_Failure_Mode_and_Degradation_Analysis_of_a_Commercial_Sodium-Ion_Battery_With_Severe_Gassing_Issue/Standard cycling/DOD20_2C2C_40degC/Cycling_Periods/S2000FMW48_CYC_at40degC_V03_4961.ird,DOD20_2C2C_40degC,CYC,S2000FMW48,3,4961,40,3.212,20.0,2.0,2.0,40.0,37470.0,608887.601975063,10.000015922938474,16.250436413436788,2.249523878097534,3.8008670806884766,3.555999755859375,0.3145850598812103,-2.4000720977783203,2.4003896713256836,-0.026474665850400925,1.4890990257263184,23.65266990661621,43.00069046020508,41.58635330200195,0.7699097394943237,-1.9848566523705813e-07,1.0795280933380127,1.0795283317565918,1208.0,48.40217594218451,48.56409326608445,ok
/media/kabir/Research/Project/sodium battery /Data_Failure_Mode_and_Degradation_Analysis_of_a_Commercial_Sodium-Ion_Battery_With_Severe_Gassing_Issue/Standard cycling/DOD20_2C2C_40degC/Cycling_Periods/S2000FMW48_CYC_at40degC_V05_5009.ird,DOD20_2C2C_40degC,CYC,S2000FMW48,5,5009,40,3.208,20.0,2.0,2.0,40.0,37426.0,608444.807595336,10.000013406999642,16.257710289788537,2.257540225982666,3.8008670806884766,3.5554933547973633,0.31329482793807983,-2.4000985622406006,2.40102481842041,-0.02645817957818508,1.4903132915496826,27.216949462890625,43.23611068725586,41.74821472167969,0.641224205493927,-2.0731374661409063e-07,1.0802874565124512,1.0802876949310303,1208.0,48.40864893381744,48.563712493640644,ok
/media/kabir/Research/Project/sodium battery /Data_Failure_Mode_and_Degradation_Analysis_of_a_Commercial_Sodium-Ion_Battery_With_Severe_Gassing_Issue/Standard cycling/DOD20_2C2C_40degC/Cycling_Periods/S2000FMW48_CYC_at40degC_V07_5049.ird,DOD20_2C2C_40degC,CYC,S2000FMW48,7,5049,40,3.207,20.0,2.0,2.0,40.0,37419.0,608348.2111480221,10.000015923040337,16.258170162703035,2.239980697631836,3.801058053970337,3.554588794708252,0.31507158279418945,-2.4001779556274414,2.40102481842041,-0.026492776349186897,1.4904685020446777,35.34648132324219,43.24665069580078,41.729034423828125,0.6141869425773621,-2.2488254103336658e-07,1.0765330791473389,1.076533317565918,1208.0,48.40287915100738,48.56133661218303,ok
/media/kabir/Research/Project/sodium battery /Data_Failure_Mode_and_Degradation_Analysis_of_a_Commercial_Sodium-Ion_Battery_With_Severe_Gassing_Issue/Standard cycling/DOD20_2C2C_40degC/Cycling_Periods/S2000FMW48_CYC_at40degC_V09_5092.ird,DOD20_2C2C_40degC,CYC,S2000FMW48,9,5092,40,3.207,20.0,2.0,2.0,40.0,37430.0,608396.5448202279,10.000010895018931,16.254683395768737,2.279298782348633,3.8008670806884766,3.55543851852417,0.31027111411094666,-2.4000720977783203,2.4014484882354736,-0.026619018986821175,1.4900542497634888,25.98961067199707,42.96907043457031,41.62228775024414,0.6494324803352356,-2.136404617658627e-07,1.0616064071655273,1.0616066455841064,1208.0,48.38492311939206,48.557436350584666,ok
/media/kabir/Research/Project/sodium battery /Data_Failure_Mode_and_Degradation_Analysis_of_a_Commercial_Sodium-Ion_Battery_With_Severe_Gassing_Issue/Standard cycling/DOD20_2C2C_40degC/Cycling_Periods/S2000FMW48_CYC_at40degC_V11_5131.ird,DOD20_2C2C_40degC,CYC,S2000FMW48,11,5131,40,3.204,20.0,2.0,2.0,40.0,37386.0,608143.202265878,10.00002430396853,16.267037642527164,2.261930227279663,3.8008670806884766,3.5540952682495117,0.31285661458969116,-2.4001355171203613,2.4012367725372314,-0.02651544287800789,1.4912371635437012,26.455900192260742,43.29233169555664,41.74882507324219,0.7050514817237854,-2.2109513508894452e-07,1.07333242893219,1.073332667350769,1208.0,48.40048585140581,48.55749391084012,ok
/media/kabir/Research/Project/sodium battery /Data_Failure_Mode_and_Degradation_Analysis_of_a_Commercial_Sodium-Ion_Battery_With_Severe_Gassing_Issue/Standard cycling/DOD20_2C2C_40degC/Cycling_Periods/S2000FMW48_CYC_at40degC_V13_5179.ird,DOD20_2C2C_40degC,CYC,S2000FMW48,13,5179,40,3.205,20.0,2.0,2.0,40.0,37388.0,608193.601256808,10.000011734002328,16.267515480161766,2.2640295028686523,3.8008670806884766,3.553905487060547,0.31255340576171875,-2.4000933170318604,2.401766061782837,-0.026530232280492783,1.4911640882492065,25.37873077392578,43.169349670410156,41.761600494384766,0.6677393317222595,-2.3003255478215578e-07,1.0697416067123413,1.0697418451309204,1208.0,48.397216829508,48.556038546321105,ok
/media/kabir/Research/Project/sodium battery /Data_Failure_Mode_and_Degradation_Analysis_of_a_Commercial_Sodium-Ion_Battery_With_Severe_Gassing_Issue/Standard cycling/DOD20_2C2C_40degC/Cycling_Periods/S2000FMW48_CYC_at40degC_V15_5209.ird,DOD20_2C2C_40degC,CYC,S2000FMW48,15,5209,40,3.206,20.0,2.0,2.0,40.0,37396.0,608236.7190747401,10.000015088007785,16.265188369427467,2.2659382820129395,3.8008670806884766,3.553647041320801,0.31226974725723267,-2.4000720977783203,2.40102481842041,-0.026620786637067795,1.4908437728881836,25.238229751586914,43.03934860229492,41.61892318725586,0.7478353977203369,-2.1959259299819678e-07,1.060149908065796,1.060150146484375,1208.0,48.38530430954698,48.553660260718914,ok
/media/kabir/Research/Project/sodium battery /Data_Failure_Mode_and_Degradation_Analysis_of_a_Commercial_Sodium-Ion_Battery_With_Severe_Gassing_Issue/Standard cycling/DOD20_2C2C_40degC/Cycling_Periods/S2000FMW48_CYC_at40degC_V17_5248.ird,DOD20_2C2C_40degC,CYC,S2000FMW48,17,5248,40,3.207,20.0,2.0,2.0,40.0,37413.0,608366.956675939,10.000012571981642,16.261278645245884,2.2777719497680664,3.8008670806884766,3.553889274597168,0.31065118312835693,-2.4000403881073,2.400813102722168,-0.02663443796336651,1.4904292821884155,26.426380157470703,42.955020904541016,41.59703826904297,0.6639001965522766,-2.2578574032650067e-07,1.0563768148422241,1.0563770532608032,1208.0,48.38168338097268,48.55217224524308,ok
/media/kabir/Research/Project/sodium battery /Data_Failure_Mode_and_Degradation_Analysis_of_a_Commercial_Sodium-Ion_Battery_With_Severe_Gassing_Issue/Standard cycling/DOD20_2C2C_40degC/Cycling_Periods/S2000FMW48_CYC_at40degC_V19_5290.ird,DOD20_2C2C_40degC,CYC,S2000FMW48,19,5290,40,3.205,20.0,2.0,2.0,40.0,37389.0,608288.26037027,10.000014249497326,16.269612184932868,2.271855115890503,3.8008670806884766,3.5531983375549316,0.3114982545375824,-2.4000403881073,2.4004955291748047,-0.026650546118617058,1.4909641742706299,24.847919464111328,43.01123046875,41.61170196533203,0.6692415475845337,-2.1793402993353084e-07,1.0575037002563477,1.0575039386749268,1208.0,48.38478884368242,48.5510350549408,ok
/media/kabir/Research/Project/sodium battery /Data_Failure_Mode_and_Degradation_Analysis_of_a_Commercial_Sodium-Ion_Battery_With_Severe_Gassing_Issue/Standard cycling/DOD20_2C2C_40degC/Cycling_Periods/S2000FMW48_CYC_at40degC_V21_5308.ird,DOD20_2C2C_40degC,CYC,S2000FMW48,21,5308,40,3.207,20.0,2.0,2.0,40.0,37408.0,608318.6877190369,10.000008382019587,16.262161833855618,2.2602124214172363,3.8006763458251953,3.5526299476623535,0.31285661458969116,-2.4000720977783203,2.401977777481079,-0.02663331851363182,1.490559697151184,24.23356056213379,42.94095993041992,41.59501266479492,0.6496357321739197,-2.205117084486119e-07,1.0557702779769897,1.0557705163955688,1208.0,48.381221241970245,48.54924789056913,ok
/media/kabir/Research/Project/sodium battery /Data_Failure_Mode_and_Degradation_Analysis_of_a_Commercial_Sodium-Ion_Battery_With_Severe_Gassing_Issue/Standard cycling/DOD20_2C2C_40degC/Cycling_Periods/S2000FMW48_CYC_at40degC_V23_5338.ird,DOD20_2C2C_40degC,CYC,S2000FMW48,23,5338,40,3.208,20.0,2.0,2.0,40.0,37415.0,608374.231335255,10.000015922996681,16.26060382036818,2.134242057800293,3.8006763458251953,3.5514333248138428,0.3170347809791565,-2.4000720977783203,2.402719020843506,-0.02668869122862816,1.490330457687378,27.611469268798828,42.98311996459961,41.62478256225586,0.6101573705673218,-2.1848934750323679e-07,1.0499943494796753,1.0499945878982544,1208.0,48.371717314710146,48.54724888265643,ok
/media/kabir/Research/Project/sodium battery /Data_Failure_Mode_and_Degradation_Analysis_of_a_Commercial_Sodium-Ion_Battery_With_Severe_Gassing_Issue/Standard cycling/DOD20_2C2C_40degC/Cycling_Periods/S2000FMW48_CYC_at40degC_V25_5366.ird,DOD20_2C2C_40degC,CYC,S2000FMW48,25,5366,40,15.611,20.0,2.0,2.0,40.0,178038.0,2823679.365664313,10.000010894145817,15.860070466612632,2.2766265869140625,3.8008670806884766,3.602595090866089,0.20211005210876465,-2.4000720977783203,2.401660203933716,-0.0320383720099926,1.523752212524414,25.22907066345215,43.032318115234375,41.63873291015625,0.566110372543335,-2.3037166840822465e-07,1.0788429975509644,1.0788432359695435,6008.0,237.6866737520618,240.56483575915536,ok
/media/kabir/Research/Project/sodium battery /Data_Failure_Mode_and_Degradation_Analysis_of_a_Commercial_Sodium-Ion_Battery_With_Severe_Gassing_Issue/Standard cycling/DOD20_2C2C_40degC/Cycling_Periods/S2000FN0IZ_CYC_at40degC_V01_4937.ird,DOD20_2C2C_40degC,CYC,S2000FN0IZ,1,4937,40,3.133,20.0,2.0,2.0,40.0,36182.0,567108.9872452511,10.000010897987522,15.67422092383436,2.2602853775024414,3.8011550903320312,3.6103315353393555,0.17926019430160522,-2.4001121520996094,2.4000484943389893,-0.027212731540203094,1.5146028995513916,40.130001068115234,43.2712516784668,41.98611068725586,0.4979739785194397,-1.565135221426317e-07,1.111402988433838,1.1114031076431274,1208.0,48.43312956870061,48.57455531758334,ok
/media/kabir/Research/Project/sodium battery /Data_Failure_Mode_and_Degradation_Analysis_of_a_Commercial_Sodium-Ion_Battery_With_Severe_Gassing_Issue/Standard cycling/DOD20_2C2C_40degC/Cycling_Periods/S2000FN0IZ_CYC_at40degC_V03_4963.ird,DOD20_2C2C_40degC,CYC,S2000FN0IZ,3,4963,40,3.221,20.0,2.0,2.0,40.0,37604.0,609874.6079884099,10.000015085039195,16.218775310172326,2.251321315765381,3.8011550903320312,3.5575928688049316,0.31391721963882446,-2.4000909328460693,2.40004301071167,-0.026237139478325844,1.4858285188674927,26.50885009765625,43.36259841918945,41.939605712890625,0.6863487958908081,-1.443215609242543e-07,1.105035424232483,1.1050355434417725,1208.0,48.426781090615414,48.57114385170297,ok
/media/kabir/Research/Project/sodium battery /Data_Failure_Mode_and_Degradation_Analysis_of_a_Commercial_Sodium-Ion_Battery_With_Severe_Gassing_Issue/Standard cycling/DOD20_2C2C_40degC/Cycling_Periods/S2000FN0IZ_CYC_at40degC_V05_5011.ird,DOD20_2C2C_40degC,CYC,S2000FN0IZ,5,5011,40,3.218,20.0,2.0,2.0,40.0,37552.0,609574.295080882,10.00001508501009,16.233237332717692,2.253610134124756,3.8011550903320312,3.557100296020508,0.31374606490135193,-2.4000909328460693,2.40004301071167,-0.026224205270409584,1.4871035814285278,29.70524024963379,43.22557067871094,41.88561248779297,0.5922591686248779,-1.6500082722359366e-07,1.1060296297073364,1.106029748916626,1208.0,48.42819629549981,48.57064374188129,ok
/media/kabir/Research/Project/sodium battery /Data_Failure_Mode_and_Degradation_Analysis_of_a_Commercial_Sodium-Ion_Battery_With_Severe_Gassing_Issue/Standard cycling/DOD20_2C2C_40degC/Cycling_Periods/S2000FN0IZ_CYC_at40degC_V07_5051.ird,DOD20_2C2C_40degC,CYC,S2000FN0IZ,7,5051,40,3.215,20.0,2.0,2.0,40.0,37529.0,609384.8486570399,10.000008382019587,16.238138154365807,2.2316765785217285,3.8011550903320312,3.5559122562408447,0.3161923587322235,-2.4001972675323486,2.40004825592041,-0.0261854138225317,1.4877090454101562,36.934200286865234,43.260711669921875,41.87049102783203,0.5315393805503845,-1.655910892850443e-07,1.1095136404037476,1.109513759613037,1208.0,48.43024368939617,48.56841851066293,ok
/media/kabir/Research/Project/sodium battery /Data_Failure_Mode_and_Degradation_Analysis_of_a_Commercial_Sodium-Ion_Battery_With_Severe_Gassing_Issue/Standard cycling/DOD20_2C2C_40degC/Cycling_Periods/S2000FN0IZ_CYC_at40degC_V09_5094.ird,DOD20_2C2C_40degC,CYC,S2000FN0IZ,9,5094,40,3.215,20.0,2.0,2.0,40.0,37526.0,609331.305227716,10.000007541966625,16.238009466428142,2.251321315765381,3.80096435546875,3.55551815032959,0.3148898184299469,-2.4000961780548096,2.400303840637207,-0.02613794058561325,1.4878243207931519,27.474029541015625,43.15530014038086,41.87551498413086,0.5998101830482483,-1.6309921591073362e-07,1.1153032779693604,1.11530339717865,1208.0,48.4369028033758,48.56415717571015,ok
/media/kabir/Research/Project/sodium battery /Data_Failure_Mode_and_Degradation_Analysis_of_a_Commercial_Sodium-Ion_Battery_With_Severe_Gassing_Issue/Standard cycling/DOD20_2C2C_40degC/Cycling_Periods/S2000FN0IZ_CYC_at40degC_V11_5129.ird,DOD20_2C2C_40degC,CYC,S2000FN0IZ,11,5129,40,3.213,20.0,2.0,2.0,40.0,37520.0,609229.7257401249,10.000008382019587,16.237898817669045,2.235872507095337,3.8011550903320312,3.5546011924743652,0.31719791889190674,-2.4001972675323486,2.400303840637207,-0.025883320719003677,1.4882667064666748,26.88452911376953,43.15177917480469,41.781368255615234,0.6046093702316284,-1.71949608329669e-07,1.1363873481750488,1.1363874673843384,1208.0,48.45893677629591,48.56430167619449,ok
/media/kabir/Research/Project/sodium battery /Data_Failure_Mode_and_Degradation_Analysis_of_a_Commercial_Sodium-Ion_Battery_With_Severe_Gassing_Issue/Standard cycling/DOD20_2C2C_40degC/Cycling_Periods/S2000FN0IZ_CYC_at40degC_V13_5181.ird,DOD20_2C2C_40degC,CYC,S2000FN0IZ,13,5181,40,3.211,20.0,2.0,2.0,40.0,37484.0,609013.9414611399,10.000010895018931,16.247737413257745,2.235872507095337,3.8011550903320312,3.5540714263916016,0.3173358142375946,-2.4001972675323486,2.4000322818756104,-0.02593216300010681,1.4890671968460083,27.846660614013672,43.267730712890625,41.89607620239258,0.6157535910606384,-1.6993594442737958e-07,1.1328091621398926,1.1328092813491821,1208.0,48.45727797916293,48.56289481415189,ok
/media/kabir/Research/Project/sodium battery /Data_Failure_Mode_and_Degradation_Analysis_of_a_Commercial_Sodium-Ion_Battery_With_Severe_Gassing_Issue/Standard cycling/DOD20_2C2C_40degC/Cycling_Periods/S2000FN0IZ_CYC_at40degC_V15_5211.ird,DOD20_2C2C_40degC,CYC,S2000FN0IZ,15,5211,40,3.212,20.0,2.0,2.0,40.0,37499.0,608876.0514596299,10.000013409997337,16.237560708827935,2.242738723754883,3.80096435546875,3.553943157196045,0.3160719871520996,-2.4001972675323486,2.4004101753234863,-0.026020817458629608,1.488768458366394,27.792699813842773,43.39421844482422,41.94670867919922,0.6755248308181763,-1.7141400121545303e-07,1.122276782989502,1.1222769021987915,1208.0,48.44685318644503,48.56043994907005,ok
/media/kabir/Research/Project/sodium battery /Data_Failure_Mode_and_Degradation_Analysis_of_a_Commercial_Sodium-Ion_Battery_With_Severe_Gassing_Issue/Standard cycling/DOD20_2C2C_40degC/Cycling_Periods/S2000FN0IZ_CYC_at40degC_V17_5250.ird,DOD20_2C2C_40degC,CYC,S2000FN0IZ,17,5250,40,3.214,20.0,2.0,2.0,40.0,37520.0,608939.419722595,10.00001424603397,16.230161244238786,2.2463624477386475,3.80096435546875,3.5536434650421143,0.31581881642341614,-2.400101661682129,2.4004101753234863,-0.026003602892160416,1.4883047342300415,28.882600784301758,43.208011627197266,41.87934875488281,0.6239209175109863,-1.8284393377143715e-07,1.122007966041565,1.122008204460144,1208.0,48.445073763702226,48.55893571273451,ok
/media/kabir/Research/Project/sodium battery /Data_Failure_Mode_and_Degradation_Analysis_of_a_Commercial_Sodium-Ion_Battery_With_Severe_Gassing_Issue/Standard cycling/DOD20_2C2C_40degC/Cycling_Periods/S2000FN0IZ_CYC_at40degC_V19_5292.ird,DOD20_2C2C_40degC,CYC,S2000FN0IZ,19,5292,40,3.211,20.0,2.0,2.0,40.0,37483.0,608760.433410382,10.000014249933884,16.24140743317811,2.2480790615081787,3.80096435546875,3.5534908771514893,0.3153964579105377,-2.4001972675323486,2.400303840637207,-0.026030587032437325,1.4891502857208252,28.17296028137207,43.134220123291016,41.88273239135742,0.5674123167991638,-1.685148731667141e-07,1.1190353631973267,1.1190354824066162,1208.0,48.444904972296214,48.5577297427131,ok
/media/kabir/Research/Project/sodium battery /Data_Failure_Mode_and_Degradation_Analysis_of_a_Commercial_Sodium-Ion_Battery_With_Severe_Gassing_Issue/Standard cycling/DOD20_2C2C_40degC/Cycling_Periods/S2000FN0IZ_CYC_at40degC_V21_5310.ird,DOD20_2C2C_40degC,CYC,S2000FN0IZ,21,5310,40,3.21,20.0,2.0,2.0,40.0,37464.0,608679.562012103,10.000010058982298,16.24748583968457,2.245027542114258,3.80096435546875,3.5532424449920654,0.3153582215309143,-2.4000909328460693,2.401261568069458,-0.02613743208348751,1.4894664287567139,27.554960250854492,43.088531494140625,41.810157775878906,0.5902308225631714,-1.6668184343870962e-07,1.1089112758636475,1.108911395072937,1208.0,48.43342874834987,48.556104084408005,ok
/media/kabir/Research/Project/sodium battery /Data_Failure_Mode_and_Degradation_Analysis_of_a_Commercial_Sodium-Ion_Battery_With_Severe_Gassing_Issue/Standard cycling/DOD20_2C2C_40degC/Cycling_Periods/S2000FN0IZ_CYC_at40degC_V23_5340.ird,DOD20_2C2C_40degC,CYC,S2000FN0IZ,23,5340,40,3.2,20.0,2.0,2.0,40.0,37193.0,606124.255335812,10.00001760100713,16.2971675450584,2.9295403957366943,3.8007736206054688,3.585383892059326,0.2077009081840515,-2.4001972675323486,2.401900053024292,-0.03068537823855877,1.493786096572876,28.372520446777344,43.088531494140625,41.816654205322266,0.5673138499259949,-1.5080223647601088e-07,0.6629008650779724,0.6629010438919067,1208.0,47.98504213730772,48.55416275336574,ok
/media/kabir/Research/Project/sodium battery /Data_Failure_Mode_and_Degradation_Analysis_of_a_Commercial_Sodium-Ion_Battery_With_Severe_Gassing_Issue/Standard cycling/DOD20_2C2C_40degC/Cycling_Periods/S2000FN0IZ_CYC_at40degC_V25_5368.ird,DOD20_2C2C_40degC,CYC,S2000FN0IZ,25,5368,40,15.588,20.0,2.0,2.0,40.0,178072.0,2824522.077042316,10.000011733034626,15.861774668768724,2.2593319416046143,3.8007736206054688,3.6040680408477783,0.20236700773239136,-2.400303840637207,2.4007294178009033,-0.03169570863246918,1.5236481428146362,29.228759765625,43.123680114746094,41.81644058227539,0.501876711845398,-1.8125469125607196e-07,1.2505545616149902,1.2505548000335693,6008.0,237.85828383923973,240.5719165414953,ok
/media/kabir/Research/Project/sodium battery /Data_Failure_Mode_and_Degradation_Analysis_of_a_Commercial_Sodium-Ion_Battery_With_Severe_Gassing_Issue/Standard cycling/DOD80_1C1C_-10degC/CU_at_25degC/S2000FNG5F_CU_at25degC_V00_4830.ird,DOD80_1C1C_-10degC,CU,S2000FNG5F,0,4830,25,15.459,80.0,1.0,1.0,-10.0,180157.0,300281.641167528,1.0000050300150178,1.6667867912671683,1.4998465776443481,3.800450563430786,2.909571886062622,0.5818470120429993,-2.400172710418701,2.4075798988342285,-0.030752070248126984,0.4486474096775055,22.47109031677246,27.550390243530273,25.357933044433594,0.31805840134620667,-0.652150571346283,0.5990508198738098,1.2512013912200928,126.0,3.708345383414711,4.180562229965916,ok
/media/kabir/Research/Project/sodium battery /Data_Failure_Mode_and_Degradation_Analysis_of_a_Commercial_Sodium-Ion_Battery_With_Severe_Gassing_Issue/Standard cycling/DOD80_1C1C_-10degC/CU_at_25degC/S2000FO405_CU_at25degC_V00_4829.ird,DOD80_1C1C_-10degC,CU,S2000FO405,0,4829,25,15.406,80.0,1.0,1.0,-10.0,179333.0,298273.665920695,1.0000033529940993,1.663248421479128,1.4993698596954346,3.800413131713867,2.9088189601898193,0.5833597779273987,-2.400627374649048,2.4003260135650635,-0.03060745820403099,0.4490581154823303,22.606430053710938,27.409879684448242,25.458894729614258,0.27856341004371643,-0.6492618322372437,0.5881292819976807,1.2373911142349243,126.0,3.6658664079631444,4.136444268394397,ok
/media/kabir/Research/Project/sodium battery /Data_Failure_Mode_and_Degradation_Analysis_of_a_Commercial_Sodium-Ion_Battery_With_Severe_Gassing_Issue/Standard cycling/DOD80_1C1C_-10degC/CU_at_25degC/S2000FO405_CU_at25degC_V01_4881.ird,DOD80_1C1C_-10degC,CU,S2000FO405,1,4881,25,1.549,80.0,1.0,1.0,-10.0,17375.0,56610.783991041,2.9998210660014593,3.2583621498239324,-6.2468791007995605,6.250120639801025,3.156010150909424,0.5904114246368408,-0.6032000184059143,0.6000156998634338,-0.05512233451008797,0.2267114520072937,17.333629608154297,28.649959564208984,26.189300537109375,0.6864471435546875,-0.2034638673067093,0.17224565148353577,0.37570953369140625,21.0,0.49172163713420836,0.6760823591308865,ok
/media/kabir/Research/Project/sodium battery /Data_Failure_Mode_and_Degradation_Analysis_of_a_Commercial_Sodium-Ion_Battery_With_Severe_Gassing_Issue/Standard cycling/DOD80_1C1C_-10degC/CU_at_25degC/S2000FPM7N_CU_at25degC_V00_4828.ird,DOD80_1C1C_-10degC,CU,S2000FPM7N,0,4828,25,15.342,80.0,1.0,1.0,-10.0,179160.0,297776.956791308,1.0000016750127543,1.6620820432761292,1.4994525909423828,3.800405740737915,2.9115536212921143,0.58085697889328,-2.4001686573028564,2.4085092544555664,-0.030650317668914795,0.44923633337020874,22.222719192504883,27.27549934387207,25.164236068725586,0.31343480944633484,-0.6476532220840454,0.5859452486038208,1.2335984706878662,126.0,3.658657274463289,4.131435834759826,ok
/media/kabir/Research/Project/sodium battery /Data_Failure_Mode_and_Degradation_Analysis_of_a_Commercial_Sodium-Ion_Battery_With_Severe_Gassing_Issue/Standard cycling/DOD80_1C1C_-10degC/CU_at_25degC/S2000FPM7N_CU_at25degC_V01_4880.ird,DOD80_1C1C_-10degC,CU,S2000FPM7N,1,4880,25,1.557,80.0,1.0,1.0,-10.0,17430.0,56816.986039348,2.9996588949943543,3.2599108405156922,-6.249975681304932,6.252074241638184,3.160140037536621,0.588830828666687,-0.6028245687484741,0.6000272035598755,-0.055914781987667084,0.22410264611244202,17.011850357055664,28.46976089477539,26.052684783935547,0.67014479637146,-0.2070259153842926,0.16845637559890747,0.3754822909832001,21.0,0.4865715791999935,0.6742165087652109,ok
/media/kabir/Research/Project/sodium battery /Data_Failure_Mode_and_Degradation_Analysis_of_a_Commercial_Sodium-Ion_Battery_With_Severe_Gassing_Issue/Standard cycling/DOD80_1C1C_-10degC/Cycling_Periods/S2000FNG5F_CU_at-10degC_V01_4856.ird,DOD80_1C1C_-10degC,CYC,S2000FNG5F,1,4856,-10,13.085,80.0,1.0,1.0,-10.0,144933.0,1088241.643696029,8.988805963512277,7.508636075511473,-6.249837398529053,6.250791072845459,3.047609329223633,0.5516007542610168,-1.2001022100448608,1.2000439167022705,0.017561599612236023,0.6176807880401611,-9.902950286865234,2.2981300354003906,-7.475589752197266,3.0688557624816895,-1.4666935044260754e-07,9.658441543579102,9.658441543579102,619.0,74.02171127550054,65.36715472036285,ok
/media/kabir/Research/Project/sodium battery /Data_Failure_Mode_and_Degradation_Analysis_of_a_Commercial_Sodium-Ion_Battery_With_Severe_Gassing_Issue/Standard cycling/DOD80_1C1C_-10degC/Cycling_Periods/S2000FO405_CU_at-10degC_V01_4854.ird,DOD80_1C1C_-10degC,CYC,S2000FO405,1,4854,-10,35.137,80.0,1.0,1.0,-10.0,393167.0,2673107.407476831,3.00022293580696,6.798928207110562,1.4997514486312866,3.800222396850586,3.1724627017974854,0.5085628628730774,-1.2000757455825806,1.2000439167022705,0.007317783311009407,0.37939995527267456,-9.744629859924316,2.111799955368042,-8.182887077331543,2.1412525177001953,-4.1743729184418044e-07,8.949722290039062,8.949722290039062,2433.0,82.45032184918769,74.63235471815035,ok
/media/kabir/Research/Project/sodium battery /Data_Failure_Mode_and_Degradation_Analysis_of_a_Commercial_Sodium-Ion_Battery_With_Severe_Gassing_Issue/Standard cycling/DOD80_1C1C_-10degC/Cycling_Periods/S2000FPM7N_CU_at-10degC_V01_4855.ird,DOD80_1C1C_-10degC,CYC,S2000FPM7N,1,4855,-10,36.756,80.0,1.0,1.0,-10.0,410855.0,2828293.827795792,3.0002698650059756,6.883938887769846,1.4998339414596558,3.800215005874634,3.164513349533081,0.5069157481193542,-1.2002954483032227,1.2000473737716675,0.011873397044837475,0.42760467529296875,-10.418680191040039,3.897510051727295,-8.25260066986084,2.7702770233154297,-1.7440972044369119e-07,14.425437927246094,14.425437927246094,2433.0,107.16386582209236,93.84395304401092,ok
/media/kabir/Research/Project/sodium battery /Data_Failure_Mode_and_Degradation_Analysis_of_a_Commercial_Sodium-Ion_Battery_With_Severe_Gassing_Issue/Standard cycling/DOD80_2C2C_25degC/CU_at_25degC/S2000FMYNP_CU_at25degC_V00_4903.ird,DOD80_2C2C_25degC,CU,S2000FMYNP,0,4903,25,15.475,80.0,2.0,2.0,25.0,180166.0,300346.903976159,1.000001678999979,1.6670657673585825,1.4996628761291504,3.800353527069092,2.9108409881591797,0.5814618468284607,-2.400184154510498,2.4059102535247803,-0.030718142166733742,0.44856908917427063,24.659360885620117,26.172870635986328,24.90986442565918,0.1615346074104309,-0.6537020802497864,0.5984895825386047,1.2521916627883911,126.0,3.7059509718437034,4.177541212915639,ok
/media/kabir/Research/Project/sodium battery /Data_Failure_Mode_and_Degradation_Analysis_of_a_Commercial_Sodium-Ion_Battery_With_Severe_Gassing_Issue/Standard cycling/DOD80_2C2C_25degC/CU_at_25degC/S2000FMYNP_CU_at25degC_V02_4953.ird,DOD80_2C2C_25degC,CU,S2000FMYNP,2,4953,25,15.539,80.0,2.0,2.0,25.0,180484.0,300854.159861274,1.0000016749982024,1.6669390461222053,1.4994721412658691,3.800353527069092,2.9036104679107666,0.5832367539405823,-2.400184154510498,2.4066526889801025,-0.031427279114723206,0.4486802816390991,24.62894058227539,26.088359832763672,24.913028717041016,0.15768380463123322,-0.688671886920929,0.5660179257392883,1.2546898126602173,126.0,3.7136305639631453,4.2199769614847025,ok
/media/kabir/Research/Project/sodium battery /Data_Failure_Mode_and_Degradation_Analysis_of_a_Commercial_Sodium-Ion_Battery_With_Severe_Gassing_Issue/Standard cycling/DOD80_2C2C_25degC/CU_at_25degC/S2000FMYNP_CU_at25degC_V04_5004.ird,DOD80_2C2C_25degC,CU,S2000FMYNP,4,5004,25,15.513,80.0,2.0,2.0,25.0,180235.0,300332.468247264,1.0000016750127543,1.6663474607857784,1.499853491783142,3.800353527069092,2.9038965702056885,0.5818039178848267,-2.400184154510498,2.406334400177002,-0.031336214393377304,0.44871601462364197,24.6076602935791,26.056800842285156,24.879859924316406,0.15877200663089752,-0.690693736076355,0.561062753200531,1.2517564296722412,126.0,3.696583378895036,4.202999401988507,ok
/media/kabir/Research/Project/sodium battery /Data_Failure_Mode_and_Degradation_Analysis_of_a_Commercial_Sodium-Ion_Battery_With_Severe_Gassing_Issue/Standard cycling/DOD80_2C2C_25degC/CU_at_25degC/S2000FMYNP_CU_at25degC_V06_5059.ird,DOD80_2C2C_25degC,CU,S2000FMYNP,6,5059,25,15.521,80.0,2.0,2.0,25.0,180304.0,300461.066369089,1.0000008399947546,1.6664230011097378,1.4992815256118774,3.800353527069092,2.9016566276550293,0.5818675756454468,-2.400184154510498,2.4065465927124023,-0.03140629455447197,0.4486905336380005,24.62894058227539,26.10873031616211,24.888460159301758,0.1607607901096344,-0.6945698857307434,0.5580011606216431,1.2525711059570312,126.0,3.6989470024891964,4.208417079393436,ok
/media/kabir/Research/Project/sodium battery /Data_Failure_Mode_and_Degradation_Analysis_of_a_Commercial_Sodium-Ion_Battery_With_Severe_Gassing_Issue/Standard cycling/DOD80_2C2C_25degC/CU_at_25degC/S2000FMYNP_CU_at25degC_V08_5087.ird,DOD80_2C2C_25degC,CU,S2000FMYNP,8,5087,25,15.527,80.0,2.0,2.0,25.0,180366.0,300597.453143928,1.0000016750127543,1.6666063434919636,1.499853491783142,3.800353527069092,2.899754762649536,0.5817492604255676,-2.400144577026367,2.406864643096924,-0.03150182589888573,0.4486734867095947,24.62590980529785,26.056800842285156,24.91048240661621,0.15691964328289032,-0.6995874643325806,0.553803026676178,1.2533905506134033,126.0,3.700357128639077,4.214425468255944,ok
/media/kabir/Research/Project/sodium battery /Data_Failure_Mode_and_Degradation_Analysis_of_a_Commercial_Sodium-Ion_Battery_With_Severe_Gassing_Issue/Standard cycling/DOD80_2C2C_25degC/CU_at_25degC/S2000FMYNP_CU_at25degC_V10_5143.ird,DOD80_2C2C_25degC,CU,S2000FMYNP,10,5143,25,15.53,80.0,2.0,2.0,25.0,180432.0,300767.89370864,1.0000025170156732,1.6669413443845014,1.4994721412658691,3.800353527069092,2.898548126220703,0.581089198589325,-2.400184154510498,2.406970739364624,-0.03152669221162796,0.44861122965812683,24.58941078186035,26.078189849853516,24.896711349487305,0.160358265042305,-0.7031652927398682,0.5517330765724182,1.2548983097076416,126.0,3.7013272771671124,4.217598389752397,ok
/media/kabir/Research/Project/sodium battery /Data_Failure_Mode_and_Degradation_Analysis_of_a_Commercial_Sodium-Ion_Battery_With_Severe_Gassing_Issue/Standard cycling/DOD80_2C2C_25degC/CU_at_25degC/S2000FMYNP_CU_at25degC_V12_5190.ird,DOD80_2C2C_25degC,CU,S2000FMYNP,12,5190,25,15.531,80.0,2.0,2.0,25.0,180399.0,300720.87513474404,1.0000025139888749,1.6669856380599788,1.4994721412658691,3.800353527069092,2.8981993198394775,0.5801349878311157,-2.4003963470458984,2.407076835632324,-0.031498637050390244,0.4485762417316437,24.580280303955078,26.096500396728516,24.873676300048828,0.16609323024749756,-0.7054541110992432,0.5491761565208435,1.2546303272247314,126.0,3.696939093981425,4.213737952918939,ok
/media/kabir/Research/Project/sodium battery /Data_Failure_Mode_and_Degradation_Analysis_of_a_Commercial_Sodium-Ion_Battery_With_Severe_Gassing_Issue/Standard cycling/DOD80_2C2C_25degC/CU_at_25degC/S2000FMYNP_CU_at25degC_V14_5232.ird,DOD80_2C2C_25degC,CU,S2000FMYNP,14,5232,25,15.502,80.0,2.0,2.0,25.0,180259.0,300398.444756255,1.0000016739941202,1.6664916106705667,1.4992815256118774,3.800353527069092,2.898150682449341,0.5792549848556519,-2.400205373764038,2.406970739364624,-0.03145065903663635,0.44859105348587036,24.62894058227539,26.175920486450195,24.871917724609375,0.1706535965204239,-0.7068784236907959,0.5458294749259949,1.2527079582214355,126.0,3.686479075338376,4.203702354704256,ok
/media/kabir/Research/Project/sodium battery /Data_Failure_Mode_and_Degradation_Analysis_of_a_Commercial_Sodium-Ion_Battery_With_Severe_Gassing_Issue/Standard cycling/DOD80_2C2C_25degC/CU_at_25degC/S2000FMYNP_CU_at25degC_V16_5268.ird,DOD80_2C2C_25degC,CU,S2000FMYNP,16,5268,25,15.531,80.0,2.0,2.0,25.0,180420.0,300762.92547333403,1.0000016780104488,1.6670246785168636,1.4992815256118774,3.800353527069092,2.8959338665008545,0.5793151259422302,-2.400184154510498,2.406970739364624,-0.031560879200696945,0.4485466182231903,24.641109466552734,26.087339401245117,24.900146484375,0.1645333617925644,-0.7115122079849243,0.5436847805976868,1.2551970481872559,126.0,3.6941238181994773,4.215932377918618,ok
/media/kabir/Research/Project/sodium battery /Data_Failure_Mode_and_Degradation_Analysis_of_a_Commercial_Sodium-Ion_Battery_With_Severe_Gassing_Issue/Standard cycling/DOD80_2C2C_25degC/CU_at_25degC/S2000FMYNP_CU_at25degC_V18_5307.ird,DOD80_2C2C_25degC,CU,S2000FMYNP,18,5307,25,15.55,80.0,2.0,2.0,25.0,180585.0,301079.649364953,1.0000016779522412,1.667255401170386,1.4994721412658691,3.800353527069092,2.893094778060913,0.5797585248947144,-2.400184154510498,2.407076835632324,-0.03169509023427963,0.448527455329895,24.598529815673828,26.114830017089844,24.89922523498535,0.16121548414230347,-0.7149937748908997,0.5416852831840515,1.2566790580749512,126.0,3.7032830420188345,4.228878842060434,ok
/media/kabir/Research/Project/sodium battery /Data_Failure_Mode_and_Degradation_Analysis_of_a_Commercial_Sodium-Ion_Battery_With_Severe_Gassing_Issue/Standard cycling/DOD80_2C2C_25degC/CU_at_25degC/S2000FMYNP_CU_at25degC_V20_5346.ird,DOD80_2C2C_25degC,CU,S2000FMYNP,20,5346,25,15.535,80.0,2.0,2.0,25.0,180491.0,300877.216607113,1.0000025129993446,1.6670021419863317,1.4994721412658691,3.8001627922058105,2.893284559249878,0.5785719156265259,-2.400184154510498,2.4071829319000244,-0.03165816888213158,0.448516309261322,24.580280303955078,26.065959930419922,24.87014389038086,0.16450707614421844,-0.7176019549369812,0.5380225777626038,1.255624532699585,126.0,3.6943433088704785,4.221678037849165,ok
/media/kabir/Research/Project/sodium battery /Data_Failure_Mode_and_Degradation_Analysis_of_a_Commercial_Sodium-Ion_Battery_With_Severe_Gassing_Issue/Standard cycling/DOD80_2C2C_25degC/CU_at_25degC/S2000FMYNP_CU_at25degC_V22_5380.ird,DOD80_2C2C_25degC,CU,S2000FMYNP,22,5380,25,15.539,80.0,2.0,2.0,25.0,180547.0,300959.01232025103,1.0000025130430004,1.6669381338841682,1.499853491783142,3.8001627922058105,2.891890525817871,0.5781446695327759,-2.400184154510498,2.406970739364624,-0.031747862696647644,0.44854357838630676,24.577239990234375,26.087339401245117,24.8819637298584,0.16881927847862244,-0.7199970483779907,0.5360150337219238,1.2560120820999146,126.0,3.6976170663473145,4.228378315223278,ok
/media/kabir/Research/Project/sodium battery /Data_Failure_Mode_and_Degradation_Analysis_of_a_Commercial_Sodium-Ion_Battery_With_Severe_Gassing_Issue/Standard cycling/DOD80_2C2C_25degC/CU_at_25degC/S2000FMYNP_CU_at25degC_V24_5402.ird,DOD80_2C2C_25degC,CU,S2000FMYNP,24,5402,25,15.543,80.0,2.0,2.0,25.0,180563.0,300904.443939118,1.0000016749982024,1.6664882086990507,1.4996628761291504,3.8001627922058105,2.8905863761901855,0.5777949094772339,-2.4001967906951904,2.4073948860168457,-0.031786948442459106,0.4485715329647064,24.641109466552734,26.230899810791016,24.916654586791992,0.17500385642051697,-0.7205510139465332,0.5343534350395203,1.2549045085906982,126.0,3.6986868858527124,4.230473818494365,ok
/media/kabir/Research/Project/sodium battery /Data_Failure_Mode_and_Degradation_Analysis_of_a_Commercial_Sodium-Ion_Battery_With_Severe_Gassing_Issue/Standard cycling/DOD80_2C2C_25degC/CU_at_25degC/S2000FMYNP_CU_at25degC_V26_5426.ird,DOD80_2C2C_25degC,CU,S2000FMYNP,26,5426,25,15.533,80.0,2.0,2.0,25.0,180603.0,300908.805818295,1.0000025129993446,1.6661432642954948,1.4996628761291504,3.8001627922058105,2.8892617225646973,0.5772438049316406,-2.400078296661377,2.404425859451294,-0.03189650923013687,0.44840487837791443,24.638059616088867,26.154539108276367,24.915328979492188,0.17650914192199707,-0.7228703498840332,0.5315777659416199,1.2544481754302979,126.0,3.7012933231684166,4.236739644877644,ok
/media/kabir/Research/Project/sodium battery /Data_Failure_Mode_and_Degradation_Analysis_of_a_Commercial_Sodium-Ion_Battery_With_Severe_Gassing_Issue/Standard cycling/DOD80_2C2C_25degC/CU_at_25degC/S2000FNNDT_CU_at25degC_V00_4902.ird,DOD80_2C2C_25degC,CU,S2000FNNDT,0,4902,25,15.453,80.0,2.0,2.0,25.0,179995.0,299965.672473783,1.0000016749836504,1.6665315092379913,1.499271035194397,3.8001363277435303,2.9122321605682373,0.5787938237190247,-2.4002766609191895,2.409134864807129,-0.030657997354865074,0.44862696528434753,24.917869567871094,26.166759490966797,25.147863388061523,0.13283716142177582,-0.6523001790046692,0.5977122783660889,1.2500123977661133,126.0,3.6965698457455893,4.167550458418469,ok
/media/kabir/Research/Project/sodium battery /Data_Failure_Mode_and_Degradation_Analysis_of_a_Commercial_Sodium-Ion_Battery_With_Severe_Gassing_Issue/Standard cycling/DOD80_2C2C_25degC/CU_at_25degC/S2000FNNDT_CU_at25degC_V02_4952.ird,DOD80_2C2C_25degC,CU,S2000FNNDT,2,4952,25,15.511,80.0,2.0,2.0,25.0,180405.0,300637.040146729,1.0000016749836504,1.6664654893834336,1.499271035194397,3.8001363277435303,2.904714584350586,0.5808035135269165,-2.400250196456909,2.409029245376587,-0.03147176653146744,0.44873878359794617,24.887460708618164,26.114830017089844,25.14154815673828,0.1318017989397049,-0.6914547681808472,0.5620240569114685,1.253478765487671,126.0,3.707955473605608,4.2182328030438745,ok
/media/kabir/Research/Project/sodium battery /Data_Failure_Mode_and_Degradation_Analysis_of_a_Commercial_Sodium-Ion_Battery_With_Severe_Gassing_Issue/Standard cycling/DOD80_2C2C_25degC/CU_at_25degC/S2000FNNDT_CU_at25degC_V04_5003.ird,DOD80_2C2C_25degC,CU,S2000FNNDT,4,5003,25,15.516,80.0,2.0,2.0,25.0,180223.0,300260.22764483903,1.0000016750127543,1.6660575714665193,1.499271035194397,3.8003270626068115,2.904221296310425,0.5798465013504028,-2.40010929107666,2.4086060523986816,-0.03141306713223457,0.4487672746181488,24.893550872802734,26.09040069580078,25.129722595214844,0.13228459656238556,-0.6937188506126404,0.557697594165802,1.2514164447784424,126.0,3.6951488905072414,4.206072320233542,ok
/media/kabir/Research/Project/sodium battery /Data_Failure_Mode_and_Degradation_Analysis_of_a_Commercial_Sodium-Ion_Battery_With_Severe_Gassing_Issue/Standard cycling/DOD80_2C2C_25degC/CU_at_25degC/S2000FNNDT_CU_at25degC_V06_5057.ird,DOD80_2C2C_25degC,CU,S2000FNNDT,6,5057,25,15.513,80.0,2.0,2.0,25.0,180306.0,300414.645021935,1.0000008399947546,1.66614705649835,1.49965238571167,3.8003270626068115,2.9019956588745117,0.5799700617790222,-2.400144577026367,2.4088175296783447,-0.03149648755788803,0.44873982667922974,24.90266990661621,26.120939254760742,25.13432502746582,0.13225428760051727,-0.6976659297943115,0.5546292066574097,1.2522951364517212,126.0,3.698375589320868,4.21255303756043,ok
/media/kabir/Research/Project/sodium battery /Data_Failure_Mode_and_Degradation_Analysis_of_a_Commercial_Sodium-Ion_Battery_With_Severe_Gassing_Issue/Standard cycling/DOD80_2C2C_25degC/CU_at_25degC/S2000FNNDT_CU_at25degC_V08_5086.ird,DOD80_2C2C_25degC,CU,S2000FNNDT,8,5086,25,15.513,80.0,2.0,2.0,25.0,180372.0,300562.636585655,1.0000025140179787,1.6663578767410225,1.499271035194397,3.8003270626068115,2.8998608589172363,0.580071210861206,-2.400144577026367,2.4086060523986816,-0.03159647434949875,0.44874119758605957,24.89657974243164,26.078189849853516,25.142953872680664,0.13137775659561157,-0.7021591067314148,0.5510352849960327,1.2531943321228027,126.0,3.7007098147931234,4.21940245949349,ok
/media/kabir/Research/Project/sodium battery /Data_Failure_Mode_and_Degradation_Analysis_of_a_Commercial_Sodium-Ion_Battery_With_Severe_Gassing_Issue/Standard cycling/DOD80_2C2C_25degC/CU_at_25degC/S2000FNNDT_CU_at25degC_V10_5142.ird,DOD80_2C2C_25degC,CU,S2000FNNDT,10,5142,25,15.525,80.0,2.0,2.0,25.0,180426.0,300675.59679450997,1.0000016749982024,1.666485225409505,1.49965238571167,3.8003270626068115,2.8986916542053223,0.5794287919998169,-2.400151014328003,2.4087119102478027,-0.03162139654159546,0.4486936330795288,24.87529945373535,26.10873031616211,25.137468338012695,0.13260923326015472,-0.7051902413368225,0.5488690733909607,1.2540593147277832,126.0,3.7012914528596976,4.222219607840916,ok
/media/kabir/Research/Project/sodium battery /Data_Failure_Mode_and_Degradation_Analysis_of_a_Commercial_Sodium-Ion_Battery_With_Severe_Gassing_Issue/Standard cycling/DOD80_2C2C_25degC/CU_at_25degC/S2000FNNDT_CU_at25degC_V12_5189.ird,DOD80_2C2C_25degC,CU,S2000FNNDT,12,5189,25,15.52,80.0,2.0,2.0,25.0,180362.0,300556.224089637,1.000003352004569,1.6664147132120413,1.499271035194397,3.8003270626068115,2.89823579788208,0.5785576701164246,-2.400144577026367,2.4086060523986816,-0.031589820981025696,0.44869834184646606,24.865150451660156,26.124000549316406,25.12261962890625,0.13676667213439941,-0.7062752842903137,0.5468508005142212,1.2531261444091797,126.0,3.6968438848432355,4.217636940330072,ok
/media/kabir/Research/Project/sodium battery /Data_Failure_Mode_and_Degradation_Analysis_of_a_Commercial_Sodium-Ion_Battery_With_Severe_Gassing_Issue/Standard cycling/DOD80_2C2C_25degC/CU_at_25degC/S2000FNNDT_CU_at25degC_V14_5229.ird,DOD80_2C2C_25degC,CU,S2000FNNDT,14,5229,25,15.501,80.0,2.0,2.0,25.0,180137.0,300108.966284438,1.0000016749836504,1.6660132693322711,1.49965238571167,3.8003270626068115,2.897939682006836,0.5779356956481934,-2.400177001953125,2.4088175296783447,-0.03130176663398743,0.44868579506874084,24.89657974243164,26.139270782470703,25.123252868652344,0.13915188610553741,-0.6937587857246399,0.556056559085846,1.2498153448104858,126.0,3.687721878817186,4.194572671504851,ok
/media/kabir/Research/Project/sodium battery /Data_Failure_Mode_and_Degradation_Analysis_of_a_Commercial_Sodium-Ion_Battery_With_Severe_Gassing_Issue/Standard cycling/DOD80_2C2C_25degC/CU_at_25degC/S2000FNNDT_CU_at25degC_V16_5267.ird,DOD80_2C2C_25degC,CU,S2000FNNDT,16,5267,25,15.501,80.0,2.0,2.0,25.0,180299.0,300440.68432447,1.0000025129993446,1.6663561677027476,1.499271035194397,3.8003270626068115,2.895190477371216,0.5783312320709229,-2.400144577026367,2.4088175296783447,-0.03145994246006012,0.4486655294895172,24.91179084777832,26.07206916809082,25.142744064331055,0.13514988124370575,-0.7007091641426086,0.550325870513916,1.2510349750518799,126.0,3.6954216263910666,4.207760761859373,ok
/media/kabir/Research/Project/sodium battery /Data_Failure_Mode_and_Degradation_Analysis_of_a_Commercial_Sodium-Ion_Battery_With_Severe_Gassing_Issue/Standard cycling/DOD80_2C2C_25degC/CU_at_25degC/S2000FNNDT_CU_at25degC_V18_5306.ird,DOD80_2C2C_25degC,CU,S2000FNNDT,18,5306,25,15.521,80.0,2.0,2.0,25.0,180458.0,300684.92856171797,1.000001678999979,1.6662414235065304,1.499271035194397,3.8003270626068115,2.8925492763519287,0.578700840473175,-2.400200366973877,2.408923387527466,-0.0316816009581089,0.44869861006736755,24.887460708618164,26.120939254760742,25.138145446777344,0.1331038475036621,-0.7084274888038635,0.5443034172058105,1.2527308464050293,126.0,3.703548578787165,4.223533467078694,ok
/media/kabir/Research/Project/sodium battery /Data_Failure_Mode_and_Degradation_Analysis_of_a_Commercial_Sodium-Ion_Battery_With_Severe_Gassing_Issue/Standard cycling/DOD80_2C2C_25degC/CU_at_25degC/S2000FNNDT_CU_at25degC_V20_5345.ird,DOD80_2C2C_25degC,CU,S2000FNNDT,20,5345,25,15.495,80.0,2.0,2.0,25.0,180261.0,300343.744980029,1.0000016750127543,1.6661696714746976,1.4998431205749512,3.8003270626068115,2.892819881439209,0.5774566531181335,-2.400172710418701,2.4087119102478027,-0.031417734920978546,0.4486691951751709,24.87833023071289,26.065959930419922,25.1242733001709,0.1348835676908493,-0.6982957720756531,0.552983283996582,1.2512791156768799,126.0,3.6944358323468904,4.203198411761055,ok
/media/kabir/Research/Project/sodium battery /Data_Failure_Mode_and_Degradation_Analysis_of_a_Commercial_Sodium-Ion_Battery_With_Severe_Gassing_Issue/Standard cycling/DOD80_2C2C_25degC/CU_at_25degC/S2000FNNDT_CU_at25degC_V22_5379.ird,DOD80_2C2C_25degC,CU,S2000FNNDT,22,5379,25,15.51,80.0,2.0,2.0,25.0,180363.0,300494.13685552403,1.0000025130002541,1.6660612371537464,1.4998431205749512,3.8001363277435303,2.8916773796081543,0.5768639445304871,-2.4002420902252197,2.408923387527466,-0.031610067933797836,0.4486885666847229,24.87833023071289,26.102619171142578,25.14820098876953,0.14341606199741364,-0.7079827785491943,0.5434040427207947,1.2513868808746338,126.0,3.6966406380791006,4.215572632601283,ok
/media/kabir/Research/Project/sodium battery /Data_Failure_Mode_and_Degradation_Analysis_of_a_Commercial_Sodium-Ion_Battery_With_Severe_Gassing_Issue/Standard cycling/DOD80_2C2C_25degC/CU_at_25degC/S2000FNNDT_CU_at25degC_V24_5401.ird,DOD80_2C2C_25degC,CU,S2000FNNDT,24,5401,25,15.487,80.0,2.0,2.0,25.0,180393.0,300449.097397098,1.0000016749982024,1.6655344882095549,1.49965238571167,3.8001363277435303,2.8908472061157227,0.5761806964874268,-2.4005675315856934,2.4088175296783447,-0.0316949337720871,0.44870948791503906,24.917869567871094,26.374460220336914,25.17654037475586,0.1617860347032547,-0.7116779685020447,0.5388747453689575,1.2505526542663574,126.0,3.696295270228501,4.219713736650865,ok
/media/kabir/Research/Project/sodium battery /Data_Failure_Mode_and_Degradation_Analysis_of_a_Commercial_Sodium-Ion_Battery_With_Severe_Gassing_Issue/Standard cycling/DOD80_2C2C_25degC/CU_at_25degC/S2000FNNDT_CU_at25degC_V26_5425.ird,DOD80_2C2C_25degC,CU,S2000FNNDT,26,5425,25,15.514,80.0,2.0,2.0,25.0,180411.0,300368.75855049,1.000001678999979,1.6649230006678677,1.4998431205749512,3.8001363277435303,2.8901045322418213,0.5753173232078552,-2.4005675315856934,2.405221462249756,-0.03186230733990669,0.44879838824272156,24.90570068359375,26.291990280151367,25.170663833618164,0.16312769055366516,-0.716767430305481,0.532375156879425,1.2491426467895508,126.0,3.6974852667437768,4.2274788394453156,ok
/media/kabir/Research/Project/sodium battery /Data_Failure_Mode_and_Degradation_Analysis_of_a_Commercial_Sodium-Ion_Battery_With_Severe_Gassing_Issue/Standard cycling/DOD80_2C2C_25degC/CU_at_25degC/S2000FPKDB_CU_at25degC_V00_4901.ird,DOD80_2C2C_25degC,CU,S2000FPKDB,0,4901,25,15.384,80.0,2.0,2.0,25.0,179386.0,298418.370614035,1.0000016750000214,1.6635636793156339,1.4994045495986938,3.8004746437072754,2.9112093448638916,0.5791727304458618,-2.400238275527954,2.4085254669189453,-0.030568957328796387,0.449032723903656,24.954370498657227,26.463029861450195,25.223936080932617,0.1723562628030777,-0.6454194188117981,0.593292236328125,1.2387115955352783,126.0,3.6700726059764213,4.138327072105391,ok
/media/kabir/Research/Project/sodium battery /Data_Failure_Mode_and_Degradation_Analysis_of_a_Commercial_Sodium-Ion_Battery_With_Severe_Gassing_Issue/Standard cycling/DOD80_2C2C_25degC/CU_at_25degC/S2000FPKDB_CU_at25degC_V02_4951.ird,DOD80_2C2C_25degC,CU,S2000FPKDB,2,4951,25,15.461,80.0,2.0,2.0,25.0,179874.0,299264.763376239,1.0000016749836504,1.6637558909688446,1.4997859001159668,3.8004746437072754,2.9025285243988037,0.5818381309509277,-2.400179386138916,2.4082086086273193,-0.03142848610877991,0.4491254687309265,24.92091941833496,26.405000686645508,25.22498893737793,0.17053277790546417,-0.6862437725067139,0.5568839907646179,1.2431278228759766,126.0,3.6853072038309436,4.1943476019642745,ok
/media/kabir/Research/Project/sodium battery /Data_Failure_Mode_and_Degradation_Analysis_of_a_Commercial_Sodium-Ion_Battery_With_Severe_Gassing_Issue/Standard cycling/DOD80_2C2C_25degC/CU_at_25degC/S2000FPKDB_CU_at25degC_V04_5002.ird,DOD80_2C2C_25degC,CU,S2000FPKDB,4,5002,25,15.438,80.0,2.0,2.0,25.0,179682.0,298884.597172477,1.0000016749982024,1.6634179305128365,1.4992138147354126,3.8004746437072754,2.9022085666656494,0.580744206905365,-2.400179386138916,2.4082086086273193,-0.03135905787348747,0.44915321469306946,24.899620056152344,26.36528968811035,25.199796676635742,0.17005212604999542,-0.688357412815094,0.5526831746101379,1.241040587425232,126.0,3.6723991493879558,4.1815116933084395,ok
/media/kabir/Research/Project/sodium battery /Data_Failure_Mode_and_Degradation_Analysis_of_a_Commercial_Sodium-Ion_Battery_With_Severe_Gassing_Issue/Standard cycling/DOD80_2C2C_25degC/CU_at_25degC/S2000FPKDB_CU_at25degC_V06_5056.ird,DOD80_2C2C_25degC,CU,S2000FPKDB,6,5056,25,15.453,80.0,2.0,2.0,25.0,179807.0,299123.703841216,1.0000008399947546,1.6635913364471486,1.4997859001159668,3.8004746437072754,2.899198293685913,0.5812674164772034,-2.400179386138916,2.4083142280578613,-0.03146630898118019,0.44911351799964905,24.91482925415039,26.414159774780273,25.209287643432617,0.1714530885219574,-0.6934127807617188,0.5491061806678772,1.2425189018249512,126.0,3.6770799983062217,4.190944468700744,ok
/media/kabir/Research/Project/sodium battery /Data_Failure_Mode_and_Degradation_Analysis_of_a_Commercial_Sodium-Ion_Battery_With_Severe_Gassing_Issue/Standard cycling/DOD80_2C2C_25degC/CU_at_25degC/S2000FPKDB_CU_at25degC_V08_5084.ird,DOD80_2C2C_25degC,CU,S2000FPKDB,8,5084,25,15.466,80.0,2.0,2.0,25.0,179927.0,299383.246753434,1.0000016749982024,1.663924317516279,1.4997859001159668,3.8004746437072754,2.8964927196502686,0.5816483497619629,-2.400179386138916,2.4081029891967773,-0.0315871499478817,0.4490938186645508,24.93004035949707,26.37751007080078,25.222293853759766,0.17158375680446625,-0.698360025882721,0.5457224249839783,1.2440824508666992,126.0,3.6822068223889244,4.201069257226193,ok
/media/kabir/Research/Project/sodium battery /Data_Failure_Mode_and_Degradation_Analysis_of_a_Commercial_Sodium-Ion_Battery_With_Severe_Gassing_Issue/Standard cycling/DOD80_2C2C_25degC/CU_at_25degC/S2000FPKDB_CU_at25degC_V10_5141.ird,DOD80_2C2C_25degC,CU,S2000FPKDB,10,5141,25,15.467,80.0,2.0,2.0,25.0,179994.0,299549.85020639305,1.0000016749836504,1.6642305545570828,1.4997859001159668,3.8004746437072754,2.895029306411743,0.5810782313346863,-2.400179386138916,2.4081029891967773,-0.03162483870983124,0.4490458369255066,24.91482925415039,26.393800735473633,25.212825775146484,0.17329297959804535,-0.7020861506462097,0.5432960391044617,1.2453821897506714,126.0,3.6838481164593855,4.205240170508996,ok
/media/kabir/Research/Project/sodium battery /Data_Failure_Mode_and_Degradation_Analysis_of_a_Commercial_Sodium-Ion_Battery_With_Severe_Gassing_Issue/Standard cycling/DOD80_2C2C_25degC/CU_at_25degC/S2000FPKDB_CU_at25degC_V12_5188.ird,DOD80_2C2C_25degC,CU,S2000FPKDB,12,5188,25,15.473,80.0,2.0,2.0,25.0,179966.0,299498.32442738104,1.0000016780031729,1.6642031752139637,1.4994045495986938,3.8004746437072754,2.894535541534424,0.5801107287406921,-2.400179386138916,2.4077858924865723,-0.03162529692053795,0.4490250051021576,24.899620056152344,26.43553924560547,25.20467185974121,0.17494601011276245,-0.70481938123703,0.54038006067276,1.24519944190979,126.0,3.679547172186511,4.2025509985804606,ok
/media/kabir/Research/Project/sodium battery /Data_Failure_Mode_and_Degradation_Analysis_of_a_Commercial_Sodium-Ion_Battery_With_Severe_Gassing_Issue/Standard cycling/DOD80_2C2C_25degC/CU_at_25degC/S2000FPKDB_CU_at25degC_V14_5230.ird,DOD80_2C2C_25degC,CU,S2000FPKDB,14,5230,25,15.45,80.0,2.0,2.0,25.0,179812.0,299143.563708128,1.0000016750127543,1.6636555255692251,1.4997859001159668,3.8004746437072754,2.894834280014038,0.5789300799369812,-2.400179386138916,2.4082086086273193,-0.031556010246276855,0.44905152916908264,24.917869567871094,26.459980010986328,25.20299530029297,0.1767476499080658,-0.7052809596061707,0.5376874804496765,1.2429684400558472,126.0,3.669263818524847,4.1918999096588285,ok
/media/kabir/Research/Project/sodium battery /Data_Failure_Mode_and_Degradation_Analysis_of_a_Commercial_Sodium-Ion_Battery_With_Severe_Gassing_Issue/Standard cycling/DOD80_2C2C_25degC/CU_at_25degC/S2000FPKDB_CU_at25degC_V16_5266.ird,DOD80_2C2C_25degC,CU,S2000FPKDB,16,5266,25,15.461,80.0,2.0,2.0,25.0,179975.0,299497.17959676404,1.0000025129993446,1.6641135919453034,1.4997859001159668,3.8004746437072754,2.8922929763793945,0.5792086720466614,-2.400179386138916,2.4077858924865723,-0.03168882429599762,0.44902142882347107,24.93004035949707,26.40806007385254,25.211997985839844,0.1752794235944748,-0.7100381851196289,0.5351396799087524,1.2451778650283813,126.0,3.677109232360671,4.204757565425104,ok
/media/kabir/Research/Project/sodium battery /Data_Failure_Mode_and_Degradation_Analysis_of_a_Commercial_Sodium-Ion_Battery_With_Severe_Gassing_Issue/Standard cycling/DOD80_2C2C_25degC/CU_at_25degC/S2000FPKDB_CU_at25degC_V18_5305.ird,DOD80_2C2C_25degC,CU,S2000FPKDB,18,5305,25,15.487,80.0,2.0,2.0,25.0,180136.0,299773.96773015603,1.0000016780104488,1.664162809726905,1.4997859001159668,3.8004746437072754,2.8895657062530518,0.5795861482620239,-2.400200605392456,2.4082086086273193,-0.031838443130254745,0.4490185081958771,24.90266990661621,26.426380157470703,25.208908081054688,0.1740134060382843,-0.7133287191390991,0.5329231023788452,1.2462518215179443,126.0,3.6859443860734826,4.217893181166524,ok
/media/kabir/Research/Project/sodium battery /Data_Failure_Mode_and_Degradation_Analysis_of_a_Commercial_Sodium-Ion_Battery_With_Severe_Gassing_Issue/Standard cycling/DOD80_2C2C_25degC/CU_at_25degC/S2000FPKDB_CU_at25degC_V20_5344.ird,DOD80_2C2C_25degC,CU,S2000FPKDB,20,5344,25,15.475,80.0,2.0,2.0,25.0,180014.0,299510.854971811,1.0000016750127543,1.663829028857977,1.4997859001159668,3.8004746437072754,2.890148878097534,0.577953577041626,-2.400193452835083,2.4078917503356934,-0.03178812935948372,0.44902563095092773,24.90266990661621,26.398889541625977,25.201461791992188,0.1740817427635193,-0.7150869965553284,0.529778003692627,1.2448649406433105,126.0,3.6764474190427983,4.20923281150666,ok
/media/kabir/Research/Project/sodium battery /Data_Failure_Mode_and_Degradation_Analysis_of_a_Commercial_Sodium-Ion_Battery_With_Severe_Gassing_Issue/Standard cycling/DOD80_2C2C_25degC/CU_at_25degC/S2000FPKDB_CU_at25degC_V22_5378.ird,DOD80_2C2C_25degC,CU,S2000FPKDB,22,5378,25,15.473,80.0,2.0,2.0,25.0,180060.0,299583.169399645,1.000001677981345,1.663805582612616,1.4995951652526855,3.8004746437072754,2.8887128829956055,0.5774363279342651,-2.400179386138916,2.4082086086273193,-0.031870026141405106,0.4490531086921692,24.90266990661621,26.420270919799805,25.202129364013672,0.1790977120399475,-0.7177609205245972,0.5273249745368958,1.2450859546661377,126.0,3.6792482491993366,4.215472205354676,ok
/media/kabir/Research/Project/sodium battery /Data_Failure_Mode_and_Degradation_Analysis_of_a_Commercial_Sodium-Ion_Battery_With_Severe_Gassing_Issue/Standard cycling/DOD80_2C2C_25degC/CU_at_25degC/S2000FPKDB_CU_at25degC_V24_5400.ird,DOD80_2C2C_25degC,CU,S2000FPKDB,24,5400,25,15.483,80.0,2.0,2.0,25.0,180056.0,299474.220142195,1.0000016780104488,1.6632374560117464,1.4997859001159668,3.800283908843994,2.8879756927490234,0.5764762163162231,-2.400179386138916,2.4081029891967773,-0.03190234303474426,0.4490811228752136,24.908750534057617,26.48440933227539,25.198986053466797,0.1818985641002655,-0.7181443572044373,0.5256481766700745,1.2437925338745117,126.0,3.678734227924103,4.215823462720482,ok
/media/kabir/Research/Project/sodium battery /Data_Failure_Mode_and_Degradation_Analysis_of_a_Commercial_Sodium-Ion_Battery_With_Severe_Gassing_Issue/Standard cycling/DOD80_2C2C_25degC/CU_at_25degC/S2000FPKDB_CU_at25degC_V26_5424.ird,DOD80_2C2C_25degC,CU,S2000FPKDB,26,5424,25,15.485,80.0,2.0,2.0,25.0,180076.0,299390.90823619504,1.0000025139888749,1.6625900776687212,1.4997859001159668,3.800283908843994,2.886734962463379,0.5757513046264648,-2.400602102279663,2.4077858924865723,-0.03200560435652733,0.4491494596004486,24.90570068359375,26.414159774780273,25.19840431213379,0.18059369921684265,-0.7192081809043884,0.5232369899749756,1.2424452304840088,126.0,3.6807875087024096,4.221029241968392,ok
/media/kabir/Research/Project/sodium battery /Data_Failure_Mode_and_Degradation_Analysis_of_a_Commercial_Sodium-Ion_Battery_With_Severe_Gassing_Issue/Standard cycling/DOD80_2C2C_25degC/Cycling_Periods/S2000FMYNP_CYC_at25degC_V01_4928.ird,DOD80_2C2C_25degC,CYC,S2000FMYNP,1,4928,25,7.786,80.0,2.0,2.0,25.0,86585.0,1034915.507535179,10.000000001047738,11.952733848461367,2.027833938598633,3.800353527069092,2.9831435680389404,0.5280107855796814,-2.4001047611236572,2.4040017127990723,-0.008394929580390453,1.916141152381897,24.595489501953125,28.50946044921875,26.011497497558594,1.2202515602111816,-0.0011269089300185442,1.0626689195632935,1.063795804977417,1208.0,187.01939231948896,187.20173234384166,ok
/media/kabir/Research/Project/sodium battery /Data_Failure_Mode_and_Degradation_Analysis_of_a_Commercial_Sodium-Ion_Battery_With_Severe_Gassing_Issue/Standard cycling/DOD80_2C2C_25degC/Cycling_Periods/S2000FMYNP_CYC_at25degC_V03_4971.ird,DOD80_2C2C_25degC,CYC,S2000FMYNP,3,4971,25,7.88,80.0,2.0,2.0,25.0,88045.0,1076986.603588011,10.000000001047738,12.23236794770809,2.028024673461914,3.800353527069092,2.9699323177337646,0.5327180027961731,-2.400083541870117,2.405061960220337,-0.008974547497928143,1.897068738937378,24.62590980529785,28.527780532836914,26.028928756713867,1.225892186164856,-1.414360184526231e-07,1.06544029712677,1.0654404163360596,1208.0,186.35940455182012,186.5583415904365,ok
/media/kabir/Research/Project/sodium battery /Data_Failure_Mode_and_Degradation_Analysis_of_a_Commercial_Sodium-Ion_Battery_With_Severe_Gassing_Issue/Standard cycling/DOD80_2C2C_25degC/Cycling_Periods/S2000FMYNP_CYC_at25degC_V05_5023.ird,DOD80_2C2C_25degC,CYC,S2000FMYNP,5,5023,25,7.875,80.0,2.0,2.0,25.0,87987.0,1076027.0903460789,10.000000001164153,12.22952617855203,2.027833938598633,3.800353527069092,2.970576524734497,0.5326577425003052,-2.400184154510498,2.404531717300415,-0.008462514728307724,1.8942939043045044,24.613740921020508,28.567489624023438,26.04020118713379,1.2287572622299194,-1.4782524715428735e-07,1.060062050819397,1.0600621700286865,1208.0,185.79551677009076,185.979234475825,ok
/media/kabir/Research/Project/sodium battery /Data_Failure_Mode_and_Degradation_Analysis_of_a_Commercial_Sodium-Ion_Battery_With_Severe_Gassing_Issue/Standard cycling/DOD80_2C2C_25degC/Cycling_Periods/S2000FMYNP_CYC_at25degC_V07_5070.ird,DOD80_2C2C_25degC,CYC,S2000FMYNP,7,5070,25,7.894,80.0,2.0,2.0,25.0,88144.0,1076213.4688547722,10.000000835978426,12.209857491289972,2.028024673461914,3.800353527069092,2.970942735671997,0.5329033136367798,-2.400184154510498,2.4046378135681152,-0.007824326865375042,1.8900851011276245,24.613740921020508,28.5827693939209,26.046396255493164,1.2310216426849365,-0.014120965264737606,1.0596798658370972,1.073800802230835,1208.0,185.42882592224436,185.6448598048868,ok
/media/kabir/Research/Project/sodium battery /Data_Failure_Mode_and_Degradation_Analysis_of_a_Commercial_Sodium-Ion_Battery_With_Severe_Gassing_Issue/Standard cycling/DOD80_2C2C_25degC/Cycling_Periods/S2000FMYNP_CYC_at25degC_V09_5113.ird,DOD80_2C2C_25degC,CYC,S2000FMYNP,9,5113,25,7.885,80.0,2.0,2.0,25.0,88123.0,1076385.709902226,10.000000001047738,12.214721748283358,2.027833938598633,3.800353527069092,2.9722278118133545,0.5315527319908142,-2.4001047611236572,2.404956102371216,-0.007813984528183937,1.8897379636764526,24.63503074645996,28.5705509185791,26.047422409057617,1.2320222854614258,-1.269852987206832e-07,1.059517502784729,1.0595176219940186,1208.0,185.33234880116362,185.50894549077512,ok
/media/kabir/Research/Project/sodium battery /Data_Failure_Mode_and_Degradation_Analysis_of_a_Commercial_Sodium-Ion_Battery_With_Severe_Gassing_Issue/Standard cycling/DOD80_2C2C_25degC/Cycling_Periods/S2000FMYNP_CYC_at25degC_V11_5156.ird,DOD80_2C2C_25degC,CYC,S2000FMYNP,11,5156,25,7.893,80.0,2.0,2.0,25.0,88216.0,1076849.919148108,10.000000001047738,12.207106718223748,2.027833938598633,3.800353527069092,2.97157883644104,0.531830370426178,-2.4001471996307373,2.4052741527557373,-0.008106781169772148,1.8881982564926147,24.650230407714844,28.61941909790039,26.08728790283203,1.2497221231460571,-1.4109971857578785e-07,1.0590654611587524,1.059065580368042,1208.0,185.21861441464426,185.39371726274243,ok
/media/kabir/Research/Project/sodium battery /Data_Failure_Mode_and_Degradation_Analysis_of_a_Commercial_Sodium-Ion_Battery_With_Severe_Gassing_Issue/Standard cycling/DOD80_2C2C_25degC/Cycling_Periods/S2000FMYNP_CYC_at25degC_V13_5208.ird,DOD80_2C2C_25degC,CYC,S2000FMYNP,13,5208,25,7.915,80.0,2.0,2.0,25.0,88407.0,1077183.100620314,10.000000001047738,12.184502190126395,2.028024673461914,3.800353527069092,2.970919609069824,0.532227098941803,-2.400184154510498,2.4065465927124023,-0.008810427039861679,1.8853312730789185,24.662399291992188,28.634689331054688,26.096508026123047,1.2543193101882935,-0.014110577292740345,1.0573430061340332,1.07145357131958,1208.0,184.99962558913603,185.21579445095557,ok
/media/kabir/Research/Project/sodium battery /Data_Failure_Mode_and_Degradation_Analysis_of_a_Commercial_Sodium-Ion_Battery_With_Severe_Gassing_Issue/Standard cycling/DOD80_2C2C_25degC/Cycling_Periods/S2000FMYNP_CYC_at25degC_V15_5244.ird,DOD80_2C2C_25degC,CYC,S2000FMYNP,15,5244,25,7.914,80.0,2.0,2.0,25.0,88446.0,1076909.890665402,10.000000835978426,12.176040371591409,2.0282154083251953,3.800353527069092,2.971240520477295,0.532072126865387,-2.4001152515411377,2.4060163497924805,-0.00983145646750927,1.8839517831802368,24.638059616088867,28.634689331054688,26.094356536865234,1.2614531517028809,-1.1664768351238308e-07,1.054278016090393,1.0542781352996826,1208.0,184.71491744723818,184.90832230776297,ok
/media/kabir/Research/Project/sodium battery /Data_Failure_Mode_and_Degradation_Analysis_of_a_Commercial_Sodium-Ion_Battery_With_Severe_Gassing_Issue/Standard cycling/DOD80_2C2C_25degC/Cycling_Periods/S2000FMYNP_CYC_at25degC_V17_5286.ird,DOD80_2C2C_25degC,CYC,S2000FMYNP,17,5286,25,7.921,80.0,2.0,2.0,25.0,88529.0,1077477.678987365,10.000000001047738,12.171038304122597,2.028024673461914,3.8001627922058105,2.9714510440826416,0.5321071743965149,-2.4001471996307373,2.4061224460601807,-0.010090944357216358,1.882577896118164,24.650230407714844,28.668289184570312,26.08928680419922,1.2686963081359863,-1.23937738294444e-07,1.0557502508163452,1.0557503700256348,1208.0,184.61318684432618,184.7904005622261,ok
/media/kabir/Research/Project/sodium battery /Data_Failure_Mode_and_Degradation_Analysis_of_a_Commercial_Sodium-Ion_Battery_With_Severe_Gassing_Issue/Standard cycling/DOD80_2C2C_25degC/Cycling_Periods/S2000FMYNP_CYC_at25degC_V19_5322.ird,DOD80_2C2C_25degC,CYC,S2000FMYNP,19,5322,25,7.932,80.0,2.0,2.0,25.0,88672.0,1078210.518010823,10.000000001047738,12.159674730304419,2.0282154083251953,3.800353527069092,2.970766544342041,0.5325692296028137,-2.4001471996307373,2.4060163497924805,-0.009496254846453667,1.8800894021987915,24.641109466552734,28.65302085876465,26.104568481445312,1.272356390953064,-1.0872067690570475e-07,1.0587023496627808,1.0587024688720703,1208.0,184.52664908816044,184.71854344960923,ok
/media/kabir/Research/Project/sodium battery /Data_Failure_Mode_and_Degradation_Analysis_of_a_Commercial_Sodium-Ion_Battery_With_Severe_Gassing_Issue/Standard cycling/DOD80_2C2C_25degC/Cycling_Periods/S2000FMYNP_CYC_at25degC_V21_5365.ird,DOD80_2C2C_25degC,CYC,S2000FMYNP,21,5365,25,7.935,80.0,2.0,2.0,25.0,88693.0,1078727.940174287,10.000000835978426,12.162629551417114,2.028024673461914,3.800353527069092,2.9723358154296875,0.5314576625823975,-2.400184154510498,2.4059102535247803,-0.00848458893597126,1.8787466287612915,24.650230407714844,28.711050033569336,26.126394271850586,1.2796591520309448,-1.0931313454420888e-07,1.0559824705123901,1.0559825897216797,1208.0,184.45251732724745,184.6275013877004,ok
/media/kabir/Research/Project/sodium battery /Data_Failure_Mode_and_Degradation_Analysis_of_a_Commercial_Sodium-Ion_Battery_With_Severe_Gassing_Issue/Standard cycling/DOD80_2C2C_25degC/Cycling_Periods/S2000FMYNP_CYC_at25degC_V23_5391.ird,DOD80_2C2C_25degC,CYC,S2000FMYNP,23,5391,25,7.934,80.0,2.0,2.0,25.0,88674.0,1079036.107678771,10.000000835978426,12.168710968150068,2.028024673461914,3.800353527069092,2.9721944332122803,0.5315950512886047,-2.400184154510498,2.4054861068725586,-0.008065592497587204,1.8784193992614746,24.638059616088867,28.78434944152832,26.207048416137695,1.2955358028411865,-1.0988375009901574e-07,1.0569007396697998,1.0569008588790894,1208.0,184.41654416477877,184.58082121166635,ok
/media/kabir/Research/Project/sodium battery /Data_Failure_Mode_and_Degradation_Analysis_of_a_Commercial_Sodium-Ion_Battery_With_Severe_Gassing_Issue/Standard cycling/DOD80_2C2C_25degC/Cycling_Periods/S2000FMYNP_CYC_at25degC_V25_5408.ird,DOD80_2C2C_25degC,CYC,S2000FMYNP,25,5408,25,7.944,80.0,2.0,2.0,25.0,88783.0,1079794.894994186,10.000000001047738,12.162317755785923,2.0282154083251953,3.8001627922058105,2.9723029136657715,0.5316941738128662,-2.400141716003418,2.406334400177002,-0.007656328845769167,1.8762917518615723,24.65328025817871,28.824060440063477,26.222532272338867,1.2998952865600586,-7.705243376676663e-08,1.0576251745224,1.0576252937316895,1208.0,184.31059876248108,184.48879996837937,ok
/media/kabir/Research/Project/sodium battery /Data_Failure_Mode_and_Degradation_Analysis_of_a_Commercial_Sodium-Ion_Battery_With_Severe_Gassing_Issue/Standard cycling/DOD80_2C2C_25degC/Cycling_Periods/S2000FNNDT_CYC_at25degC_V01_4927.ird,DOD80_2C2C_25degC,CYC,S2000FNNDT,1,4927,25,7.809,80.0,2.0,2.0,25.0,86842.0,1037330.677996481,10.000000001047738,11.94517195790561,2.027819871902466,3.8003270626068115,2.9857966899871826,0.5266799330711365,-2.400144577026367,2.4068078994750977,-0.008309880271553993,1.9130021333694458,24.890499114990234,28.03297996520996,26.08184051513672,0.9716037511825562,-0.0025298360269516706,1.0604689121246338,1.0629987716674805,1208.0,187.03487027507703,187.22203468542307,ok
/media/kabir/Research/Project/sodium battery /Data_Failure_Mode_and_Degradation_Analysis_of_a_Commercial_Sodium-Ion_Battery_With_Severe_Gassing_Issue/Standard cycling/DOD80_2C2C_25degC/Cycling_Periods/S2000FNNDT_CYC_at25degC_V03_4970.ird,DOD80_2C2C_25degC,CYC,S2000FNNDT,3,4970,25,7.892,80.0,2.0,2.0,25.0,88191.0,1079038.376415259,10.000000001047738,12.235382429019833,2.027819871902466,3.8003270626068115,2.972146511077881,0.5310341715812683,-2.400144577026367,2.4069137573242188,-0.00833955779671669,1.8959850072860718,24.89657974243164,28.054359436035156,26.085433959960938,0.9770432710647583,-2.2001124477810663e-07,1.0641409158706665,1.0641411542892456,1208.0,186.56748613415633,186.75770280145326,ok
/media/kabir/Research/Project/sodium battery /Data_Failure_Mode_and_Degradation_Analysis_of_a_Commercial_Sodium-Ion_Battery_With_Severe_Gassing_Issue/Standard cycling/DOD80_2C2C_25degC/Cycling_Periods/S2000FNNDT_CYC_at25degC_V05_5022.ird,DOD80_2C2C_25degC,CYC,S2000FNNDT,5,5022,25,7.889,80.0,2.0,2.0,25.0,88156.0,1077921.328802152,10.000000001047738,12.22756881404517,2.027819871902466,3.8003270626068115,2.97182035446167,0.5312981009483337,-2.400250196456909,2.4062790870666504,-0.009614164009690285,1.8948757648468018,24.893550872802734,28.048250198364258,26.08852767944336,0.9759336709976196,-2.3650929392715625e-07,1.0600377321243286,1.0600379705429077,1208.0,186.1345245461289,186.31633029554257,ok
/media/kabir/Research/Project/sodium battery /Data_Failure_Mode_and_Degradation_Analysis_of_a_Commercial_Sodium-Ion_Battery_With_Severe_Gassing_Issue/Standard cycling/DOD80_2C2C_25degC/Cycling_Periods/S2000FNNDT_CYC_at25degC_V07_5069.ird,DOD80_2C2C_25degC,CYC,S2000FNNDT,7,5069,25,7.897,80.0,2.0,2.0,25.0,88213.0,1077812.619646785,10.000000835978426,12.218435356264282,2.027819871902466,3.8003270626068115,2.9712865352630615,0.5314280390739441,-2.400144577026367,2.4087119102478027,-0.009197956882417202,1.8924713134765625,24.887460708618164,28.066579818725586,26.09303855895996,0.9778717756271362,-0.006380337290465832,1.0600861310958862,1.0664664506912231,1208.0,185.86646598341352,186.0718051982793,ok
/media/kabir/Research/Project/sodium battery /Data_Failure_Mode_and_Degradation_Analysis_of_a_Commercial_Sodium-Ion_Battery_With_Severe_Gassing_Issue/Standard cycling/DOD80_2C2C_25degC/Cycling_Periods/S2000FNNDT_CYC_at25degC_V09_5111.ird,DOD80_2C2C_25degC,CYC,S2000FNNDT,9,5111,25,7.894,80.0,2.0,2.0,25.0,88215.0,1078128.037461366,10.000000001047738,12.221733936352122,2.027819871902466,3.8001363277435303,2.9724204540252686,0.5301283597946167,-2.400160312652588,2.4063849449157715,-0.00867097731679678,1.8918606042861938,24.908750534057617,28.057409286499023,26.09128189086914,0.9789763689041138,-2.4571315293542284e-07,1.0604900121688843,1.0604902505874634,1208.0,185.81694647801214,185.9993659523729,ok
/media/kabir/Research/Project/sodium battery /Data_Failure_Mode_and_Degradation_Analysis_of_a_Commercial_Sodium-Ion_Battery_With_Severe_Gassing_Issue/Standard cycling/DOD80_2C2C_25degC/Cycling_Periods/S2000FNNDT_CYC_at25degC_V11_5155.ird,DOD80_2C2C_25degC,CYC,S2000FNNDT,11,5155,25,7.907,80.0,2.0,2.0,25.0,88347.0,1078706.4580056279,10.000000835978426,12.210020351862312,2.027819871902466,3.8003270626068115,2.9725513458251953,0.5303518176078796,-2.400250196456909,2.407654047012329,-0.008046412840485573,1.889541745185852,24.91482925415039,28.152099609375,26.11990737915039,0.9912917017936707,-2.437345187900064e-07,1.060333490371704,1.0603337287902832,1208.0,185.7453054256549,185.92374736708166,ok
/media/kabir/Research/Project/sodium battery /Data_Failure_Mode_and_Degradation_Analysis_of_a_Commercial_Sodium-Ion_Battery_With_Severe_Gassing_Issue/Standard cycling/DOD80_2C2C_25degC/Cycling_Periods/S2000FNNDT_CYC_at25degC_V13_5207.ird,DOD80_2C2C_25degC,CYC,S2000FNNDT,13,5207,25,7.915,80.0,2.0,2.0,25.0,88444.0,1079230.9695202368,10.000000001047738,12.202559496175354,2.028010606765747,3.8001363277435303,2.9722697734832764,0.5304027199745178,-2.4001762866973877,2.407336950302124,-0.0074645341373980045,1.8872389793395996,24.91482925415039,28.121559143066406,26.123598098754883,0.9885677099227905,-2.420906639599707e-07,1.0590181350708008,1.0590183734893799,1208.0,185.5990207083719,185.78600985081601,ok
/media/kabir/Research/Project/sodium battery /Data_Failure_Mode_and_Degradation_Analysis_of_a_Commercial_Sodium-Ion_Battery_With_Severe_Gassing_Issue/Standard cycling/DOD80_2C2C_25degC/Cycling_Periods/S2000FNNDT_CYC_at25degC_V15_5243.ird,DOD80_2C2C_25degC,CYC,S2000FNNDT,15,5243,25,7.915,80.0,2.0,2.0,25.0,88461.0,1079196.813506895,10.000000835978426,12.199828323614009,2.027819871902466,3.8001363277435303,2.9723868370056152,0.5302839875221252,-2.4001550674438477,2.4064908027648926,-0.007574554532766342,1.8859691619873047,24.917869567871094,28.121559143066406,26.120309829711914,0.9880366921424866,-2.2547835953901085e-07,1.0596104860305786,1.0596107244491577,1208.0,185.3875180421497,185.54675540195979,ok
/media/kabir/Research/Project/sodium battery /Data_Failure_Mode_and_Degradation_Analysis_of_a_Commercial_Sodium-Ion_Battery_With_Severe_Gassing_Issue/Standard cycling/DOD80_2C2C_25degC/Cycling_Periods/S2000FNNDT_CYC_at25degC_V17_5285.ird,DOD80_2C2C_25degC,CYC,S2000FNNDT,17,5285,25,7.92,80.0,2.0,2.0,25.0,88518.0,1079851.897007295,10.000000001047738,12.199372967986884,2.028010606765747,3.8001363277435303,2.9733076095581055,0.5302822589874268,-2.4001498222351074,2.407336950302124,-0.007575655356049538,1.8850417137145996,24.927000045776367,28.121559143066406,26.12162971496582,0.9930055737495422,-2.386177015978319e-07,1.0635199546813965,1.0635201930999756,1208.0,185.34676383783028,185.4714628449712,ok
/media/kabir/Research/Project/sodium battery /Data_Failure_Mode_and_Degradation_Analysis_of_a_Commercial_Sodium-Ion_Battery_With_Severe_Gassing_Issue/Standard cycling/DOD80_2C2C_25degC/Cycling_Periods/S2000FNNDT_CYC_at25degC_V19_5321.ird,DOD80_2C2C_25degC,CYC,S2000FNNDT,19,5321,25,7.929,80.0,2.0,2.0,25.0,88622.0,1080668.15007641,10.000000835978426,12.194267161016123,2.028010606765747,3.8001363277435303,2.9729065895080566,0.5306053161621094,-2.400165557861328,2.407231092453003,-0.007755362428724766,1.8835827112197876,24.909250259399414,28.152099609375,26.131790161132812,0.9943960905075073,-2.2408450206512498e-07,1.0638564825057983,1.0638567209243774,1208.0,185.29098827200073,185.4186086345519,ok
/media/kabir/Research/Project/sodium battery /Data_Failure_Mode_and_Degradation_Analysis_of_a_Commercial_Sodium-Ion_Battery_With_Severe_Gassing_Issue/Standard cycling/DOD80_2C2C_25degC/Cycling_Periods/S2000FNNDT_CYC_at25degC_V21_5364.ird,DOD80_2C2C_25degC,CYC,S2000FNNDT,21,5364,25,7.94,80.0,2.0,2.0,25.0,88755.0,1081239.368118116,10.000000835978426,12.182429728441715,2.028010606765747,3.8001363277435303,2.9727511405944824,0.5303086638450623,-2.400144577026367,2.4067022800445557,-0.007856558077037334,1.8818968534469604,24.917869567871094,28.194860458374023,26.148456573486328,1.0011487007141113,-2.1811793260440027e-07,1.0668472051620483,1.0668474435806274,1208.0,185.24288028947905,185.3647722323892,ok
/media/kabir/Research/Project/sodium battery /Data_Failure_Mode_and_Degradation_Analysis_of_a_Commercial_Sodium-Ion_Battery_With_Severe_Gassing_Issue/Standard cycling/DOD80_2C2C_25degC/Cycling_Periods/S2000FNNDT_CYC_at25degC_V23_5390.ird,DOD80_2C2C_25degC,CYC,S2000FNNDT,23,5390,25,7.94,80.0,2.0,2.0,25.0,88736.0,1081653.5878058448,10.000000835978426,12.189706291833492,2.028010606765747,3.8001363277435303,2.973053455352783,0.5302327275276184,-2.400144577026367,2.40701961517334,-0.007702309638261795,1.8821746110916138,24.9239501953125,28.78434944152832,26.376270294189453,1.1670001745224,-2.1427297269838164e-07,1.0615878105163574,1.0615880489349365,1208.0,185.27867298779168,185.40653440146417,ok
/media/kabir/Research/Project/sodium battery /Data_Failure_Mode_and_Degradation_Analysis_of_a_Commercial_Sodium-Ion_Battery_With_Severe_Gassing_Issue/Standard cycling/DOD80_2C2C_25degC/Cycling_Periods/S2000FNNDT_CYC_at25degC_V25_5407.ird,DOD80_2C2C_25degC,CYC,S2000FNNDT,25,5407,25,7.962,80.0,2.0,2.0,25.0,88997.0,1082322.5404140041,10.000000001047738,12.161474003483349,2.0282013416290283,3.8001363277435303,2.9717957973480225,0.5308506488800049,-2.400250196456909,2.4079713821411133,-0.007978501729667187,1.8788750171661377,24.91179084777832,28.7293701171875,26.39293098449707,1.1761325597763062,-1.44427659165558e-07,1.0603944063186646,1.060394525527954,1208.0,185.1816334429978,185.3166932994803,ok
/media/kabir/Research/Project/sodium battery /Data_Failure_Mode_and_Degradation_Analysis_of_a_Commercial_Sodium-Ion_Battery_With_Severe_Gassing_Issue/Standard cycling/DOD80_2C2C_25degC/Cycling_Periods/S2000FPKDB_CYC_at25degC_V01_4926.ird,DOD80_2C2C_25degC,CYC,S2000FPKDB,1,4926,25,7.777,80.0,2.0,2.0,25.0,86577.0,1035039.3272631329,10.000000001047738,11.955268518563262,2.0278096199035645,3.8004746437072754,2.9839465618133545,0.527580738067627,-2.4001266956329346,2.405884265899658,-0.009026561863720417,1.9133249521255493,24.90266990661621,29.037860870361328,26.449663162231445,1.2852891683578491,-0.005308596882969141,1.0536751747131348,1.0589838027954102,1208.0,186.45929093540354,186.63640189010798,ok
/media/kabir/Research/Project/sodium battery /Data_Failure_Mode_and_Degradation_Analysis_of_a_Commercial_Sodium-Ion_Battery_With_Severe_Gassing_Issue/Standard cycling/DOD80_2C2C_25degC/Cycling_Periods/S2000FPKDB_CYC_at25degC_V03_4969.ird,DOD80_2C2C_25degC,CYC,S2000FPKDB,3,4969,25,7.859,80.0,2.0,2.0,25.0,87913.0,1076805.988612063,10.000000001047738,12.248680369142589,2.0278096199035645,3.8004746437072754,2.97104549407959,0.5317482352256775,-2.4001107215881348,2.4063069820404053,-0.00881768949329853,1.896113634109497,24.91584014892578,29.062299728393555,26.4504337310791,1.2907072305679321,-1.8191762762853614e-07,1.0585891008377075,1.0585893392562866,1208.0,185.9707418332234,186.1500013506624,ok
/media/kabir/Research/Project/sodium battery /Data_Failure_Mode_and_Degradation_Analysis_of_a_Commercial_Sodium-Ion_Battery_With_Severe_Gassing_Issue/Standard cycling/DOD80_2C2C_25degC/Cycling_Periods/S2000FPKDB_CYC_at25degC_V05_5021.ird,DOD80_2C2C_25degC,CYC,S2000FPKDB,5,5021,25,7.844,80.0,2.0,2.0,25.0,87763.0,1075801.640556442,10.000000001047738,12.258171424493996,2.0278096199035645,3.8004746437072754,2.9713191986083984,0.5313637852668762,-2.400179386138916,2.405884265899658,-0.007661624811589718,1.8945587873458862,24.91179084777832,29.111169815063477,26.457792282104492,1.2911275625228882,-2.0761815733294497e-07,1.054229497909546,1.054229736328125,1208.0,185.50570994640313,185.6868060607098,ok
/media/kabir/Research/Project/sodium battery /Data_Failure_Mode_and_Degradation_Analysis_of_a_Commercial_Sodium-Ion_Battery_With_Severe_Gassing_Issue/Standard cycling/DOD80_2C2C_25degC/Cycling_Periods/S2000FPKDB_CYC_at25degC_V07_5068.ird,DOD80_2C2C_25degC,CYC,S2000FPKDB,7,5068,25,7.85,80.0,2.0,2.0,25.0,87809.0,1075624.6397795242,10.000000835978426,12.24973396250369,2.0278096199035645,3.8004746437072754,2.971082925796509,0.5314841270446777,-2.401024580001831,2.4088425636291504,-0.008026679046452045,1.8929232358932495,24.916349411010742,29.098949432373047,26.471805572509766,1.2974698543548584,-2.06758713261479e-07,1.055220127105713,1.055220365524292,1208.0,185.26829211761304,185.45700659513216,ok
/media/kabir/Research/Project/sodium battery /Data_Failure_Mode_and_Degradation_Analysis_of_a_Commercial_Sodium-Ion_Battery_With_Severe_Gassing_Issue/Standard cycling/DOD80_2C2C_25degC/Cycling_Periods/S2000FPKDB_CYC_at25degC_V09_5110.ird,DOD80_2C2C_25degC,CYC,S2000FPKDB,9,5110,25,7.858,80.0,2.0,2.0,25.0,87909.0,1075890.8935702369,10.000000001047738,12.238828019864368,2.0278096199035645,3.8004746437072754,2.97133469581604,0.5305978655815125,-2.4001107215881348,2.4052505493164062,-0.00796321127563715,1.8918375968933105,24.93004035949707,29.108110427856445,26.473234176635742,1.3022706508636475,-2.0554944057948887e-07,1.056210994720459,1.056211233139038,1208.0,185.27140614017202,185.4382986150129,ok
/media/kabir/Research/Project/sodium battery /Data_Failure_Mode_and_Degradation_Analysis_of_a_Commercial_Sodium-Ion_Battery_With_Severe_Gassing_Issue/Standard cycling/DOD80_2C2C_25degC/Cycling_Periods/S2000FPKDB_CYC_at25degC_V11_5154.ird,DOD80_2C2C_25degC,CYC,S2000FPKDB,11,5154,25,7.869,80.0,2.0,2.0,25.0,88043.0,1076325.174327542,10.000000001047738,12.22513316743761,2.0278096199035645,3.8004746437072754,2.970339298248291,0.5309266448020935,-2.4001266956329346,2.4054617881774902,-0.008174372836947441,1.8900648355484009,24.939159393310547,29.1539306640625,26.495990753173828,1.3151735067367554,-2.1355570822834125e-07,1.0561190843582153,1.0561193227767944,1208.0,185.1994505927515,185.36608077615793,ok
/media/kabir/Research/Project/sodium battery /Data_Failure_Mode_and_Degradation_Analysis_of_a_Commercial_Sodium-Ion_Battery_With_Severe_Gassing_Issue/Standard cycling/DOD80_2C2C_25degC/Cycling_Periods/S2000FPKDB_CYC_at25degC_V13_5206.ird,DOD80_2C2C_25degC,CYC,S2000FPKDB,13,5206,25,7.88,80.0,2.0,2.0,25.0,88160.0,1076627.618130661,10.000000001047738,12.21233927484047,2.0280003547668457,3.8004746437072754,2.969597816467285,0.5310664772987366,-2.4001266956329346,2.405673027038574,-0.008594791404902935,1.8882629871368408,24.93004035949707,29.1600399017334,26.495880126953125,1.3176898956298828,-0.0005776534671895206,1.0547080039978027,1.0552856922149658,1208.0,185.06197043365427,185.25148255349143,ok
/media/kabir/Research/Project/sodium battery /Data_Failure_Mode_and_Degradation_Analysis_of_a_Commercial_Sodium-Ion_Battery_With_Severe_Gassing_Issue/Standard cycling/DOD80_2C2C_25degC/Cycling_Periods/S2000FPKDB_CYC_at25degC_V15_5242.ird,DOD80_2C2C_25degC,CYC,S2000FPKDB,15,5242,25,7.879,80.0,2.0,2.0,25.0,88146.0,1076464.8883380028,10.000000835978426,12.21243279071987,2.0278096199035645,3.8004746437072754,2.97011137008667,0.530661404132843,-2.400179386138916,2.4067294597625732,-0.009308588691055775,1.8877454996109009,24.94828987121582,29.14171028137207,26.497304916381836,1.3211668729782104,-1.957722020051733e-07,1.0513838529586792,1.0513840913772583,1208.0,184.85852024247927,185.0426544368906,ok
/media/kabir/Research/Project/sodium battery /Data_Failure_Mode_and_Degradation_Analysis_of_a_Commercial_Sodium-Ion_Battery_With_Severe_Gassing_Issue/Standard cycling/DOD80_2C2C_25degC/Cycling_Periods/S2000FPKDB_CYC_at25degC_V17_5284.ird,DOD80_2C2C_25degC,CYC,S2000FPKDB,17,5284,25,7.88,80.0,2.0,2.0,25.0,88156.0,1076903.276520845,10.000000001047738,12.216020379114571,2.0280003547668457,3.800283908843994,2.970546245574951,0.5304723978042603,-2.400179386138916,2.405673027038574,-0.009395278990268707,1.8874731063842773,24.942209243774414,29.187519073486328,26.50810432434082,1.3283590078353882,-1.948896510839404e-07,1.0534366369247437,1.0534368753433228,1208.0,184.82495810748551,184.9989348392795,ok
/media/kabir/Research/Project/sodium battery /Data_Failure_Mode_and_Degradation_Analysis_of_a_Commercial_Sodium-Ion_Battery_With_Severe_Gassing_Issue/Standard cycling/DOD80_2C2C_25degC/Cycling_Periods/S2000FPKDB_CYC_at25degC_V19_5320.ird,DOD80_2C2C_25degC,CYC,S2000FPKDB,19,5320,25,7.894,80.0,2.0,2.0,25.0,88316.0,1077594.2243795132,10.000000001164153,12.201712329496834,2.0280003547668457,3.800283908843994,2.969909429550171,0.5309675335884094,-2.400153160095215,2.4060957431793213,-0.009519941173493862,1.885481834411621,24.917869567871094,29.178369522094727,26.517284393310547,1.3322303295135498,-1.9478738977340981e-07,1.0561691522598267,1.0561693906784058,1208.0,184.78382297575533,184.9582964911786,ok
/media/kabir/Research/Project/sodium battery /Data_Failure_Mode_and_Degradation_Analysis_of_a_Commercial_Sodium-Ion_Battery_With_Severe_Gassing_Issue/Standard cycling/DOD80_2C2C_25degC/Cycling_Periods/S2000FPKDB_CYC_at25degC_V21_5363.ird,DOD80_2C2C_25degC,CYC,S2000FPKDB,21,5363,25,7.903,80.0,2.0,2.0,25.0,88422.0,1078117.26992168,10.000000835978426,12.193000191376257,2.0280003547668457,3.800283908843994,2.9697163105010986,0.5302772521972656,-2.400179386138916,2.4062013626098633,-0.009633585810661316,1.8842018842697144,24.939159393310547,29.230289459228516,26.540922164916992,1.3409878015518188,-1.9384708593861433e-07,1.053107500076294,1.053107738494873,1208.0,184.75319700756194,184.9261638222513,ok
/media/kabir/Research/Project/sodium battery /Data_Failure_Mode_and_Degradation_Analysis_of_a_Commercial_Sodium-Ion_Battery_With_Severe_Gassing_Issue/Standard cycling/DOD80_2C2C_25degC/Cycling_Periods/S2000FPKDB_CYC_at25degC_V23_5389.ird,DOD80_2C2C_25degC,CYC,S2000FPKDB,23,5389,25,7.905,80.0,2.0,2.0,25.0,88434.0,1078519.16840054,10.000000835978426,12.195890316969232,2.0278096199035645,3.8004746437072754,2.9701013565063477,0.530373752117157,-2.400179386138916,2.4063069820404053,-0.009867764078080654,1.8837648630142212,24.91482925415039,29.257780075073242,26.57037925720215,1.3346394300460815,-1.6465325813896925e-07,1.0542023181915283,1.0542024374008179,1208.0,184.68107029434458,184.8420058942061,ok
/media/kabir/Research/Project/sodium battery /Data_Failure_Mode_and_Degradation_Analysis_of_a_Commercial_Sodium-Ion_Battery_With_Severe_Gassing_Issue/Standard cycling/DOD80_2C2C_25degC/Cycling_Periods/S2000FPKDB_CYC_at25degC_V25_5406.ird,DOD80_2C2C_25degC,CYC,S2000FPKDB,25,5406,25,7.933,80.0,2.0,2.0,25.0,88752.0,1079195.021058985,10.000000001047738,12.15980688734758,2.0280003547668457,3.800283908843994,2.9685792922973633,0.5311051607131958,-2.400179386138916,2.4084198474884033,-0.010156389325857162,1.8799680471420288,24.899620056152344,29.211959838867188,26.575204849243164,1.3314120769500732,-1.305371739590555e-07,1.0542047023773193,1.0542048215866089,1208.0,184.59468713650216,184.7538639691557,ok
/media/kabir/Research/Project/sodium battery /Data_Failure_Mode_and_Degradation_Analysis_of_a_Commercial_Sodium-Ion_Battery_With_Severe_Gassing_Issue/Standard cycling/DOD80_2C2C_40degC/CU_at_25degC/S2000FLPGG_CU_at25degC_V00_4916.ird,DOD80_2C2C_40degC,CU,S2000FLPGG,0,4916,25,15.441,80.0,2.0,2.0,40.0,179932.0,299776.022814045,1.000001674023224,1.666061005685763,1.4998934268951416,3.800175189971924,2.9117214679718018,0.579883337020874,-2.400222063064575,2.4057819843292236,-0.030695751309394836,0.4486738443374634,22.767629623413086,26.94866943359375,25.561723709106445,0.19203916192054749,-0.6551058888435364,0.5934168100357056,1.2485227584838867,126.0,3.691865215925368,4.165798340373567,ok
/media/kabir/Research/Project/sodium battery /Data_Failure_Mode_and_Degradation_Analysis_of_a_Commercial_Sodium-Ion_Battery_With_Severe_Gassing_Issue/Standard cycling/DOD80_2C2C_40degC/CU_at_25degC/S2000FLPGG_CU_at25degC_V02_4995.ird,DOD80_2C2C_40degC,CU,S2000FLPGG,2,4995,25,15.404,80.0,2.0,2.0,40.0,179304.0,298222.581732225,1.0000025129993446,1.6632325266851364,1.4990297555923462,3.8003008365631104,2.90881609916687,0.5799962878227234,-2.400135040283203,2.405451774597168,-0.030927950516343117,0.44905123114585876,25.171030044555664,31.908029556274414,25.544044494628906,0.25974300503730774,-0.6751362681388855,0.5631453394889832,1.2382816076278687,126.0,3.6517843877853755,4.143826435964991,ok
/media/kabir/Research/Project/sodium battery /Data_Failure_Mode_and_Degradation_Analysis_of_a_Commercial_Sodium-Ion_Battery_With_Severe_Gassing_Issue/Standard cycling/DOD80_2C2C_40degC/CU_at_25degC/S2000FLPGG_CU_at25degC_V04_5054.ird,DOD80_2C2C_40degC,CU,S2000FLPGG,4,5054,25,15.399,80.0,2.0,2.0,40.0,179299.0,298223.36243170203,1.000001678999979,1.6632832626783458,1.4998934268951416,3.800365924835205,2.9064443111419678,0.5791666507720947,-2.4001662731170654,2.4059932231903076,-0.030962541699409485,0.44902732968330383,25.26572036743164,31.056419372558594,25.561607360839844,0.19578182697296143,-0.6822730302810669,0.5564967393875122,1.238769769668579,126.0,3.6478136635996816,4.143982846191823,ok
/media/kabir/Research/Project/sodium battery /Data_Failure_Mode_and_Degradation_Analysis_of_a_Commercial_Sodium-Ion_Battery_With_Severe_Gassing_Issue/Standard cycling/DOD80_2C2C_40degC/CU_at_25degC/S2000FLPGG_CU_at25degC_V06_5097.ird,DOD80_2C2C_40degC,CU,S2000FLPGG,6,5097,25,15.383,80.0,2.0,2.0,40.0,179182.0,297944.09202321,1.000001674023224,1.6628107445723042,1.4998934268951416,3.800365924835205,2.9045357704162598,0.5787585973739624,-2.4001598358154297,2.4060988426208496,-0.03092825785279274,0.44903871417045593,25.287099838256836,31.228830337524414,25.58393096923828,0.1996089071035385,-0.6850660443305969,0.5519269108772278,1.2369929552078247,126.0,3.6384133354759998,4.13581855210779,ok
/media/kabir/Research/Project/sodium battery /Data_Failure_Mode_and_Degradation_Analysis_of_a_Commercial_Sodium-Ion_Battery_With_Severe_Gassing_Issue/Standard cycling/DOD80_2C2C_40degC/CU_at_25degC/S2000FLPGG_CU_at25degC_V08_5140.ird,DOD80_2C2C_40degC,CU,S2000FLPGG,8,5140,25,15.412,80.0,2.0,2.0,40.0,179459.0,298547.413790256,1.0000016750127543,1.6636060459286073,1.4998934268951416,3.800365924835205,2.8996665477752686,0.5793805122375488,-2.40022873878479,2.4059932231903076,-0.03115115687251091,0.4489498436450958,25.262670516967773,29.518409729003906,25.560815811157227,0.20483224093914032,-0.694985568523407,0.5459021925926208,1.2408877611160278,126.0,3.649395639652892,4.156577954971044,ok
/media/kabir/Research/Project/sodium battery /Data_Failure_Mode_and_Degradation_Analysis_of_a_Commercial_Sodium-Ion_Battery_With_Severe_Gassing_Issue/Standard cycling/DOD80_2C2C_40degC/CU_at_25degC/S2000FLPGG_CU_at25degC_V10_5199.ird,DOD80_2C2C_40degC,CU,S2000FLPGG,10,5199,25,15.413,80.0,2.0,2.0,40.0,179479.0,298546.615264468,1.0000025130066206,1.6634162140455542,1.4992204904556274,3.8003008365631104,2.89638352394104,0.5795856714248657,-2.4001269340515137,2.4061973094940186,-0.03126838430762291,0.44898727536201477,25.189359664916992,27.446529388427734,25.5396785736084,0.26305627822875977,-0.7008934020996094,0.5399301648139954,1.24082350730896,126.0,3.6478654701518423,4.162157225404031,ok
/media/kabir/Research/Project/sodium battery /Data_Failure_Mode_and_Degradation_Analysis_of_a_Commercial_Sodium-Ion_Battery_With_Severe_Gassing_Issue/Standard cycling/DOD80_2C2C_40degC/CU_at_25degC/S2000FLPGG_CU_at25degC_V12_5241.ird,DOD80_2C2C_40degC,CU,S2000FLPGG,12,5241,25,15.414,80.0,2.0,2.0,40.0,179343.0,298172.197873124,1.0000016750127543,1.6625899001523567,1.4992204904556274,3.8003008365631104,2.894932985305786,0.5788998603820801,-2.400134563446045,2.406303644180298,-0.031260181218385696,0.44904056191444397,25.201570510864258,32.54335021972656,25.542818069458008,0.2809164226055145,-0.7023911476135254,0.5357130765914917,1.238104224205017,126.0,3.638391568193247,4.154240965157121,ok
/media/kabir/Research/Project/sodium battery /Data_Failure_Mode_and_Degradation_Analysis_of_a_Commercial_Sodium-Ion_Battery_With_Severe_Gassing_Issue/Standard cycling/DOD80_2C2C_40degC/CU_at_25degC/S2000FLPGG_CU_at25degC_V14_5277.ird,DOD80_2C2C_40degC,CU,S2000FLPGG,14,5277,25,15.426,80.0,2.0,2.0,40.0,179461.0,298387.473460211,1.0000016749982024,1.6626962747142036,1.4992204904556274,3.8003008365631104,2.892108201980591,0.5781300663948059,-2.400164842605591,2.4065167903900146,-0.03143223002552986,0.4490635395050049,22.80006980895996,27.44654083251953,25.540430068969727,0.27136343717575073,-0.7083039879798889,0.5307694673538208,1.2390735149383545,126.0,3.644363470831352,4.166959842623006,ok
/media/kabir/Research/Project/sodium battery /Data_Failure_Mode_and_Degradation_Analysis_of_a_Commercial_Sodium-Ion_Battery_With_Severe_Gassing_Issue/Standard cycling/DOD80_2C2C_40degC/CU_at_25degC/S2000FLPGG_CU_at25degC_V16_5313.ird,DOD80_2C2C_40degC,CU,S2000FLPGG,16,5313,25,15.416,80.0,2.0,2.0,40.0,179468.0,298305.044381614,1.0000016750127543,1.6621721229062392,1.4998934268951416,3.800365924835205,2.8912923336029053,0.5757311582565308,-2.4002158641815186,2.4060988426208496,-0.031525541096925735,0.44912633299827576,25.262670516967773,28.938079833984375,25.56117057800293,0.21299025416374207,-0.7106383442878723,0.5269948244094849,1.237633228302002,126.0,3.645251524856804,4.170981278631369,ok
/media/kabir/Research/Project/sodium battery /Data_Failure_Mode_and_Degradation_Analysis_of_a_Commercial_Sodium-Ion_Battery_With_Severe_Gassing_Issue/Standard cycling/DOD80_2C2C_40degC/CU_at_25degC/S2000FLPGG_CU_at25degC_V16_5355.ird,DOD80_2C2C_40degC,CU,S2000FLPGG,16,5355,25,15.41,80.0,2.0,2.0,40.0,179238.0,297635.780212751,1.0000016749836504,1.6605710886298644,1.4994111061096191,3.8003008365631104,2.890829563140869,0.5736724138259888,-2.4001412391662598,2.4064102172851562,-0.0315680056810379,0.44931694865226746,25.20462989807129,30.791519165039062,25.53137969970703,0.2690035104751587,-0.7107612490653992,0.5215492844581604,1.2323105335235596,126.0,3.6330885987654993,4.162574939215404,ok
/media/kabir/Research/Project/sodium battery /Data_Failure_Mode_and_Degradation_Analysis_of_a_Commercial_Sodium-Ion_Battery_With_Severe_Gassing_Issue/Standard cycling/DOD80_2C2C_40degC/CU_at_25degC/S2000FLPGG_CU_at25degC_V20_5383.ird,DOD80_2C2C_40degC,CU,S2000FLPGG,20,5383,25,15.368,80.0,2.0,2.0,40.0,179009.0,296993.17573731,1.0000025140470825,1.6591056027513298,1.4998934268951416,3.800175189971924,2.8926656246185303,0.5691081881523132,-2.400135040283203,2.4058876037597656,-0.03158808872103691,0.44949373602867126,25.274879455566406,32.26958084106445,25.573156356811523,0.21836332976818085,-0.7102424502372742,0.5170318484306335,1.2272742986679077,126.0,3.622818016782593,4.153376001941732,ok
/media/kabir/Research/Project/sodium battery /Data_Failure_Mode_and_Degradation_Analysis_of_a_Commercial_Sodium-Ion_Battery_With_Severe_Gassing_Issue/Standard cycling/DOD80_2C2C_40degC/CU_at_25degC/S2000FLPGG_CU_at25degC_V22_5411.ird,DOD80_2C2C_40degC,CU,S2000FLPGG,22,5411,25,15.326,80.0,2.0,2.0,40.0,178518.0,295730.965215003,1.0000016739941202,1.6565983363769445,1.4995120763778687,3.800175189971924,2.895758628845215,0.564307689666748,-2.4000768661499023,2.4058876037597656,-0.03148474544286728,0.4497719407081604,25.1588191986084,31.724119186401367,25.59027862548828,0.21064393222332,-0.7046996355056763,0.5132045745849609,1.2179042100906372,126.0,3.5994191082325004,4.126457253775228,ok
/media/kabir/Research/Project/sodium battery /Data_Failure_Mode_and_Degradation_Analysis_of_a_Commercial_Sodium-Ion_Battery_With_Severe_Gassing_Issue/Standard cycling/DOD80_2C2C_40degC/CU_at_25degC/S2000FMEL8_CU_at25degC_V00_4914.ird,DOD80_2C2C_40degC,CU,S2000FMEL8,0,4914,25,15.401,80.0,2.0,2.0,40.0,179298.0,298149.952520369,1.0000016749836504,1.6628831074717871,1.4995239973068237,3.8001034259796143,2.9099700450897217,0.5805467963218689,-2.4001574516296387,2.4045968055725098,-0.03064836375415325,0.4491423964500427,22.141109466552734,26.90896987915039,25.30199432373047,0.23499716818332672,-0.6477783918380737,0.5887824892997742,1.2365608215332031,126.0,3.665571081461383,4.137782220161026,ok
/media/kabir/Research/Project/sodium battery /Data_Failure_Mode_and_Degradation_Analysis_of_a_Commercial_Sodium-Ion_Battery_With_Severe_Gassing_Issue/Standard cycling/DOD80_2C2C_40degC/CU_at_25degC/S2000FMEL8_CU_at25degC_V02_4994.ird,DOD80_2C2C_40degC,CU,S2000FMEL8,2,4994,25,15.399,80.0,2.0,2.0,40.0,179166.0,297665.964556272,1.000001678999979,1.6614068850292856,1.4993559122085571,3.800466537475586,2.902576446533203,0.5831966400146484,-2.4001564979553223,2.407041311264038,-0.031125647947192192,0.4493771195411682,25.14048957824707,33.245548248291016,25.553335189819336,0.2779219448566437,-0.6759926080703735,0.5557190775871277,1.2317116260528564,126.0,3.6487292846399417,4.149198728118936,ok
/media/kabir/Research/Project/sodium battery /Data_Failure_Mode_and_Degradation_Analysis_of_a_Commercial_Sodium-Ion_Battery_With_Severe_Gassing_Issue/Standard cycling/DOD80_2C2C_40degC/CU_at_25degC/S2000FMEL8_CU_at25degC_V04_5052.ird,DOD80_2C2C_40degC,CU,S2000FMEL8,4,5052,25,15.391,80.0,2.0,2.0,40.0,179209.0,297810.718579973,1.0000016780104488,1.6618159824336691,1.4997146129608154,3.8002941608428955,2.89941143989563,0.5826703906059265,-2.4001574516296387,2.405653715133667,-0.031192556023597717,0.4493454396724701,24.963489532470703,33.51723098754883,25.312854766845703,0.2300848811864853,-0.6820134520530701,0.5522413849830627,1.2342548370361328,126.0,3.6506622026694995,4.1530419762721085,ok
/media/kabir/Research/Project/sodium battery /Data_Failure_Mode_and_Degradation_Analysis_of_a_Commercial_Sodium-Ion_Battery_With_Severe_Gassing_Issue/Standard cycling/DOD80_2C2C_40degC/CU_at_25degC/S2000FMEL8_CU_at25degC_V06_5095.ird,DOD80_2C2C_40degC,CU,S2000FMEL8,6,5095,25,15.358,80.0,2.0,2.0,40.0,179032.0,297520.734668908,1.0000016749836504,1.6618392047684927,1.4997146129608154,3.8002941608428955,2.8948709964752197,0.5837669372558594,-2.4001574516296387,2.405759572982788,-0.03079640492796898,0.4492601454257965,25.012210845947266,32.526641845703125,25.332021713256836,0.23865662515163422,-0.6653976440429688,0.5681532025337219,1.233550786972046,126.0,3.646914485865808,4.126353177068648,ok
/media/kabir/Research/Project/sodium battery /Data_Failure_Mode_and_Degradation_Analysis_of_a_Commercial_Sodium-Ion_Battery_With_Severe_Gassing_Issue/Standard cycling/DOD80_2C2C_40degC/CU_at_25degC/S2000FMEL8_CU_at25degC_V08_5138.ird,DOD80_2C2C_40degC,CU,S2000FMEL8,8,5138,25,15.392,80.0,2.0,2.0,40.0,179280.0,297995.223161009,1.0000016750127543,1.6621869999331156,1.4993332624435425,3.8002941608428955,2.8901777267456055,0.5841308236122131,-2.4001574516296387,2.405759572982788,-0.0310551505535841,0.44921812415122986,25.006099700927734,30.044919967651367,25.318334579467773,0.23080089688301086,-0.67928546667099,0.558683454990387,1.237968921661377,126.0,3.6556383982568774,4.145953151522805,ok
/media/kabir/Research/Project/sodium battery /Data_Failure_Mode_and_Degradation_Analysis_of_a_Commercial_Sodium-Ion_Battery_With_Severe_Gassing_Issue/Standard cycling/DOD80_2C2C_40degC/CU_at_25degC/S2000FMEL8_CU_at25degC_V10_5197.ird,DOD80_2C2C_40degC,CU,S2000FMEL8,10,5197,25,15.413,80.0,2.0,2.0,40.0,179250.0,297984.16805280896,1.0000033519754652,1.6624035171901042,1.4993559122085571,3.800466537475586,2.8883097171783447,0.583416759967804,-2.4001564979553223,2.4073591232299805,-0.030988145619630814,0.44916877150535583,25.198530197143555,28.619409561157227,25.551307678222656,0.2684956192970276,-0.6778059005737305,0.5595386028289795,1.23734450340271,126.0,3.652350915904805,4.141734637691358,ok
/media/kabir/Research/Project/sodium battery /Data_Failure_Mode_and_Degradation_Analysis_of_a_Commercial_Sodium-Ion_Battery_With_Severe_Gassing_Issue/Standard cycling/DOD80_2C2C_40degC/CU_at_25degC/S2000FMEL8_CU_at25degC_V12_5239.ird,DOD80_2C2C_40degC,CU,S2000FMEL8,12,5239,25,15.336,80.0,2.0,2.0,40.0,178812.0,297291.489085678,1.000001675041858,1.6626017923152268,1.4993559122085571,3.800466537475586,2.8881072998046875,0.5820807814598083,-2.400212287902832,2.407782793045044,-0.030113719403743744,0.44900399446487427,25.210739135742188,33.4911003112793,25.551944732666016,0.2778695523738861,-0.6350990533828735,0.5988339781761169,1.2339329719543457,126.0,3.6405425836933256,4.086578984619184,ok
/media/kabir/Research/Project/sodium battery /Data_Failure_Mode_and_Degradation_Analysis_of_a_Commercial_Sodium-Ion_Battery_With_Severe_Gassing_Issue/Standard cycling/DOD80_2C2C_40degC/CU_at_25degC/S2000FMEL8_CU_at25degC_V14_5275.ird,DOD80_2C2C_40degC,CU,S2000FMEL8,14,5275,25,15.396,80.0,2.0,2.0,40.0,179127.0,297640.487653372,1.000001675041858,1.6616263839608543,1.4993559122085571,3.800466537475586,2.8863303661346436,0.5803103446960449,-2.4001708030700684,2.407676935195923,-0.03106437437236309,0.4492248296737671,22.924259185791016,27.419050216674805,25.549400329589844,0.2727619707584381,-0.6837488412857056,0.5498743057250977,1.2336231470108032,126.0,3.641956234096108,4.1374200024495025,ok
/media/kabir/Research/Project/sodium battery /Data_Failure_Mode_and_Degradation_Analysis_of_a_Commercial_Sodium-Ion_Battery_With_Severe_Gassing_Issue/Standard cycling/DOD80_2C2C_40degC/CU_at_25degC/S2000FMEL8_CU_at25degC_V16_5311.ird,DOD80_2C2C_40degC,CU,S2000FMEL8,16,5311,25,15.386,80.0,2.0,2.0,40.0,179080.0,297297.153731412,1.0000016750127543,1.6601452639975207,1.4997146129608154,3.8002941608428955,2.886497735977173,0.5771521925926208,-2.4001574516296387,2.405970811843872,-0.0313689261674881,0.4494045674800873,25.015270233154297,29.62735939025879,25.333826065063477,0.23792356252670288,-0.6981756091117859,0.531926155090332,1.2301018238067627,126.0,3.6354962697014117,4.146906278704719,ok
/media/kabir/Research/Project/sodium battery /Data_Failure_Mode_and_Degradation_Analysis_of_a_Commercial_Sodium-Ion_Battery_With_Severe_Gassing_Issue/Standard cycling/DOD80_2C2C_40degC/CU_at_25degC/S2000FMEL8_CU_at25degC_V16_5353.ird,DOD80_2C2C_40degC,CU,S2000FMEL8,16,5353,25,15.35,80.0,2.0,2.0,40.0,178643.0,296236.49214975105,1.0000016749836504,1.6582690081265943,1.4995466470718384,3.8002758026123047,2.8883769512176514,0.5735012888908386,-2.4002068042755127,2.4075710773468018,-0.03119777888059616,0.4496484398841858,25.20462989807129,31.222030639648438,25.55351448059082,0.2862492799758911,-0.6843165159225464,0.5370416045188904,1.221358060836792,126.0,3.619004371532248,4.1218987183907645,ok
/media/kabir/Research/Project/sodium battery /Data_Failure_Mode_and_Degradation_Analysis_of_a_Commercial_Sodium-Ion_Battery_With_Severe_Gassing_Issue/Standard cycling/DOD80_2C2C_40degC/CU_at_25degC/S2000FMEL8_CU_at25degC_V20_5381.ird,DOD80_2C2C_40degC,CU,S2000FMEL8,20,5381,25,15.292,80.0,2.0,2.0,40.0,178314.0,295260.920646703,1.0000016749836504,1.6558575126137913,1.4993332624435425,3.8001034259796143,2.8917737007141113,0.5678700804710388,-2.4001574516296387,2.405759572982788,-0.031270723789930344,0.44991645216941833,25.018310546875,33.9592399597168,25.34491729736328,0.24657048285007477,-0.687489926815033,0.5261319875717163,1.2136218547821045,126.0,3.6013330185260797,4.109794184792376,ok
/media/kabir/Research/Project/sodium battery /Data_Failure_Mode_and_Degradation_Analysis_of_a_Commercial_Sodium-Ion_Battery_With_Severe_Gassing_Issue/Standard cycling/DOD80_2C2C_40degC/CU_at_25degC/S2000FMEL8_CU_at25degC_V22_5409.ird,DOD80_2C2C_40degC,CU,S2000FMEL8,22,5409,25,15.249,80.0,2.0,2.0,40.0,177671.0,293774.18675742304,1.0000016749836504,1.6534822241088707,1.4993332624435425,3.8001034259796143,2.8964836597442627,0.5621073842048645,-2.4001574516296387,2.406076431274414,-0.030709661543369293,0.450089693069458,25.012210845947266,32.9498291015625,25.347681045532227,0.255845308303833,-0.659770667552948,0.54353266954422,1.203303337097168,126.0,3.5755913733748352,4.058479105674653,ok
/media/kabir/Research/Project/sodium battery /Data_Failure_Mode_and_Degradation_Analysis_of_a_Commercial_Sodium-Ion_Battery_With_Severe_Gassing_Issue/Standard cycling/DOD80_2C2C_40degC/CU_at_25degC/S2000FMOQ0_CU_at25degC_V00_4950.ird,DOD80_2C2C_40degC,CU,S2000FMOQ0,0,4950,25,15.405,80.0,2.0,2.0,40.0,179309.0,298239.513960388,1.0000016749982024,1.6632805784481899,1.4992539882659912,3.8003103733062744,2.908721923828125,0.5831297039985657,-2.4001564979553223,2.406327486038208,-0.03061584383249283,0.44907087087631226,25.201570510864258,27.10750961303711,25.530221939086914,0.2115568220615387,-0.6496404409408569,0.5881308913230896,1.2377712726593018,126.0,3.66396185296437,4.135837332117875,ok
/media/kabir/Research/Project/sodium battery /Data_Failure_Mode_and_Degradation_Analysis_of_a_Commercial_Sodium-Ion_Battery_With_Severe_Gassing_Issue/Standard cycling/DOD80_2C2C_40degC/CU_at_25degC/S2000FMOQ0_CU_at25degC_V02_4997.ird,DOD80_2C2C_40degC,CU,S2000FMOQ0,2,4997,25,15.104,80.0,2.0,2.0,40.0,176652.0,295039.078074753,1.000001678999979,1.6701806277618185,1.4998263120651245,3.8003103733062744,2.9062917232513428,0.5869566202163696,-2.400193691253662,2.4067506790161133,-0.023349011316895485,0.4474508464336395,25.25349998474121,27.000600814819336,25.54764747619629,0.19295577704906464,-0.27546313405036926,0.9564780592918396,1.2319412231445312,126.0,3.6446485455691042,3.74012344421175,ok
/media/kabir/Research/Project/sodium battery /Data_Failure_Mode_and_Degradation_Analysis_of_a_Commercial_Sodium-Ion_Battery_With_Severe_Gassing_Issue/Standard cycling/DOD80_2C2C_40degC/CU_at_25degC/S2000FMOQ0_CU_at25degC_V04_5053.ird,DOD80_2C2C_40degC,CU,S2000FMOQ0,4,5053,25,15.356,80.0,2.0,2.0,40.0,178701.0,296735.198026489,1.0000016780104488,1.6605215334442582,1.4993317127227783,3.8004674911499023,2.9056670665740967,0.5817081928253174,-2.400081157684326,2.4056503772735596,-0.030606333166360855,0.4493073523044586,25.079410552978516,32.02976989746094,25.424062728881836,0.2504291236400604,-0.6629981398582458,0.5643309950828552,1.227329134941101,126.0,3.6251132139582998,4.10349232990288,ok
/media/kabir/Research/Project/sodium battery /Data_Failure_Mode_and_Degradation_Analysis_of_a_Commercial_Sodium-Ion_Battery_With_Severe_Gassing_Issue/Standard cycling/DOD80_2C2C_40degC/CU_at_25degC/S2000FMOQ0_CU_at25degC_V06_5096.ird,DOD80_2C2C_40degC,CU,S2000FMOQ0,6,5096,25,15.338,80.0,2.0,2.0,40.0,178540.0,296350.669169147,1.000001677981345,1.659865178863705,1.4993317127227783,3.8004674911499023,2.904261827468872,0.5815473794937134,-2.400174379348755,2.4057562351226807,-0.030561013147234917,0.44927117228507996,25.067180633544922,32.771671295166016,25.413606643676758,0.2761922776699066,-0.6684966683387756,0.555522084236145,1.2240188121795654,126.0,3.607599805471803,4.090371827330348,ok
/media/kabir/Research/Project/sodium battery /Data_Failure_Mode_and_Degradation_Analysis_of_a_Commercial_Sodium-Ion_Battery_With_Severe_Gassing_Issue/Standard cycling/DOD80_2C2C_40degC/CU_at_25degC/S2000FMOQ0_CU_at25degC_V08_5139.ird,DOD80_2C2C_40degC,CU,S2000FMOQ0,8,5139,25,15.345,80.0,2.0,2.0,40.0,178576.0,296444.12313502,1.0000016749836504,1.6600538884783422,1.49952232837677,3.8004674911499023,2.899690866470337,0.581156849861145,-2.400186777114868,2.4057562351226807,-0.030884794890880585,0.4493664801120758,25.08551025390625,30.339069366455078,25.423383712768555,0.25190427899360657,-0.6854268908500671,0.5412163734436035,1.2266433238983154,126.0,3.6063233584148766,4.105674360835084,ok
/media/kabir/Research/Project/sodium battery /Data_Failure_Mode_and_Degradation_Analysis_of_a_Commercial_Sodium-Ion_Battery_With_Severe_Gassing_Issue/Standard cycling/DOD80_2C2C_40degC/CU_at_25degC/S2000FMOQ0_CU_at25degC_V10_5198.ird,DOD80_2C2C_40degC,CU,S2000FMOQ0,10,5198,25,15.358,80.0,2.0,2.0,40.0,178679.0,296662.934404905,1.0000025140034268,1.660321552764778,1.4992539882659912,3.8003103733062744,2.8966972827911377,0.5805351734161377,-2.400193691253662,2.408125400543213,-0.031003322452306747,0.44934481382369995,25.174089431762695,27.45265007019043,25.544652938842773,0.21533255279064178,-0.6920628547668457,0.5357837677001953,1.227846622467041,126.0,3.608777213998365,4.114713402342402,ok
/media/kabir/Research/Project/sodium battery /Data_Failure_Mode_and_Degradation_Analysis_of_a_Commercial_Sodium-Ion_Battery_With_Severe_Gassing_Issue/Standard cycling/DOD80_2C2C_40degC/CU_at_25degC/S2000FMOQ0_CU_at25degC_V12_5240.ird,DOD80_2C2C_40degC,CU,S2000FMOQ0,12,5240,25,15.338,80.0,2.0,2.0,40.0,178520.0,296255.66551169,1.000001677981345,1.6595189616325994,1.4992539882659912,3.8003103733062744,2.895433187484741,0.5795446634292603,-2.4001829624176025,2.408231258392334,-0.030974598601460457,0.44939643144607544,25.25960922241211,32.05641174316406,25.54735565185547,0.22375689446926117,-0.6935162544250488,0.5314690470695496,1.2249853610992432,126.0,3.598105861359774,4.105313938543388,ok
/media/kabir/Research/Project/sodium battery /Data_Failure_Mode_and_Degradation_Analysis_of_a_Commercial_Sodium-Ion_Battery_With_Severe_Gassing_Issue/Standard cycling/DOD80_2C2C_40degC/CU_at_25degC/S2000FMOQ0_CU_at25degC_V14_5276.ird,DOD80_2C2C_40degC,CU,S2000FMOQ0,14,5276,25,15.359,80.0,2.0,2.0,40.0,178652.0,296477.366635581,1.0000016750127543,1.6595337649136082,1.4994447231292725,3.8003103733062744,2.8926053047180176,0.5784998536109924,-2.400193691253662,2.408231258392334,-0.03117114119231701,0.44941413402557373,23.521879196166992,27.104450225830078,25.53585433959961,0.21513384580612183,-0.700149416923523,0.5257886648178101,1.225938081741333,126.0,3.603924244166676,4.118616426979131,ok
/media/kabir/Research/Project/sodium battery /Data_Failure_Mode_and_Degradation_Analysis_of_a_Commercial_Sodium-Ion_Battery_With_Severe_Gassing_Issue/Standard cycling/DOD80_2C2C_40degC/CU_at_25degC/S2000FMOQ0_CU_at25degC_V16_5312.ird,DOD80_2C2C_40degC,CU,S2000FMOQ0,16,5312,25,15.359,80.0,2.0,2.0,40.0,178713.0,296451.70438261,1.0000025139888749,1.6588237185114036,1.49952232837677,3.8004674911499023,2.8903732299804688,0.5768577456474304,-2.400176525115967,2.4057562351226807,-0.031347163021564484,0.44952836632728577,25.082460403442383,29.9195499420166,25.420108795166016,0.26162955164909363,-0.7026311159133911,0.5217443704605103,1.2243754863739014,126.0,3.6094329069761932,4.129846061906351,ok
/media/kabir/Research/Project/sodium battery /Data_Failure_Mode_and_Degradation_Analysis_of_a_Commercial_Sodium-Ion_Battery_With_Severe_Gassing_Issue/Standard cycling/DOD80_2C2C_40degC/CU_at_25degC/S2000FMOQ0_CU_at25degC_V16_5354.ird,DOD80_2C2C_40degC,CU,S2000FMOQ0,16,5354,25,15.336,80.0,2.0,2.0,40.0,178404.0,295621.930498529,1.0000025129993446,1.657045736330269,1.4996354579925537,3.8003103733062744,2.8914144039154053,0.5732367634773254,-2.400214672088623,2.408548593521118,-0.031351350247859955,0.44973012804985046,25.204120635986328,30.584110260009766,25.535898208618164,0.2182205319404602,-0.7029199600219727,0.5154165029525757,1.2183364629745483,126.0,3.5925564279079603,4.115740208940582,ok
/media/kabir/Research/Project/sodium battery /Data_Failure_Mode_and_Degradation_Analysis_of_a_Commercial_Sodium-Ion_Battery_With_Severe_Gassing_Issue/Standard cycling/DOD80_2C2C_40degC/CU_at_25degC/S2000FMOQ0_CU_at25degC_V20_5382.ird,DOD80_2C2C_40degC,CU,S2000FMOQ0,20,5382,25,15.298,80.0,2.0,2.0,40.0,178113.0,294763.325364346,1.0000016780104488,1.6549324322019066,1.49952232837677,3.8004674911499023,2.8931400775909424,0.5684661269187927,-2.4001810550689697,2.4056503772735596,-0.03141484409570694,0.4500044286251068,25.09773063659668,33.89862060546875,25.414506912231445,0.27344372868537903,-0.7015677094459534,0.5099163055419922,1.2114839553833008,126.0,3.580715520561525,4.10648372161034,ok
/media/kabir/Research/Project/sodium battery /Data_Failure_Mode_and_Degradation_Analysis_of_a_Commercial_Sodium-Ion_Battery_With_Severe_Gassing_Issue/Standard cycling/DOD80_2C2C_40degC/CU_at_25degC/S2000FMOQ0_CU_at25degC_V22_5410.ird,DOD80_2C2C_40degC,CU,S2000FMOQ0,22,5410,25,15.249,80.0,2.0,2.0,40.0,177524.0,293256.726725405,1.0000016749836504,1.6519365193547035,1.4999035596847534,3.800276756286621,2.8974878787994385,0.5625558495521545,-2.4000988006591797,2.4057562351226807,-0.03127728030085564,0.4503172039985657,25.067180633544922,32.846900939941406,25.410247802734375,0.29536378383636475,-0.695071280002594,0.5054205060005188,1.2004917860031128,126.0,3.551881586019842,4.073436785782257,ok
/media/kabir/Research/Project/sodium battery /Data_Failure_Mode_and_Degradation_Analysis_of_a_Commercial_Sodium-Ion_Battery_With_Severe_Gassing_Issue/Standard cycling/DOD80_2C2C_40degC/Cycling_Periods/S2000FLPGG_CYC_at40degC_V01_4943.ird,DOD80_2C2C_40degC,CYC,S2000FLPGG,1,4943,40,7.601,80.0,2.0,2.0,40.0,84909.0,1058998.985020706,10.000000835978426,12.472311031006571,2.028128147125244,3.800427198410034,2.9453818798065186,0.531099796295166,-2.4000792503356934,2.400031089782715,-0.008719159290194511,1.9581224918365479,30.8714599609375,44.36050033569336,42.02553176879883,1.1913199424743652,-0.017696520313620567,1.0639780759811401,1.081674575805664,1208.0,190.19891958044022,190.38259438238057,ok
/media/kabir/Research/Project/sodium battery /Data_Failure_Mode_and_Degradation_Analysis_of_a_Commercial_Sodium-Ion_Battery_With_Severe_Gassing_Issue/Standard cycling/DOD80_2C2C_40degC/Cycling_Periods/S2000FLPGG_CYC_at40degC_V03_5014.ird,DOD80_2C2C_40degC,CYC,S2000FLPGG,3,5014,40,7.584,80.0,2.0,2.0,40.0,84677.0,1054130.420203967,10.000000835978426,12.448986964475967,2.027937412261963,3.800427198410034,2.9432449340820312,0.5322046875953674,-2.4001591205596924,2.4000418186187744,-0.008850307203829288,1.9514168500900269,33.0877685546875,44.43429183959961,42.03828811645508,1.2015730142593384,-0.02194495126605034,1.0494778156280518,1.071422815322876,1208.0,188.40602748051498,188.60840261257334,ok
/media/kabir/Research/Project/sodium battery /Data_Failure_Mode_and_Degradation_Analysis_of_a_Commercial_Sodium-Ion_Battery_With_Severe_Gassing_Issue/Standard cycling/DOD80_2C2C_40degC/Cycling_Periods/S2000FLPGG_CYC_at40degC_V05_5062.ird,DOD80_2C2C_40degC,CYC,S2000FLPGG,5,5062,40,7.603,80.0,2.0,2.0,40.0,84921.0,1053329.538248179,10.000000835992978,12.403786366558867,2.027937412261963,3.800427198410034,2.941756010055542,0.5331432819366455,-2.400233745574951,2.400446891784668,-0.009057259187102318,1.9449132680892944,32.316070556640625,44.4940185546875,42.035011291503906,1.2506906986236572,-0.027916619554162025,1.0472644567489624,1.0751811265945435,1208.0,187.7141018825618,187.92552619507853,ok
/media/kabir/Research/Project/sodium battery /Data_Failure_Mode_and_Degradation_Analysis_of_a_Commercial_Sodium-Ion_Battery_With_Severe_Gassing_Issue/Standard cycling/DOD80_2C2C_40degC/Cycling_Periods/S2000FLPGG_CYC_at40degC_V07_5116.ird,DOD80_2C2C_40degC,CYC,S2000FLPGG,7,5116,40,7.619,80.0,2.0,2.0,40.0,85120.0,1052687.031285269,10.000000835978426,12.367239174394307,2.028128147125244,3.800427198410034,2.9414539337158203,0.532874584197998,-2.4001271724700928,2.400036573410034,-0.009081183932721615,1.9394018650054932,29.691499710083008,44.41320037841797,42.03643035888672,1.2026208639144897,-0.016444534063339233,1.0435672998428345,1.060011863708496,1208.0,187.11513897023093,187.30960746200654,ok
/media/kabir/Research/Project/sodium battery /Data_Failure_Mode_and_Degradation_Analysis_of_a_Commercial_Sodium-Ion_Battery_With_Severe_Gassing_Issue/Standard cycling/DOD80_2C2C_40degC/Cycling_Periods/S2000FLPGG_CYC_at40degC_V09_5163.ird,DOD80_2C2C_40degC,CYC,S2000FLPGG,9,5163,40,7.617,80.0,2.0,2.0,40.0,85106.0,1053084.2168214042,10.000000835978426,12.373940624186641,2.027937412261963,3.800427198410034,2.9414525032043457,0.5323424339294434,-2.400233745574951,2.400233745574951,-0.007723443675786257,1.9374895095825195,29.349910736083984,44.50455856323242,42.11110305786133,1.2197140455245972,-0.03594404086470604,1.0469611883163452,1.0829051733016968,1208.0,186.90256733934868,187.121509943044,ok
/media/kabir/Research/Project/sodium battery /Data_Failure_Mode_and_Degradation_Analysis_of_a_Commercial_Sodium-Ion_Battery_With_Severe_Gassing_Issue/Standard cycling/DOD80_2C2C_40degC/Cycling_Periods/S2000FLPGG_CYC_at40degC_V11_5214.ird,DOD80_2C2C_40degC,CYC,S2000FLPGG,11,5214,40,7.64,80.0,2.0,2.0,40.0,85396.0,1053599.577437574,10.000000835978426,12.33795394856343,2.028128147125244,3.800427198410034,2.9396722316741943,0.5327548980712891,-2.400233745574951,2.400446891784668,-0.007708709686994553,1.9329218864440918,29.834030151367188,44.546730041503906,42.13700485229492,1.2598297595977783,-0.025926874950528145,1.0472410917282104,1.0731679201126099,1208.0,186.70192397964382,186.9105634055284,ok
/media/kabir/Research/Project/sodium battery /Data_Failure_Mode_and_Degradation_Analysis_of_a_Commercial_Sodium-Ion_Battery_With_Severe_Gassing_Issue/Standard cycling/DOD80_2C2C_40degC/Cycling_Periods/S2000FLPGG_CYC_at40degC_V13_5253.ird,DOD80_2C2C_40degC,CYC,S2000FLPGG,13,5253,40,7.651,80.0,2.0,2.0,40.0,85526.0,1053854.9036306061,10.000000835978426,12.322185368378909,2.028128147125244,3.800427198410034,2.940396547317505,0.5324887633323669,-2.4000418186187744,2.400446891784668,-0.009047845378518105,1.9301179647445679,30.17867088317871,44.501041412353516,42.13574981689453,1.2304625511169434,-0.043951842933893204,1.0441571474075317,1.088109016418457,1208.0,186.3182701904716,186.5410723176686,ok
/media/kabir/Research/Project/sodium battery /Data_Failure_Mode_and_Degradation_Analysis_of_a_Commercial_Sodium-Ion_Battery_With_Severe_Gassing_Issue/Standard cycling/DOD80_2C2C_40degC/Cycling_Periods/S2000FLPGG_CYC_at40degC_V15_5295.ird,DOD80_2C2C_40degC,CYC,S2000FLPGG,15,5295,40,7.661,80.0,2.0,2.0,40.0,85668.0,1055177.456549706,10.000000835978426,12.3171986476672,2.028128147125244,3.800427198410034,2.940112829208374,0.5321332216262817,-2.400036573410034,2.4000258445739746,-0.008835761807858944,1.9284608364105225,29.848289489746094,44.70484161376953,42.20253372192383,1.288864254951477,-0.01163565181195736,1.045894742012024,1.057530403137207,1208.0,186.36597479997465,186.5477361835607,ok
/media/kabir/Research/Project/sodium battery /Data_Failure_Mode_and_Degradation_Analysis_of_a_Commercial_Sodium-Ion_Battery_With_Severe_Gassing_Issue/Standard cycling/DOD80_2C2C_40degC/Cycling_Periods/S2000FLPGG_CYC_at40degC_V17_5325.ird,DOD80_2C2C_40degC,CYC,S2000FLPGG,17,5325,40,7.67,80.0,2.0,2.0,40.0,85891.0,1056972.28723159,10.000000835978426,12.3061158136173,2.028128147125244,3.800427198410034,2.9400084018707275,0.5320051312446594,-2.400036573410034,2.4008734226226807,-0.008549976162612438,1.9258979558944702,28.60820960998535,44.76456832885742,42.215782165527344,1.3050646781921387,-0.0012112820986658335,1.0457921028137207,1.0470033884048462,1208.0,186.4213198352378,186.59306012811874,ok
/media/kabir/Research/Project/sodium battery /Data_Failure_Mode_and_Degradation_Analysis_of_a_Commercial_Sodium-Ion_Battery_With_Severe_Gassing_Issue/Standard cycling/DOD80_2C2C_40degC/Cycling_Periods/S2000FLPGG_CYC_at40degC_V19_5371.ird,DOD80_2C2C_40degC,CYC,S2000FLPGG,19,5371,40,7.683,80.0,2.0,2.0,40.0,86026.0,1058731.055355442,10.000000835978426,12.307248536535216,2.028128147125244,3.800427198410034,2.9416956901550293,0.5307130217552185,-2.400036573410034,2.400031089782715,-0.008350478485226631,1.924234390258789,31.83698081970215,44.859439849853516,42.235111236572266,1.3521630764007568,-0.0027215660084038973,1.0437602996826172,1.0464818477630615,1208.0,186.4515150338083,186.59649356247274,ok
/media/kabir/Research/Project/sodium battery /Data_Failure_Mode_and_Degradation_Analysis_of_a_Commercial_Sodium-Ion_Battery_With_Severe_Gassing_Issue/Standard cycling/DOD80_2C2C_40degC/Cycling_Periods/S2000FLPGG_CYC_at40degC_V21_5394.ird,DOD80_2C2C_40degC,CYC,S2000FLPGG,21,5394,40,7.699,80.0,2.0,2.0,40.0,86186.0,1059922.883002575,10.00000083600753,12.298229193044904,2.028128147125244,3.800236463546753,2.9420814514160156,0.5304580926895142,-2.4000632762908936,2.400036573410034,-0.008401095867156982,1.9221535921096802,28.127660751342773,44.92795944213867,42.26473617553711,1.3705586194992065,-0.0045181820169091225,1.0404680967330933,1.0449862480163574,1208.0,186.42320389339287,186.5545140805169,ok
/media/kabir/Research/Project/sodium battery /Data_Failure_Mode_and_Degradation_Analysis_of_a_Commercial_Sodium-Ion_Battery_With_Severe_Gassing_Issue/Standard cycling/DOD80_2C2C_40degC/Cycling_Periods/S2000FMEL8_CYC_at40degC_V01_4942.ird,DOD80_2C2C_40degC,CYC,S2000FMEL8,1,4942,40,7.567,80.0,2.0,2.0,40.0,84379.0,1056846.7694128212,10.000000835978426,12.525146002664453,2.027765989303589,3.800344705581665,2.946810722351074,0.5302293300628662,-2.400062084197998,2.403111457824707,-0.00910781417042017,1.9608025550842285,29.81875991821289,45.06496810913086,42.208683013916016,1.4114761352539062,-0.018829582259058952,1.0569697618484497,1.0757993459701538,1208.0,189.50230038475945,189.67693255624962,ok
/media/kabir/Research/Project/sodium battery /Data_Failure_Mode_and_Degradation_Analysis_of_a_Commercial_Sodium-Ion_Battery_With_Severe_Gassing_Issue/Standard cycling/DOD80_2C2C_40degC/Cycling_Periods/S2000FMEL8_CYC_at40degC_V03_5012.ird,DOD80_2C2C_40degC,CYC,S2000FMEL8,3,5012,40,7.546,80.0,2.0,2.0,40.0,84250.0,1052480.3566586399,10.000000835978426,12.492496725879713,2.027765989303589,3.800344705581665,2.944112539291382,0.5315510630607605,-2.400104284286499,2.4034290313720703,-0.008319594897329807,1.9539213180541992,30.818159103393555,45.179649353027344,42.26779556274414,1.411697268486023,-0.00998311024159193,1.0507757663726807,1.0607588291168213,1208.0,187.9937111250145,188.16878110813659,ok
/media/kabir/Research/Project/sodium battery /Data_Failure_Mode_and_Degradation_Analysis_of_a_Commercial_Sodium-Ion_Battery_With_Severe_Gassing_Issue/Standard cycling/DOD80_2C2C_40degC/Cycling_Periods/S2000FMEL8_CYC_at40degC_V05_5060.ird,DOD80_2C2C_40degC,CYC,S2000FMEL8,5,5060,40,7.554,80.0,2.0,2.0,40.0,84386.0,1051830.656732391,10.00000083600753,12.464663823338165,2.02795672416687,3.800344705581665,2.942394733428955,0.5321221351623535,-2.4002525806427,2.403217315673828,-0.009983556345105171,1.9504204988479614,30.040739059448242,44.9964714050293,42.23383712768555,1.3814036846160889,-0.0066164457239210606,1.0497667789459229,1.0563832521438599,1208.0,187.46518234891462,187.64072945468888,ok
/media/kabir/Research/Project/sodium battery /Data_Failure_Mode_and_Degradation_Analysis_of_a_Commercial_Sodium-Ion_Battery_With_Severe_Gassing_Issue/Standard cycling/DOD80_2C2C_40degC/Cycling_Periods/S2000FMEL8_CYC_at40degC_V07_5114.ird,DOD80_2C2C_40degC,CYC,S2000FMEL8,7,5114,40,7.555,80.0,2.0,2.0,40.0,84583.0,1051994.413961809,10.000000835978426,12.437568442006679,2.027765989303589,3.800344705581665,2.9398696422576904,0.5331730246543884,-2.4001150131225586,2.4027938842773438,-0.008289113640785217,1.9456672668457031,28.528799057006836,45.09938049316406,42.264652252197266,1.4020557403564453,-9.666641886951766e-08,1.0731858015060425,1.073185920715332,1208.0,187.21834389241354,187.28744366977145,ok
/media/kabir/Research/Project/sodium battery /Data_Failure_Mode_and_Degradation_Analysis_of_a_Commercial_Sodium-Ion_Battery_With_Severe_Gassing_Issue/Standard cycling/DOD80_2C2C_40degC/Cycling_Periods/S2000FMEL8_CYC_at40degC_V09_5161.ird,DOD80_2C2C_40degC,CYC,S2000FMEL8,9,5161,40,7.583,80.0,2.0,2.0,40.0,84871.0,1052511.3740273542,10.000000835978426,12.401453682424345,2.027765989303589,3.800344705581665,2.9389240741729736,0.5331870913505554,-2.400146722793579,2.4025819301605225,-0.007406232412904501,1.9412598609924316,27.12887954711914,45.34402084350586,42.35753631591797,1.4773215055465698,-8.829313458136312e-08,1.0704734325408936,1.070473551750183,1208.0,187.1270103649834,187.19760975132212,ok
/media/kabir/Research/Project/sodium battery /Data_Failure_Mode_and_Degradation_Analysis_of_a_Commercial_Sodium-Ion_Battery_With_Severe_Gassing_Issue/Standard cycling/DOD80_2C2C_40degC/Cycling_Periods/S2000FMEL8_CYC_at40degC_V11_5212.ird,DOD80_2C2C_40degC,CYC,S2000FMEL8,11,5212,40,7.594,80.0,2.0,2.0,40.0,84985.0,1053027.2285966591,10.000000835978426,12.390888033002202,2.02795672416687,3.800344705581665,2.938600778579712,0.5325328707695007,-2.400146722793579,2.403005599975586,-0.007041308097541332,1.9386847019195557,25.586429595947266,45.401371002197266,42.35988235473633,1.5093883275985718,-1.1664538845934658e-07,1.0645620822906494,1.064562201499939,1208.0,186.9507990616875,187.04247864754518,ok
/media/kabir/Research/Project/sodium battery /Data_Failure_Mode_and_Degradation_Analysis_of_a_Commercial_Sodium-Ion_Battery_With_Severe_Gassing_Issue/Standard cycling/DOD80_2C2C_40degC/Cycling_Periods/S2000FMEL8_CYC_at40degC_V13_5251.ird,DOD80_2C2C_40degC,CYC,S2000FMEL8,13,5251,40,7.601,80.0,2.0,2.0,40.0,85044.0,1052876.6089768189,10.000000835978426,12.380520548155863,2.02795672416687,3.800344705581665,2.937835693359375,0.5323470830917358,-2.400146722793579,2.403005599975586,-0.007960966788232327,1.9367049932479858,27.913860321044922,45.31726837158203,42.41749954223633,1.4273146390914917,-1.092301928906636e-07,1.0672166347503662,1.0672167539596558,1208.0,186.61911543135687,186.72261270374224,ok
/media/kabir/Research/Project/sodium battery /Data_Failure_Mode_and_Degradation_Analysis_of_a_Commercial_Sodium-Ion_Battery_With_Severe_Gassing_Issue/Standard cycling/DOD80_2C2C_40degC/Cycling_Periods/S2000FMEL8_CYC_at40degC_V15_5293.ird,DOD80_2C2C_40degC,CYC,S2000FMEL8,15,5293,40,7.619,80.0,2.0,2.0,40.0,85211.0,1053977.3109765209,10.000000835978426,12.369173934708614,2.02795672416687,3.800344705581665,2.9386541843414307,0.5315606594085693,-2.400083065032959,2.403111457824707,-0.007813817821443081,1.9347777366638184,28.123069763183594,45.691890716552734,42.52821731567383,1.552156925201416,-1.0907305636465026e-07,1.0600581169128418,1.0600582361221313,1208.0,186.6479351691367,186.7524268576135,ok
/media/kabir/Research/Project/sodium battery /Data_Failure_Mode_and_Degradation_Analysis_of_a_Commercial_Sodium-Ion_Battery_With_Severe_Gassing_Issue/Standard cycling/DOD80_2C2C_40degC/Cycling_Periods/S2000FMEL8_CYC_at40degC_V17_5323.ird,DOD80_2C2C_40degC,CYC,S2000FMEL8,17,5323,40,7.628,80.0,2.0,2.0,40.0,85324.0,1054755.038931238,10.000000835978426,12.361907562219308,2.02795672416687,3.800344705581665,2.9382715225219727,0.5306991934776306,-2.4001362323760986,2.402899742126465,-0.007885564118623734,1.933237910270691,27.287710189819336,45.77598190307617,42.508907318115234,1.5578389167785645,-1.1477676764570788e-07,1.0503783226013184,1.050378441810608,1208.0,186.61536979885912,186.734144258786,ok
/media/kabir/Research/Project/sodium battery /Data_Failure_Mode_and_Degradation_Analysis_of_a_Commercial_Sodium-Ion_Battery_With_Severe_Gassing_Issue/Standard cycling/DOD80_2C2C_40degC/Cycling_Periods/S2000FMEL8_CYC_at40degC_V19_5369.ird,DOD80_2C2C_40degC,CYC,S2000FMEL8,19,5369,40,7.654,80.0,2.0,2.0,40.0,85622.0,1056030.258415313,10.00000083600753,12.33377627469094,2.02795672416687,3.800344705581665,2.9379372596740723,0.5303701758384705,-2.4001307487487793,2.4025819301605225,-0.007954253815114498,1.9296698570251465,29.365699768066406,45.73392868041992,42.564918518066406,1.5885611772537231,-1.0884861723070571e-07,1.0525026321411133,1.0525027513504028,1208.0,186.59037641764127,186.70020167428626,ok
/media/kabir/Research/Project/sodium battery /Data_Failure_Mode_and_Degradation_Analysis_of_a_Commercial_Sodium-Ion_Battery_With_Severe_Gassing_Issue/Standard cycling/DOD80_2C2C_40degC/Cycling_Periods/S2000FMEL8_CYC_at40degC_V21_5392.ird,DOD80_2C2C_40degC,CYC,S2000FMEL8,21,5392,40,7.669,80.0,2.0,2.0,40.0,85797.0,1056958.7369265251,10.000000836953404,12.31944073064624,2.0281474590301514,3.800344705581665,2.937239408493042,0.5297853946685791,-2.4002525806427,2.4024760723114014,-0.008169090375304222,1.9272836446762085,26.673789978027344,46.01298141479492,42.67247009277344,1.6442333459854126,-0.004648313857614994,1.0402178764343262,1.0448662042617798,1208.0,186.50624370038707,186.61743968575482,ok
/media/kabir/Research/Project/sodium battery /Data_Failure_Mode_and_Degradation_Analysis_of_a_Commercial_Sodium-Ion_Battery_With_Severe_Gassing_Issue/Standard cycling/DOD80_2C2C_40degC/Cycling_Periods/S2000FMOQ0_CYC_at40degC_V01_4960.ird,DOD80_2C2C_40degC,CYC,S2000FMOQ0,1,4960,40,7.523,80.0,2.0,2.0,40.0,84092.0,1051476.531104232,10.000000835978426,12.504031716880904,2.0279932022094727,3.8003649711608887,2.9436421394348145,0.5331515073776245,-2.400075912475586,2.4033663272857666,-0.00940539501607418,1.9574801921844482,28.98797035217285,45.015281677246094,42.271026611328125,1.3684890270233154,-0.014338183216750622,1.0561362504959106,1.07047438621521,1208.0,188.13207152802397,188.3132402666584,ok
/media/kabir/Research/Project/sodium battery /Data_Failure_Mode_and_Degradation_Analysis_of_a_Commercial_Sodium-Ion_Battery_With_Severe_Gassing_Issue/Standard cycling/DOD80_2C2C_40degC/Cycling_Periods/S2000FMOQ0_CYC_at40degC_V03_5013.ird,DOD80_2C2C_40degC,CYC,S2000FMOQ0,3,5013,40,7.508,80.0,2.0,2.0,40.0,83933.0,1047727.2049849301,10.000000835978426,12.483048241253993,2.0279932022094727,3.8003649711608887,2.941328287124634,0.5338719487190247,-2.400102376937866,2.4036850929260254,-0.008725615218281746,1.9517946243286133,31.723600387573242,45.00764083862305,42.28770446777344,1.3271394968032837,-0.009730939753353596,1.0466035604476929,1.0563344955444336,1208.0,186.79305853447244,186.9653642853658,ok
/media/kabir/Research/Project/sodium battery /Data_Failure_Mode_and_Degradation_Analysis_of_a_Commercial_Sodium-Ion_Battery_With_Severe_Gassing_Issue/Standard cycling/DOD80_2C2C_40degC/Cycling_Periods/S2000FMOQ0_CYC_at40degC_V05_5061.ird,DOD80_2C2C_40degC,CYC,S2000FMOQ0,5,5061,40,7.521,80.0,2.0,2.0,40.0,84088.0,1046404.69570552,10.00000083600753,12.44431000874713,2.0279932022094727,3.8003649711608887,2.9408955574035645,0.5346602201461792,-2.400283098220825,2.4033663272857666,-0.00909133069217205,1.9447213411331177,31.286300659179688,44.97890853881836,42.273616790771484,1.3486860990524292,-0.011844552122056484,1.0375386476516724,1.0493831634521484,1208.0,185.79492407362687,185.9785068896041,ok
/media/kabir/Research/Project/sodium battery /Data_Failure_Mode_and_Degradation_Analysis_of_a_Commercial_Sodium-Ion_Battery_With_Severe_Gassing_Issue/Standard cycling/DOD80_2C2C_40degC/Cycling_Periods/S2000FMOQ0_CYC_at40degC_V07_5115.ird,DOD80_2C2C_40degC,CYC,S2000FMOQ0,7,5115,40,7.542,80.0,2.0,2.0,40.0,84413.0,1046495.658773959,10.000000835978426,12.39747498902951,2.0279932022094727,3.8003649711608887,2.940615653991699,0.5350037813186646,-2.400118350982666,2.4030473232269287,-0.009764171205461025,1.9361077547073364,28.741079330444336,44.99296188354492,42.303836822509766,1.333416223526001,-0.011928582563996315,1.0327330827713013,1.0446616411209106,1208.0,184.86909884769912,185.04859171572667,ok
/media/kabir/Research/Project/sodium battery /Data_Failure_Mode_and_Degradation_Analysis_of_a_Commercial_Sodium-Ion_Battery_With_Severe_Gassing_Issue/Standard cycling/DOD80_2C2C_40degC/Cycling_Periods/S2000FMOQ0_CYC_at40degC_V09_5162.ird,DOD80_2C2C_40degC,CYC,S2000FMOQ0,9,5162,40,7.562,80.0,2.0,2.0,40.0,84621.0,1048317.1622260881,10.000000835978426,12.388527088467123,2.0279932022094727,3.8003649711608887,2.941331386566162,0.5343712568283081,-2.400176763534546,2.4030473232269287,-0.009325037710368633,1.9336193799972534,28.235580444335938,45.11465835571289,42.38246154785156,1.34928560256958,-0.007750348653644323,1.0346416234970093,1.0423920154571533,1208.0,184.94603791277717,185.13055034650407,ok
/media/kabir/Research/Project/sodium battery /Data_Failure_Mode_and_Degradation_Analysis_of_a_Commercial_Sodium-Ion_Battery_With_Severe_Gassing_Issue/Standard cycling/DOD80_2C2C_40degC/Cycling_Periods/S2000FMOQ0_CYC_at40degC_V11_5213.ird,DOD80_2C2C_40degC,CYC,S2000FMOQ0,11,5213,40,7.58,80.0,2.0,2.0,40.0,84772.0,1049290.255355378,10.000000835978426,12.377938863000061,2.028183937072754,3.8003649711608887,2.9420840740203857,0.5339931845664978,-2.400283098220825,2.403578996658325,-0.00974622368812561,1.9313015937805176,28.585819244384766,45.07133865356445,42.36842346191406,1.329446792602539,-0.004942368716001511,1.0353460311889648,1.0402884483337402,1208.0,184.82423490018087,185.00832917477035,ok
/media/kabir/Research/Project/sodium battery /Data_Failure_Mode_and_Degradation_Analysis_of_a_Commercial_Sodium-Ion_Battery_With_Severe_Gassing_Issue/Standard cycling/DOD80_2C2C_40degC/Cycling_Periods/S2000FMOQ0_CYC_at40degC_V13_5252.ird,DOD80_2C2C_40degC,CYC,S2000FMOQ0,13,5252,40,7.601,80.0,2.0,2.0,40.0,84908.0,1049465.1771299671,10.000000835978426,12.360172625695963,2.0279932022094727,3.8003649711608887,2.9417171478271484,0.5337072610855103,-2.4003894329071045,2.4030473232269287,-0.008919041603803635,1.926766037940979,27.277019500732422,45.14142990112305,42.409759521484375,1.3461779356002808,-0.0066507672891020775,1.032102346420288,1.0387531518936157,1208.0,184.39360938356882,184.58313797574704,ok
/media/kabir/Research/Project/sodium battery /Data_Failure_Mode_and_Degradation_Analysis_of_a_Commercial_Sodium-Ion_Battery_With_Severe_Gassing_Issue/Standard cycling/DOD80_2C2C_40degC/Cycling_Periods/S2000FMOQ0_CYC_at40degC_V15_5294.ird,DOD80_2C2C_40degC,CYC,S2000FMOQ0,15,5294,40,7.612,80.0,2.0,2.0,40.0,85165.0,1051840.3921713,10.000000835978426,12.35076314136607,2.0279932022094727,3.8003649711608887,2.9414830207824707,0.5333436131477356,-2.400176763534546,2.4032599925994873,-0.010057917796075344,1.9262092113494873,28.9477596282959,45.516048431396484,42.52174758911133,1.4627777338027954,-0.004473984241485596,1.0335818529129028,1.0380558967590332,1208.0,184.73037518937753,184.8941843876248,ok
/media/kabir/Research/Project/sodium battery /Data_Failure_Mode_and_Degradation_Analysis_of_a_Commercial_Sodium-Ion_Battery_With_Severe_Gassing_Issue/Standard cycling/DOD80_2C2C_40degC/Cycling_Periods/S2000FMOQ0_CYC_at40degC_V17_5324.ird,DOD80_2C2C_40degC,CYC,S2000FMOQ0,17,5324,40,7.636,80.0,2.0,2.0,40.0,85461.0,1053547.502643324,10.000000835978426,12.327960480263561,2.028183937072754,3.8003649711608887,2.941035032272339,0.5334901809692383,-2.4001662731170654,2.403472661972046,-0.009882207959890366,1.9226882457733154,27.398679733276367,45.722469329833984,42.545440673828125,1.4868848323822021,-0.0013370710657909513,1.0359164476394653,1.037253499031067,1208.0,184.75941895536155,184.91494615529874,ok
/media/kabir/Research/Project/sodium battery /Data_Failure_Mode_and_Degradation_Analysis_of_a_Commercial_Sodium-Ion_Battery_With_Severe_Gassing_Issue/Standard cycling/DOD80_2C2C_40degC/Cycling_Periods/S2000FMOQ0_CYC_at40degC_V19_5370.ird,DOD80_2C2C_40degC,CYC,S2000FMOQ0,19,5370,40,7.664,80.0,2.0,2.0,40.0,85772.0,1055717.853064067,10.000000835978426,12.308564119155273,2.028183937072754,3.8003649711608887,2.9418702125549316,0.5323500633239746,-2.4001076221466064,2.4032599925994873,-0.009303510189056396,1.919277310371399,30.213150024414062,45.642189025878906,42.58811569213867,1.5128177404403687,-0.005676597822457552,1.0315345525741577,1.0372111797332764,1208.0,184.8837610137189,185.0268857447115,ok
/media/kabir/Research/Project/sodium battery /Data_Failure_Mode_and_Degradation_Analysis_of_a_Commercial_Sodium-Ion_Battery_With_Severe_Gassing_Issue/Standard cycling/DOD80_2C2C_40degC/Cycling_Periods/S2000FMOQ0_CYC_at40degC_V21_5393.ird,DOD80_2C2C_40degC,CYC,S2000FMOQ0,21,5393,40,7.676,80.0,2.0,2.0,40.0,85861.0,1056842.397031453,10.000000836036634,12.308902830555008,2.0279932022094727,3.8003649711608887,2.9424920082092285,0.531866729259491,-2.400283098220825,2.4037914276123047,-0.009847451001405716,1.9177045822143555,26.494590759277344,45.89448928833008,42.64806365966797,1.5759538412094116,-0.006256666034460068,1.0293036699295044,1.0355603694915771,1208.0,184.7479031775174,184.88887062666993,ok
/media/kabir/Research/Project/sodium battery /Data_Failure_Mode_and_Degradation_Analysis_of_a_Commercial_Sodium-Ion_Battery_With_Severe_Gassing_Issue/Standard cycling/DOD80_2C2C_50degC/CU_at_25degC/S2000FPNAD_CU_at25degC_V00_4847.ird,DOD80_2C2C_50degC,CU,S2000FPNAD,0,4847,25,15.408,80.0,2.0,2.0,50.0,179430.0,298400.519190111,1.000004188004823,1.66305624614812,1.4994404315948486,3.8003880977630615,2.9081056118011475,0.5838768482208252,-2.400243043899536,2.4062938690185547,-0.03058023564517498,0.44908809661865234,21.359479904174805,27.141109466552734,22.674226760864258,1.809786319732666,-0.6392742395401001,0.5992984175682068,1.238572597503662,126.0,3.675977735981131,4.142079507071933,ok
/media/kabir/Research/Project/sodium battery /Data_Failure_Mode_and_Degradation_Analysis_of_a_Commercial_Sodium-Ion_Battery_With_Severe_Gassing_Issue/Standard cycling/DOD80_2C2C_50degC/CU_at_25degC/S2000FPNAD_CU_at25degC_V01_4877.ird,DOD80_2C2C_50degC,CU,S2000FPNAD,1,4877,25,15.342,80.0,2.0,2.0,50.0,178829.0,297033.137368416,1.0000016749836504,1.6609990458340755,1.4997129440307617,3.8004674911499023,2.8997974395751953,0.583151638507843,-2.400151491165161,2.4054388999938965,-0.03090094029903412,0.4492592215538025,24.050579071044922,26.951730728149414,25.343978881835938,0.21859779953956604,-0.6809719204902649,0.5489508509635925,1.2299227714538574,126.0,3.6239352320041447,4.118107914119342,ok
/media/kabir/Research/Project/sodium battery /Data_Failure_Mode_and_Degradation_Analysis_of_a_Commercial_Sodium-Ion_Battery_With_Severe_Gassing_Issue/Standard cycling/DOD80_2C2C_50degC/CU_at_25degC/S2000FPXAW_CU_at25degC_V00_4846.ird,DOD80_2C2C_50degC,CU,S2000FPXAW,0,4846,25,15.477,80.0,2.0,2.0,50.0,180242.0,300450.375205982,1.0000041910097934,1.6669369078399587,1.4992971420288086,3.800419807434082,2.9090993404388428,0.5837900042533875,-2.4001476764678955,2.4078896045684814,-0.030566805973649025,0.44852855801582336,21.39596939086914,27.02808952331543,22.722827911376953,1.8001986742019653,-0.6372770667076111,0.6158920526504517,1.253169059753418,126.0,3.7154287753004858,4.177012838990477,ok
/media/kabir/Research/Project/sodium battery /Data_Failure_Mode_and_Degradation_Analysis_of_a_Commercial_Sodium-Ion_Battery_With_Severe_Gassing_Issue/Standard cycling/DOD80_2C2C_50degC/CU_at_25degC/S2000FPXAW_CU_at25degC_V01_4876.ird,DOD80_2C2C_50degC,CU,S2000FPXAW,1,4876,25,15.5,80.0,2.0,2.0,50.0,180283.0,300502.032535134,1.0000016780104488,1.6668443468296004,1.4993332624435425,3.8001034259796143,2.8957879543304443,0.5855080485343933,-2.4001574516296387,2.4039626121520996,-0.03133071959018707,0.44851893186569214,24.3156795501709,27.177749633789062,25.53830337524414,0.21982809901237488,-0.7005674839019775,0.5535498261451721,1.2541172504425049,126.0,3.6902395699710926,4.200153525288663,ok
/media/kabir/Research/Project/sodium battery /Data_Failure_Mode_and_Degradation_Analysis_of_a_Commercial_Sodium-Ion_Battery_With_Severe_Gassing_Issue/Standard cycling/DOD80_2C2C_50degC/CU_at_25degC/S2000FQD0M_CU_at25degC_V00_4848.ird,DOD80_2C2C_50degC,CU,S2000FQD0M,0,4848,25,15.467,80.0,2.0,2.0,50.0,179817.0,299165.941395482,1.0000033529940993,1.6637337133263004,1.4991804361343384,3.800328016281128,2.9087717533111572,0.5825588703155518,-2.400172233581543,2.4032397270202637,-0.030895544216036797,0.44908344745635986,21.472009658813477,27.095279693603516,22.78115463256836,1.8231769800186157,-0.6472256183624268,0.5956857204437256,1.2429113388061523,126.0,3.696728593340756,4.174777435102807,ok
/media/kabir/Research/Project/sodium battery /Data_Failure_Mode_and_Degradation_Analysis_of_a_Commercial_Sodium-Ion_Battery_With_Severe_Gassing_Issue/Standard cycling/DOD80_2C2C_50degC/CU_at_25degC/S2000FQD0M_CU_at25degC_V01_4878.ird,DOD80_2C2C_50degC,CU,S2000FQD0M,1,4878,25,15.399,80.0,2.0,2.0,50.0,179315.0,298244.455383305,1.0000016750127543,1.6632524810293952,1.4995120763778687,3.800365924835205,2.9024953842163086,0.5804485082626343,-2.4001824855804443,2.4057819843292236,-0.03087465651333332,0.4490029811859131,24.708019256591797,27.183860778808594,25.826339721679688,0.17693239450454712,-0.6771495938301086,0.561056911945343,1.2382065057754517,126.0,3.6537905620684508,4.141191256748524,ok
/media/kabir/Research/Project/sodium battery /Data_Failure_Mode_and_Degradation_Analysis_of_a_Commercial_Sodium-Ion_Battery_With_Severe_Gassing_Issue/Standard cycling/DOD80_2C2C_50degC/Cycling_Periods/S2000FPNAD_CU_at50degC_V01_4874.ird,DOD80_2C2C_50degC,CYC,S2000FPNAD,1,4874,50,40.409,80.0,2.0,2.0,50.0,433595.0,2933389.199595348,3.0000100573524833,6.765290109169749,1.4998219013214111,3.8003880977630615,2.9249556064605713,0.5702893137931824,-2.4003567695617676,2.403961420059204,-0.0027968455106019974,1.2201972007751465,49.857269287109375,54.22351837158203,51.7655029296875,0.7211136817932129,-0.19733141362667084,1.1767430305480957,1.3740744590759277,2433.0,381.81084963917573,382.55056813312285,ok
/media/kabir/Research/Project/sodium battery /Data_Failure_Mode_and_Degradation_Analysis_of_a_Commercial_Sodium-Ion_Battery_With_Severe_Gassing_Issue/Standard cycling/DOD80_2C2C_50degC/Cycling_Periods/S2000FPXAW_CU_at50degC_V01_4873.ird,DOD80_2C2C_50degC,CYC,S2000FPXAW,1,4873,50,40.97,80.0,2.0,2.0,50.0,439611.0,2960002.4254549854,3.0000025120098144,6.733246344384761,1.499869465827942,3.800419807434082,2.9262349605560303,0.5702794790267944,-2.4001054763793945,2.4059884548187256,-0.0027899949345737696,1.215751051902771,48.41741943359375,54.1027717590332,51.76668167114258,0.6739647388458252,-0.1983659416437149,1.1844762563705444,1.3828421831130981,2433.0,384.66838371967117,385.41020361597106,ok
/media/kabir/Research/Project/sodium battery /Data_Failure_Mode_and_Degradation_Analysis_of_a_Commercial_Sodium-Ion_Battery_With_Severe_Gassing_Issue/Standard cycling/DOD80_2C2C_50degC/Cycling_Periods/S2000FQD0M_CU_at50degC_V01_4875.ird,DOD80_2C2C_50degC,CYC,S2000FQD0M,1,4875,50,40.653,80.0,2.0,2.0,50.0,435680.0,2949443.751839872,3.000087162014097,6.769763408013405,1.4997528791427612,3.800328016281128,2.926396608352661,0.5686169862747192,-2.400270700454712,2.4017553329467773,-0.0029131772462278605,1.2238008975982666,47.48851013183594,52.03031921386719,51.74846267700195,0.054565101861953735,-0.19755227863788605,1.1660079956054688,1.3635603189468384,2433.0,385.8074066196464,386.55622612061,ok
