path,condition,test_type,cell,visit,test_id,rpt_T_degC,size_MB,DOD_pct,C_ch,C_dis,T_degC
/media/kabir/Research/Project/sodium battery /Data_Failure_Mode_and_Degradation_Analysis_of_a_Commercial_Sodium-Ion_Battery_With_Severe_Gassing_Issue/Standard cycling/DOD100_0.5C0.5C_-10degC/CU_at_25degC/S2000FOQ09_CU_at25degC_V00_4825.ird,DOD100_0.5C0.5C_-10degC,CU,S2000FOQ09,0,4825,25,15.424,100.0,0.5,0.5,-10.0
/media/kabir/Research/Project/sodium battery /Data_Failure_Mode_and_Degradation_Analysis_of_a_Commercial_Sodium-Ion_Battery_With_Severe_Gassing_Issue/Standard cycling/DOD100_0.5C0.5C_-10degC/CU_at_25degC/S2000FQ6K4_CU_at25degC_V00_4827.ird,DOD100_0.5C0.5C_-10degC,CU,S2000FQ6K4,0,4827,25,15.462,100.0,0.5,0.5,-10.0
/media/kabir/Research/Project/sodium battery /Data_Failure_Mode_and_Degradation_Analysis_of_a_Commercial_Sodium-Ion_Battery_With_Severe_Gassing_Issue/Standard cycling/DOD100_0.5C0.5C_-10degC/CU_at_25degC/S2000FQHB2_CU_at25degC_V00_4826.ird,DOD100_0.5C0.5C_-10degC,CU,S2000FQHB2,0,4826,25,15.481,100.0,0.5,0.5,-10.0
/media/kabir/Research/Project/sodium battery /Data_Failure_Mode_and_Degradation_Analysis_of_a_Commercial_Sodium-Ion_Battery_With_Severe_Gassing_Issue/Standard cycling/DOD100_0.5C0.5C_-10degC/CU_at_25degC/S2000FQHB2_CU_at25degC_V01_4886.ird,DOD100_0.5C0.5C_-10degC,CU,S2000FQHB2,1,4886,25,14.916,100.0,0.5,0.5,-10.0
/media/kabir/Research/Project/sodium battery /Data_Failure_Mode_and_Degradation_Analysis_of_a_Commercial_Sodium-Ion_Battery_With_Severe_Gassing_Issue/Standard cycling/DOD100_0.5C0.5C_-10degC/Cycling_Periods/S2000FOQ09_CU_at-10degC_V01_4850.ird,DOD100_0.5C0.5C_-10degC,CYC,S2000FOQ09,1,4850,-10,30.148,100.0,0.5,0.5,-10.0
/media/kabir/Research/Project/sodium battery /Data_Failure_Mode_and_Degradation_Analysis_of_a_Commercial_Sodium-Ion_Battery_With_Severe_Gassing_Issue/Standard cycling/DOD100_0.5C0.5C_-10degC/Cycling_Periods/S2000FQ6K4_CU_at-10degC_V01_4852.ird,DOD100_0.5C0.5C_-10degC,CYC,S2000FQ6K4,1,4852,-10,31.508,100.0,0.5,0.5,-10.0
/media/kabir/Research/Project/sodium battery /Data_Failure_Mode_and_Degradation_Analysis_of_a_Commercial_Sodium-Ion_Battery_With_Severe_Gassing_Issue/Standard cycling/DOD100_0.5C0.5C_-10degC/Cycling_Periods/S2000FQHB2_CU_at-10degC_V01_4851.ird,DOD100_0.5C0.5C_-10degC,CYC,S2000FQHB2,1,4851,-10,39.101,100.0,0.5,0.5,-10.0
/media/kabir/Research/Project/sodium battery /Data_Failure_Mode_and_Degradation_Analysis_of_a_Commercial_Sodium-Ion_Battery_With_Severe_Gassing_Issue/Standard cycling/DOD100_0.5C0.5C_50degC/CU_at_25degC/S2000FNPEL_CU_at25degC_V00_4839.ird,DOD100_0.5C0.5C_50degC,CU,S2000FNPEL,0,4839,25,15.348,100.0,0.5,0.5,50.0
/media/kabir/Research/Project/sodium battery /Data_Failure_Mode_and_Degradation_Analysis_of_a_Commercial_Sodium-Ion_Battery_With_Severe_Gassing_Issue/Standard cycling/DOD100_0.5C0.5C_50degC/CU_at_25degC/S2000FNPEL_CU_at25degC_V01_4882.ird,DOD100_0.5C0.5C_50degC,CU,S2000FNPEL,1,4882,25,15.537,100.0,0.5,0.5,50.0
/media/kabir/Research/Project/sodium battery /Data_Failure_Mode_and_Degradation_Analysis_of_a_Commercial_Sodium-Ion_Battery_With_Severe_Gassing_Issue/Standard cycling/DOD100_0.5C0.5C_50degC/CU_at_25degC/S2000FOMBK_CU_at25degC_V00_4837.ird,DOD100_0.5C0.5C_50degC,CU,S2000FOMBK,0,4837,25,15.449,100.0,0.5,0.5,50.0
/media/kabir/Research/Project/sodium battery /Data_Failure_Mode_and_Degradation_Analysis_of_a_Commercial_Sodium-Ion_Battery_With_Severe_Gassing_Issue/Standard cycling/DOD100_0.5C0.5C_50degC/CU_at_25degC/S2000FOMBK_CU_at25degC_V01_4884.ird,DOD100_0.5C0.5C_50degC,CU,S2000FOMBK,1,4884,25,15.189,100.0,0.5,0.5,50.0
/media/kabir/Research/Project/sodium battery /Data_Failure_Mode_and_Degradation_Analysis_of_a_Commercial_Sodium-Ion_Battery_With_Severe_Gassing_Issue/Standard cycling/DOD100_0.5C0.5C_50degC/CU_at_25degC/S2000FQJRF_CU_at25degC_V00_4838.ird,DOD100_0.5C0.5C_50degC,CU,S2000FQJRF,0,4838,25,15.476,100.0,0.5,0.5,50.0
/media/kabir/Research/Project/sodium battery /Data_Failure_Mode_and_Degradation_Analysis_of_a_Commercial_Sodium-Ion_Battery_With_Severe_Gassing_Issue/Standard cycling/DOD100_0.5C0.5C_50degC/CU_at_25degC/S2000FQJRF_CU_at25degC_V01_4890.ird,DOD100_0.5C0.5C_50degC,CU,S2000FQJRF,1,4890,25,15.526,100.0,0.5,0.5,50.0
/media/kabir/Research/Project/sodium battery /Data_Failure_Mode_and_Degradation_Analysis_of_a_Commercial_Sodium-Ion_Battery_With_Severe_Gassing_Issue/Standard cycling/DOD100_0.5C0.5C_50degC/Cycling_Periods/S2000FNPEL_CU_at50degC_V01_4866.ird,DOD100_0.5C0.5C_50degC,CYC,S2000FNPEL,1,4866,50,38.383,100.0,0.5,0.5,50.0
/media/kabir/Research/Project/sodium battery /Data_Failure_Mode_and_Degradation_Analysis_of_a_Commercial_Sodium-Ion_Battery_With_Severe_Gassing_Issue/Standard cycling/DOD100_0.5C0.5C_50degC/Cycling_Periods/S2000FOMBK_CU_at50degC_V01_4864.ird,DOD100_0.5C0.5C_50degC,CYC,S2000FOMBK,1,4864,50,38.355,100.0,0.5,0.5,50.0
/media/kabir/Research/Project/sodium battery /Data_Failure_Mode_and_Degradation_Analysis_of_a_Commercial_Sodium-Ion_Battery_With_Severe_Gassing_Issue/Standard cycling/DOD100_0.5C0.5C_50degC/Cycling_Periods/S2000FQJRF_CU_at50degC_V01_4865.ird,DOD100_0.5C0.5C_50degC,CYC,S2000FQJRF,1,4865,50,38.429,100.0,0.5,0.5,50.0
/media/kabir/Research/Project/sodium battery /Data_Failure_Mode_and_Degradation_Analysis_of_a_Commercial_Sodium-Ion_Battery_With_Severe_Gassing_Issue/Standard cycling/DOD100_1C1C_-10degC/CU_at_25degC/S2000FOSGS_CU_at25degC_V00_4836.ird,DOD100_1C1C_-10degC,CU,S2000FOSGS,0,4836,25,15.47,100.0,1.0,1.0,-10.0
/media/kabir/Research/Project/sodium battery /Data_Failure_Mode_and_Degradation_Analysis_of_a_Commercial_Sodium-Ion_Battery_With_Severe_Gassing_Issue/Standard cycling/DOD100_1C1C_-10degC/CU_at_25degC/S2000FPFHG_CU_at25degC_V00_4834.ird,DOD100_1C1C_-10degC,CU,S2000FPFHG,0,4834,25,15.38,100.0,1.0,1.0,-10.0
/media/kabir/Research/Project/sodium battery /Data_Failure_Mode_and_Degradation_Analysis_of_a_Commercial_Sodium-Ion_Battery_With_Severe_Gassing_Issue/Standard cycling/DOD100_1C1C_-10degC/CU_at_25degC/S2000FQW1T_CU_at25degC_V00_4835.ird,DOD100_1C1C_-10degC,CU,S2000FQW1T,0,4835,25,15.456,100.0,1.0,1.0,-10.0
/media/kabir/Research/Project/sodium battery /Data_Failure_Mode_and_Degradation_Analysis_of_a_Commercial_Sodium-Ion_Battery_With_Severe_Gassing_Issue/Standard cycling/DOD100_1C1C_-10degC/CU_at_25degC/S2000FQW1T_CU_at25degC_V01_4885.ird,DOD100_1C1C_-10degC,CU,S2000FQW1T,1,4885,25,15.296,100.0,1.0,1.0,-10.0
/media/kabir/Research/Project/sodium battery /Data_Failure_Mode_and_Degradation_Analysis_of_a_Commercial_Sodium-Ion_Battery_With_Severe_Gassing_Issue/Standard cycling/DOD100_1C1C_-10degC/Cycling_Periods/S2000FOSGS_CU_at-10degC_V01_4863.ird,DOD100_1C1C_-10degC,CYC,S2000FOSGS,1,4863,-10,10.644,100.0,1.0,1.0,-10.0
/media/kabir/Research/Project/sodium battery /Data_Failure_Mode_and_Degradation_Analysis_of_a_Commercial_Sodium-Ion_Battery_With_Severe_Gassing_Issue/Standard cycling/DOD100_1C1C_-10degC/Cycling_Periods/S2000FPFHG_CU_at-10degC_V01_4861.ird,DOD100_1C1C_-10degC,CYC,S2000FPFHG,1,4861,-10,14.733,100.0,1.0,1.0,-10.0
/media/kabir/Research/Project/sodium battery /Data_Failure_Mode_and_Degradation_Analysis_of_a_Commercial_Sodium-Ion_Battery_With_Severe_Gassing_Issue/Standard cycling/DOD100_1C1C_-10degC/Cycling_Periods/S2000FQW1T_CU_at-10degC_V01_4862.ird,DOD100_1C1C_-10degC,CYC,S2000FQW1T,1,4862,-10,44.15,100.0,1.0,1.0,-10.0
/media/kabir/Research/Project/sodium battery /Data_Failure_Mode_and_Degradation_Analysis_of_a_Commercial_Sodium-Ion_Battery_With_Severe_Gassing_Issue/Standard cycling/DOD100_1C1C_25degC/CU_at_25degC/S2000FM42G_CU_at25degC_V00_4905.ird,DOD100_1C1C_25degC,CU,S2000FM42G,0,4905,25,15.44,100.0,1.0,1.0,25.0
/media/kabir/Research/Project/sodium battery /Data_Failure_Mode_and_Degradation_Analysis_of_a_Commercial_Sodium-Ion_Battery_With_Severe_Gassing_Issue/Standard cycling/DOD100_1C1C_25degC/CU_at_25degC/S2000FM42G_CU_at25degC_V02_4985.ird,DOD100_1C1C_25degC,CU,S2000FM42G,2,4985,25,15.506,100.0,1.0,1.0,25.0
/media/kabir/Research/Project/sodium battery /Data_Failure_Mode_and_Degradation_Analysis_of_a_Commercial_Sodium-Ion_Battery_With_Severe_Gassing_Issue/Standard cycling/DOD100_1C1C_25degC/CU_at_25degC/S2000FM42G_CU_at25degC_V06_5145.ird,DOD100_1C1C_25degC,CU,S2000FM42G,6,5145,25,15.538,100.0,1.0,1.0,25.0
/media/kabir/Research/Project/sodium battery /Data_Failure_Mode_and_Degradation_Analysis_of_a_Commercial_Sodium-Ion_Battery_With_Severe_Gassing_Issue/Standard cycling/DOD100_1C1C_25degC/CU_at_25degC/S2000FM42G_CU_at25degC_V08_5217.ird,DOD100_1C1C_25degC,CU,S2000FM42G,8,5217,25,15.492,100.0,1.0,1.0,25.0
/media/kabir/Research/Project/sodium battery /Data_Failure_Mode_and_Degradation_Analysis_of_a_Commercial_Sodium-Ion_Battery_With_Severe_Gassing_Issue/Standard cycling/DOD100_1C1C_25degC/CU_at_25degC/S2000FM42G_CU_at25degC_V10_5270.ird,DOD100_1C1C_25degC,CU,S2000FM42G,10,5270,25,15.407,100.0,1.0,1.0,25.0
/media/kabir/Research/Project/sodium battery /Data_Failure_Mode_and_Degradation_Analysis_of_a_Commercial_Sodium-Ion_Battery_With_Severe_Gassing_Issue/Standard cycling/DOD100_1C1C_25degC/CU_at_25degC/S2000FM42G_CU_at25degC_V12_5333.ird,DOD100_1C1C_25degC,CU,S2000FM42G,12,5333,25,15.312,100.0,1.0,1.0,25.0
/media/kabir/Research/Project/sodium battery /Data_Failure_Mode_and_Degradation_Analysis_of_a_Commercial_Sodium-Ion_Battery_With_Severe_Gassing_Issue/Standard cycling/DOD100_1C1C_25degC/CU_at_25degC/S2000FM42G_CU_at25degC_V14_5385.ird,DOD100_1C1C_25degC,CU,S2000FM42G,14,5385,25,15.165,100.0,1.0,1.0,25.0
/media/kabir/Research/Project/sodium battery /Data_Failure_Mode_and_Degradation_Analysis_of_a_Commercial_Sodium-Ion_Battery_With_Severe_Gassing_Issue/Standard cycling/DOD100_1C1C_25degC/CU_at_25degC/S2000FM42G_CU_at25degC_V16_5419.ird,DOD100_1C1C_25degC,CU,S2000FM42G,16,5419,25,15.008,100.0,1.0,1.0,25.0
/media/kabir/Research/Project/sodium battery /Data_Failure_Mode_and_Degradation_Analysis_of_a_Commercial_Sodium-Ion_Battery_With_Severe_Gassing_Issue/Standard cycling/DOD100_1C1C_25degC/CU_at_25degC/S2000FNX7G_CU_at25degC_V00_4904.ird,DOD100_1C1C_25degC,CU,S2000FNX7G,0,4904,25,15.395,100.0,1.0,1.0,25.0
/media/kabir/Research/Project/sodium battery /Data_Failure_Mode_and_Degradation_Analysis_of_a_Commercial_Sodium-Ion_Battery_With_Severe_Gassing_Issue/Standard cycling/DOD100_1C1C_25degC/CU_at_25degC/S2000FNX7G_CU_at25degC_V02_4984.ird,DOD100_1C1C_25degC,CU,S2000FNX7G,2,4984,25,15.529,100.0,1.0,1.0,25.0
/media/kabir/Research/Project/sodium battery /Data_Failure_Mode_and_Degradation_Analysis_of_a_Commercial_Sodium-Ion_Battery_With_Severe_Gassing_Issue/Standard cycling/DOD100_1C1C_25degC/CU_at_25degC/S2000FNX7G_CU_at25degC_V04_5071.ird,DOD100_1C1C_25degC,CU,S2000FNX7G,4,5071,25,15.582,100.0,1.0,1.0,25.0
/media/kabir/Research/Project/sodium battery /Data_Failure_Mode_and_Degradation_Analysis_of_a_Commercial_Sodium-Ion_Battery_With_Severe_Gassing_Issue/Standard cycling/DOD100_1C1C_25degC/CU_at_25degC/S2000FNX7G_CU_at25degC_V06_5144.ird,DOD100_1C1C_25degC,CU,S2000FNX7G,6,5144,25,15.569,100.0,1.0,1.0,25.0
/media/kabir/Research/Project/sodium battery /Data_Failure_Mode_and_Degradation_Analysis_of_a_Commercial_Sodium-Ion_Battery_With_Severe_Gassing_Issue/Standard cycling/DOD100_1C1C_25degC/CU_at_25degC/S2000FNX7G_CU_at25degC_V08_5216.ird,DOD100_1C1C_25degC,CU,S2000FNX7G,8,5216,25,15.507,100.0,1.0,1.0,25.0
/media/kabir/Research/Project/sodium battery /Data_Failure_Mode_and_Degradation_Analysis_of_a_Commercial_Sodium-Ion_Battery_With_Severe_Gassing_Issue/Standard cycling/DOD100_1C1C_25degC/CU_at_25degC/S2000FNX7G_CU_at25degC_V10_5269.ird,DOD100_1C1C_25degC,CU,S2000FNX7G,10,5269,25,15.435,100.0,1.0,1.0,25.0
/media/kabir/Research/Project/sodium battery /Data_Failure_Mode_and_Degradation_Analysis_of_a_Commercial_Sodium-Ion_Battery_With_Severe_Gassing_Issue/Standard cycling/DOD100_1C1C_25degC/CU_at_25degC/S2000FNX7G_CU_at25degC_V12_5332.ird,DOD100_1C1C_25degC,CU,S2000FNX7G,12,5332,25,15.316,100.0,1.0,1.0,25.0
/media/kabir/Research/Project/sodium battery /Data_Failure_Mode_and_Degradation_Analysis_of_a_Commercial_Sodium-Ion_Battery_With_Severe_Gassing_Issue/Standard cycling/DOD100_1C1C_25degC/CU_at_25degC/S2000FNX7G_CU_at25degC_V14_5384.ird,DOD100_1C1C_25degC,CU,S2000FNX7G,14,5384,25,15.174,100.0,1.0,1.0,25.0
/media/kabir/Research/Project/sodium battery /Data_Failure_Mode_and_Degradation_Analysis_of_a_Commercial_Sodium-Ion_Battery_With_Severe_Gassing_Issue/Standard cycling/DOD100_1C1C_25degC/CU_at_25degC/S2000FNX7G_CU_at25degC_V16_5418.ird,DOD100_1C1C_25degC,CU,S2000FNX7G,16,5418,25,15.026,100.0,1.0,1.0,25.0
/media/kabir/Research/Project/sodium battery /Data_Failure_Mode_and_Degradation_Analysis_of_a_Commercial_Sodium-Ion_Battery_With_Severe_Gassing_Issue/Standard cycling/DOD100_1C1C_25degC/CU_at_25degC/S2000FQ0EW_CU_at25degC_V00_4906.ird,DOD100_1C1C_25degC,CU,S2000FQ0EW,0,4906,25,15.421,100.0,1.0,1.0,25.0
/media/kabir/Research/Project/sodium battery /Data_Failure_Mode_and_Degradation_Analysis_of_a_Commercial_Sodium-Ion_Battery_With_Severe_Gassing_Issue/Standard cycling/DOD100_1C1C_25degC/CU_at_25degC/S2000FQ0EW_CU_at25degC_V02_4986.ird,DOD100_1C1C_25degC,CU,S2000FQ0EW,2,4986,25,15.474,100.0,1.0,1.0,25.0
/media/kabir/Research/Project/sodium battery /Data_Failure_Mode_and_Degradation_Analysis_of_a_Commercial_Sodium-Ion_Battery_With_Severe_Gassing_Issue/Standard cycling/DOD100_1C1C_25degC/CU_at_25degC/S2000FQ0EW_CU_at25degC_V04_5073.ird,DOD100_1C1C_25degC,CU,S2000FQ0EW,4,5073,25,15.532,100.0,1.0,1.0,25.0
/media/kabir/Research/Project/sodium battery /Data_Failure_Mode_and_Degradation_Analysis_of_a_Commercial_Sodium-Ion_Battery_With_Severe_Gassing_Issue/Standard cycling/DOD100_1C1C_25degC/CU_at_25degC/S2000FQ0EW_CU_at25degC_V06_5146.ird,DOD100_1C1C_25degC,CU,S2000FQ0EW,6,5146,25,15.496,100.0,1.0,1.0,25.0
/media/kabir/Research/Project/sodium battery /Data_Failure_Mode_and_Degradation_Analysis_of_a_Commercial_Sodium-Ion_Battery_With_Severe_Gassing_Issue/Standard cycling/DOD100_1C1C_25degC/CU_at_25degC/S2000FQ0EW_CU_at25degC_V08_5218.ird,DOD100_1C1C_25degC,CU,S2000FQ0EW,8,5218,25,15.459,100.0,1.0,1.0,25.0
/media/kabir/Research/Project/sodium battery /Data_Failure_Mode_and_Degradation_Analysis_of_a_Commercial_Sodium-Ion_Battery_With_Severe_Gassing_Issue/Standard cycling/DOD100_1C1C_25degC/CU_at_25degC/S2000FQ0EW_CU_at25degC_V10_5271.ird,DOD100_1C1C_25degC,CU,S2000FQ0EW,10,5271,25,15.375,100.0,1.0,1.0,25.0
/media/kabir/Research/Project/sodium battery /Data_Failure_Mode_and_Degradation_Analysis_of_a_Commercial_Sodium-Ion_Battery_With_Severe_Gassing_Issue/Standard cycling/DOD100_1C1C_25degC/CU_at_25degC/S2000FQ0EW_CU_at25degC_V12_5334.ird,DOD100_1C1C_25degC,CU,S2000FQ0EW,12,5334,25,15.283,100.0,1.0,1.0,25.0
/media/kabir/Research/Project/sodium battery /Data_Failure_Mode_and_Degradation_Analysis_of_a_Commercial_Sodium-Ion_Battery_With_Severe_Gassing_Issue/Standard cycling/DOD100_1C1C_25degC/CU_at_25degC/S2000FQ0EW_CU_at25degC_V14_5386.ird,DOD100_1C1C_25degC,CU,S2000FQ0EW,14,5386,25,15.152,100.0,1.0,1.0,25.0
/media/kabir/Research/Project/sodium battery /Data_Failure_Mode_and_Degradation_Analysis_of_a_Commercial_Sodium-Ion_Battery_With_Severe_Gassing_Issue/Standard cycling/DOD100_1C1C_25degC/CU_at_25degC/S2000FQ0EW_CU_at25degC_V16_5420.ird,DOD100_1C1C_25degC,CU,S2000FQ0EW,16,5420,25,14.999,100.0,1.0,1.0,25.0
/media/kabir/Research/Project/sodium battery /Data_Failure_Mode_and_Degradation_Analysis_of_a_Commercial_Sodium-Ion_Battery_With_Severe_Gassing_Issue/Standard cycling/DOD100_1C1C_25degC/Cycling_Periods/S2000FM42G_CYC_at25degC_V01_4930.ird,DOD100_1C1C_25degC,CYC,S2000FM42G,1,4930,25,16.574,100.0,1.0,1.0,25.0
/media/kabir/Research/Project/sodium battery /Data_Failure_Mode_and_Degradation_Analysis_of_a_Commercial_Sodium-Ion_Battery_With_Severe_Gassing_Issue/Standard cycling/DOD100_1C1C_25degC/Cycling_Periods/S2000FM42G_CYC_at25degC_V03_5008.ird,DOD100_1C1C_25degC,CYC,S2000FM42G,3,5008,25,16.637,100.0,1.0,1.0,25.0
/media/kabir/Research/Project/sodium battery /Data_Failure_Mode_and_Degradation_Analysis_of_a_Commercial_Sodium-Ion_Battery_With_Severe_Gassing_Issue/Standard cycling/DOD100_1C1C_25degC/Cycling_Periods/S2000FM42G_CYC_at25degC_V04_5072.ird,DOD100_1C1C_25degC,CYC,S2000FM42G,4,5072,25,15.571,100.0,1.0,1.0,25.0
/media/kabir/Research/Project/sodium battery /Data_Failure_Mode_and_Degradation_Analysis_of_a_Commercial_Sodium-Ion_Battery_With_Severe_Gassing_Issue/Standard cycling/DOD100_1C1C_25degC/Cycling_Periods/S2000FM42G_CYC_at25degC_V05_5090.ird,DOD100_1C1C_25degC,CYC,S2000FM42G,5,5090,25,16.804,100.0,1.0,1.0,25.0
/media/kabir/Research/Project/sodium battery /Data_Failure_Mode_and_Degradation_Analysis_of_a_Commercial_Sodium-Ion_Battery_With_Severe_Gassing_Issue/Standard cycling/DOD100_1C1C_25degC/Cycling_Periods/S2000FM42G_CYC_at25degC_V07_5158.ird,DOD100_1C1C_25degC,CYC,S2000FM42G,7,5158,25,16.867,100.0,1.0,1.0,25.0
/media/kabir/Research/Project/sodium battery /Data_Failure_Mode_and_Degradation_Analysis_of_a_Commercial_Sodium-Ion_Battery_With_Severe_Gassing_Issue/Standard cycling/DOD100_1C1C_25degC/Cycling_Periods/S2000FM42G_CYC_at25degC_V09_5234.ird,DOD100_1C1C_25degC,CYC,S2000FM42G,9,5234,25,17.206,100.0,1.0,1.0,25.0
/media/kabir/Research/Project/sodium battery /Data_Failure_Mode_and_Degradation_Analysis_of_a_Commercial_Sodium-Ion_Battery_With_Severe_Gassing_Issue/Standard cycling/DOD100_1C1C_25degC/Cycling_Periods/S2000FM42G_CYC_at25degC_V11_5288.ird,DOD100_1C1C_25degC,CYC,S2000FM42G,11,5288,25,17.449,100.0,1.0,1.0,25.0
/media/kabir/Research/Project/sodium battery /Data_Failure_Mode_and_Degradation_Analysis_of_a_Commercial_Sodium-Ion_Battery_With_Severe_Gassing_Issue/Standard cycling/DOD100_1C1C_25degC/Cycling_Periods/S2000FM42G_CYC_at25degC_V13_5348.ird,DOD100_1C1C_25degC,CYC,S2000FM42G,13,5348,25,17.856,100.0,1.0,1.0,25.0
/media/kabir/Research/Project/sodium battery /Data_Failure_Mode_and_Degradation_Analysis_of_a_Commercial_Sodium-Ion_Battery_With_Severe_Gassing_Issue/Standard cycling/DOD100_1C1C_25degC/Cycling_Periods/S2000FM42G_CYC_at25degC_V15_5396.ird,DOD100_1C1C_25degC,CYC,S2000FM42G,15,5396,25,18.194,100.0,1.0,1.0,25.0
/media/kabir/Research/Project/sodium battery /Data_Failure_Mode_and_Degradation_Analysis_of_a_Commercial_Sodium-Ion_Battery_With_Severe_Gassing_Issue/Standard cycling/DOD100_1C1C_25degC/Cycling_Periods/S2000FNX7G_CYC_at25degC_V01_4929.ird,DOD100_1C1C_25degC,CYC,S2000FNX7G,1,4929,25,16.578,100.0,1.0,1.0,25.0
/media/kabir/Research/Project/sodium battery /Data_Failure_Mode_and_Degradation_Analysis_of_a_Commercial_Sodium-Ion_Battery_With_Severe_Gassing_Issue/Standard cycling/DOD100_1C1C_25degC/Cycling_Periods/S2000FNX7G_CYC_at25degC_V03_5005.ird,DOD100_1C1C_25degC,CYC,S2000FNX7G,3,5005,25,16.653,100.0,1.0,1.0,25.0
/media/kabir/Research/Project/sodium battery /Data_Failure_Mode_and_Degradation_Analysis_of_a_Commercial_Sodium-Ion_Battery_With_Severe_Gassing_Issue/Standard cycling/DOD100_1C1C_25degC/Cycling_Periods/S2000FNX7G_CYC_at25degC_V05_5089.ird,DOD100_1C1C_25degC,CYC,S2000FNX7G,5,5089,25,16.838,100.0,1.0,1.0,25.0
/media/kabir/Research/Project/sodium battery /Data_Failure_Mode_and_Degradation_Analysis_of_a_Commercial_Sodium-Ion_Battery_With_Severe_Gassing_Issue/Standard cycling/DOD100_1C1C_25degC/Cycling_Periods/S2000FNX7G_CYC_at25degC_V07_5157.ird,DOD100_1C1C_25degC,CYC,S2000FNX7G,7,5157,25,16.917,100.0,1.0,1.0,25.0
/media/kabir/Research/Project/sodium battery /Data_Failure_Mode_and_Degradation_Analysis_of_a_Commercial_Sodium-Ion_Battery_With_Severe_Gassing_Issue/Standard cycling/DOD100_1C1C_25degC/Cycling_Periods/S2000FNX7G_CYC_at25degC_V09_5233.ird,DOD100_1C1C_25degC,CYC,S2000FNX7G,9,5233,25,17.269,100.0,1.0,1.0,25.0
/media/kabir/Research/Project/sodium battery /Data_Failure_Mode_and_Degradation_Analysis_of_a_Commercial_Sodium-Ion_Battery_With_Severe_Gassing_Issue/Standard cycling/DOD100_1C1C_25degC/Cycling_Periods/S2000FNX7G_CYC_at25degC_V11_5287.ird,DOD100_1C1C_25degC,CYC,S2000FNX7G,11,5287,25,17.523,100.0,1.0,1.0,25.0
/media/kabir/Research/Project/sodium battery /Data_Failure_Mode_and_Degradation_Analysis_of_a_Commercial_Sodium-Ion_Battery_With_Severe_Gassing_Issue/Standard cycling/DOD100_1C1C_25degC/Cycling_Periods/S2000FNX7G_CYC_at25degC_V13_5347.ird,DOD100_1C1C_25degC,CYC,S2000FNX7G,13,5347,25,17.909,100.0,1.0,1.0,25.0
/media/kabir/Research/Project/sodium battery /Data_Failure_Mode_and_Degradation_Analysis_of_a_Commercial_Sodium-Ion_Battery_With_Severe_Gassing_Issue/Standard cycling/DOD100_1C1C_25degC/Cycling_Periods/S2000FNX7G_CYC_at25degC_V15_5395.ird,DOD100_1C1C_25degC,CYC,S2000FNX7G,15,5395,25,18.245,100.0,1.0,1.0,25.0
/media/kabir/Research/Project/sodium battery /Data_Failure_Mode_and_Degradation_Analysis_of_a_Commercial_Sodium-Ion_Battery_With_Severe_Gassing_Issue/Standard cycling/DOD100_1C1C_25degC/Cycling_Periods/S2000FQ0EW_CYC_at25degC_V01_4931.ird,DOD100_1C1C_25degC,CYC,S2000FQ0EW,1,4931,25,16.563,100.0,1.0,1.0,25.0
/media/kabir/Research/Project/sodium battery /Data_Failure_Mode_and_Degradation_Analysis_of_a_Commercial_Sodium-Ion_Battery_With_Severe_Gassing_Issue/Standard cycling/DOD100_1C1C_25degC/Cycling_Periods/S2000FQ0EW_CYC_at25degC_V03_5007.ird,DOD100_1C1C_25degC,CYC,S2000FQ0EW,3,5007,25,16.635,100.0,1.0,1.0,25.0
/media/kabir/Research/Project/sodium battery /Data_Failure_Mode_and_Degradation_Analysis_of_a_Commercial_Sodium-Ion_Battery_With_Severe_Gassing_Issue/Standard cycling/DOD100_1C1C_25degC/Cycling_Periods/S2000FQ0EW_CYC_at25degC_V05_5091.ird,DOD100_1C1C_25degC,CYC,S2000FQ0EW,5,5091,25,16.791,100.0,1.0,1.0,25.0
/media/kabir/Research/Project/sodium battery /Data_Failure_Mode_and_Degradation_Analysis_of_a_Commercial_Sodium-Ion_Battery_With_Severe_Gassing_Issue/Standard cycling/DOD100_1C1C_25degC/Cycling_Periods/S2000FQ0EW_CYC_at25degC_V07_5160.ird,DOD100_1C1C_25degC,CYC,S2000FQ0EW,7,5160,25,16.821,100.0,1.0,1.0,25.0
/media/kabir/Research/Project/sodium battery /Data_Failure_Mode_and_Degradation_Analysis_of_a_Commercial_Sodium-Ion_Battery_With_Severe_Gassing_Issue/Standard cycling/DOD100_1C1C_25degC/Cycling_Periods/S2000FQ0EW_CYC_at25degC_V09_5235.ird,DOD100_1C1C_25degC,CYC,S2000FQ0EW,9,5235,25,17.102,100.0,1.0,1.0,25.0
/media/kabir/Research/Project/sodium battery /Data_Failure_Mode_and_Degradation_Analysis_of_a_Commercial_Sodium-Ion_Battery_With_Severe_Gassing_Issue/Standard cycling/DOD100_1C1C_25degC/Cycling_Periods/S2000FQ0EW_CYC_at25degC_V11_5289.ird,DOD100_1C1C_25degC,CYC,S2000FQ0EW,11,5289,25,17.291,100.0,1.0,1.0,25.0
/media/kabir/Research/Project/sodium battery /Data_Failure_Mode_and_Degradation_Analysis_of_a_Commercial_Sodium-Ion_Battery_With_Severe_Gassing_Issue/Standard cycling/DOD100_1C1C_25degC/Cycling_Periods/S2000FQ0EW_CYC_at25degC_V13_5349.ird,DOD100_1C1C_25degC,CYC,S2000FQ0EW,13,5349,25,17.641,100.0,1.0,1.0,25.0
/media/kabir/Research/Project/sodium battery /Data_Failure_Mode_and_Degradation_Analysis_of_a_Commercial_Sodium-Ion_Battery_With_Severe_Gassing_Issue/Standard cycling/DOD100_1C1C_25degC/Cycling_Periods/S2000FQ0EW_CYC_at25degC_V15_5397.ird,DOD100_1C1C_25degC,CYC,S2000FQ0EW,15,5397,25,17.948,100.0,1.0,1.0,25.0
/media/kabir/Research/Project/sodium battery /Data_Failure_Mode_and_Degradation_Analysis_of_a_Commercial_Sodium-Ion_Battery_With_Severe_Gassing_Issue/Standard cycling/DOD100_1C1C_40degC/CU_at_25degC/S2000FMK8H_CU_at25degC_V00_4917.ird,DOD100_1C1C_40degC,CU,S2000FMK8H,0,4917,25,15.471,100.0,1.0,1.0,40.0
/media/kabir/Research/Project/sodium battery /Data_Failure_Mode_and_Degradation_Analysis_of_a_Commercial_Sodium-Ion_Battery_With_Severe_Gassing_Issue/Standard cycling/DOD100_1C1C_40degC/CU_at_25degC/S2000FMK8H_CU_at25degC_V02_5015.ird,DOD100_1C1C_40degC,CU,S2000FMK8H,2,5015,25,15.507,100.0,1.0,1.0,40.0
/media/kabir/Research/Project/sodium battery /Data_Failure_Mode_and_Degradation_Analysis_of_a_Commercial_Sodium-Ion_Battery_With_Severe_Gassing_Issue/Standard cycling/DOD100_1C1C_40degC/CU_at_25degC/S2000FMK8H_CU_at25degC_V04_5098.ird,DOD100_1C1C_40degC,CU,S2000FMK8H,4,5098,25,15.296,100.0,1.0,1.0,40.0
/media/kabir/Research/Project/sodium battery /Data_Failure_Mode_and_Degradation_Analysis_of_a_Commercial_Sodium-Ion_Battery_With_Severe_Gassing_Issue/Standard cycling/DOD100_1C1C_40degC/CU_at_25degC/S2000FMK8H_CU_at25degC_V06_5182.ird,DOD100_1C1C_40degC,CU,S2000FMK8H,6,5182,25,15.318,100.0,1.0,1.0,40.0
/media/kabir/Research/Project/sodium battery /Data_Failure_Mode_and_Degradation_Analysis_of_a_Commercial_Sodium-Ion_Battery_With_Severe_Gassing_Issue/Standard cycling/DOD100_1C1C_40degC/CU_at_25degC/S2000FMK8H_CU_at25degC_V08_5255.ird,DOD100_1C1C_40degC,CU,S2000FMK8H,8,5255,25,15.021,100.0,1.0,1.0,40.0
/media/kabir/Research/Project/sodium battery /Data_Failure_Mode_and_Degradation_Analysis_of_a_Commercial_Sodium-Ion_Battery_With_Severe_Gassing_Issue/Standard cycling/DOD100_1C1C_40degC/CU_at_25degC/S2000FMUJX_CU_at25degC_V00_4919.ird,DOD100_1C1C_40degC,CU,S2000FMUJX,0,4919,25,15.469,100.0,1.0,1.0,40.0
/media/kabir/Research/Project/sodium battery /Data_Failure_Mode_and_Degradation_Analysis_of_a_Commercial_Sodium-Ion_Battery_With_Severe_Gassing_Issue/Standard cycling/DOD100_1C1C_40degC/CU_at_25degC/S2000FMUJX_CU_at25degC_V02_5017.ird,DOD100_1C1C_40degC,CU,S2000FMUJX,2,5017,25,15.503,100.0,1.0,1.0,40.0
/media/kabir/Research/Project/sodium battery /Data_Failure_Mode_and_Degradation_Analysis_of_a_Commercial_Sodium-Ion_Battery_With_Severe_Gassing_Issue/Standard cycling/DOD100_1C1C_40degC/CU_at_25degC/S2000FMUJX_CU_at25degC_V04_5101.ird,DOD100_1C1C_40degC,CU,S2000FMUJX,4,5101,25,15.287,100.0,1.0,1.0,40.0
/media/kabir/Research/Project/sodium battery /Data_Failure_Mode_and_Degradation_Analysis_of_a_Commercial_Sodium-Ion_Battery_With_Severe_Gassing_Issue/Standard cycling/DOD100_1C1C_40degC/CU_at_25degC/S2000FMUJX_CU_at25degC_V06_5184.ird,DOD100_1C1C_40degC,CU,S2000FMUJX,6,5184,25,15.215,100.0,1.0,1.0,40.0
/media/kabir/Research/Project/sodium battery /Data_Failure_Mode_and_Degradation_Analysis_of_a_Commercial_Sodium-Ion_Battery_With_Severe_Gassing_Issue/Standard cycling/DOD100_1C1C_40degC/CU_at_25degC/S2000FMUJX_CU_at25degC_V08_5257.ird,DOD100_1C1C_40degC,CU,S2000FMUJX,8,5257,25,14.893,100.0,1.0,1.0,40.0
/media/kabir/Research/Project/sodium battery /Data_Failure_Mode_and_Degradation_Analysis_of_a_Commercial_Sodium-Ion_Battery_With_Severe_Gassing_Issue/Standard cycling/DOD100_1C1C_40degC/CU_at_25degC/S2000FNA0F_CU_at25degC_V00_4918.ird,DOD100_1C1C_40degC,CU,S2000FNA0F,0,4918,25,15.426,100.0,1.0,1.0,40.0
/media/kabir/Research/Project/sodium battery /Data_Failure_Mode_and_Degradation_Analysis_of_a_Commercial_Sodium-Ion_Battery_With_Severe_Gassing_Issue/Standard cycling/DOD100_1C1C_40degC/CU_at_25degC/S2000FNA0F_CU_at25degC_V02_5016.ird,DOD100_1C1C_40degC,CU,S2000FNA0F,2,5016,25,15.509,100.0,1.0,1.0,40.0
/media/kabir/Research/Project/sodium battery /Data_Failure_Mode_and_Degradation_Analysis_of_a_Commercial_Sodium-Ion_Battery_With_Severe_Gassing_Issue/Standard cycling/DOD100_1C1C_40degC/CU_at_25degC/S2000FNA0F_CU_at25degC_V04_5100.ird,DOD100_1C1C_40degC,CU,S2000FNA0F,4,5100,25,15.441,100.0,1.0,1.0,40.0
/media/kabir/Research/Project/sodium battery /Data_Failure_Mode_and_Degradation_Analysis_of_a_Commercial_Sodium-Ion_Battery_With_Severe_Gassing_Issue/Standard cycling/DOD100_1C1C_40degC/CU_at_25degC/S2000FNA0F_CU_at25degC_V06_5183.ird,DOD100_1C1C_40degC,CU,S2000FNA0F,6,5183,25,15.292,100.0,1.0,1.0,40.0
/media/kabir/Research/Project/sodium battery /Data_Failure_Mode_and_Degradation_Analysis_of_a_Commercial_Sodium-Ion_Battery_With_Severe_Gassing_Issue/Standard cycling/DOD100_1C1C_40degC/CU_at_25degC/S2000FNA0F_CU_at25degC_V08_5256.ird,DOD100_1C1C_40degC,CU,S2000FNA0F,8,5256,25,15.061,100.0,1.0,1.0,40.0
/media/kabir/Research/Project/sodium battery /Data_Failure_Mode_and_Degradation_Analysis_of_a_Commercial_Sodium-Ion_Battery_With_Severe_Gassing_Issue/Standard cycling/DOD100_1C1C_40degC/Cycling_Periods/S2000FMK8H_CYC_at40degC_V01_4944.ird,DOD100_1C1C_40degC,CYC,S2000FMK8H,1,4944,40,16.639,100.0,1.0,1.0,40.0
/media/kabir/Research/Project/sodium battery /Data_Failure_Mode_and_Degradation_Analysis_of_a_Commercial_Sodium-Ion_Battery_With_Severe_Gassing_Issue/Standard cycling/DOD100_1C1C_40degC/Cycling_Periods/S2000FMK8H_CYC_at40degC_V03_5018.ird,DOD100_1C1C_40degC,CYC,S2000FMK8H,3,5018,40,16.611,100.0,1.0,1.0,40.0
/media/kabir/Research/Project/sodium battery /Data_Failure_Mode_and_Degradation_Analysis_of_a_Commercial_Sodium-Ion_Battery_With_Severe_Gassing_Issue/Standard cycling/DOD100_1C1C_40degC/Cycling_Periods/S2000FMK8H_CYC_at40degC_V05_5117.ird,DOD100_1C1C_40degC,CYC,S2000FMK8H,5,5117,40,16.926,100.0,1.0,1.0,40.0
/media/kabir/Research/Project/sodium battery /Data_Failure_Mode_and_Degradation_Analysis_of_a_Commercial_Sodium-Ion_Battery_With_Severe_Gassing_Issue/Standard cycling/DOD100_1C1C_40degC/Cycling_Periods/S2000FMK8H_CYC_at40degC_V07_5191.ird,DOD100_1C1C_40degC,CYC,S2000FMK8H,7,5191,40,17.433,100.0,1.0,1.0,40.0
/media/kabir/Research/Project/sodium battery /Data_Failure_Mode_and_Degradation_Analysis_of_a_Commercial_Sodium-Ion_Battery_With_Severe_Gassing_Issue/Standard cycling/DOD100_1C1C_40degC/Cycling_Periods/S2000FMK8H_CYC_at40degC_V09_5278.ird,DOD100_1C1C_40degC,CYC,S2000FMK8H,9,5278,40,0.025,100.0,1.0,1.0,40.0
/media/kabir/Research/Project/sodium battery /Data_Failure_Mode_and_Degradation_Analysis_of_a_Commercial_Sodium-Ion_Battery_With_Severe_Gassing_Issue/Standard cycling/DOD100_1C1C_40degC/Cycling_Periods/S2000FMUJX_CYC_at40degC_V01_4946.ird,DOD100_1C1C_40degC,CYC,S2000FMUJX,1,4946,40,16.591,100.0,1.0,1.0,40.0
/media/kabir/Research/Project/sodium battery /Data_Failure_Mode_and_Degradation_Analysis_of_a_Commercial_Sodium-Ion_Battery_With_Severe_Gassing_Issue/Standard cycling/DOD100_1C1C_40degC/Cycling_Periods/S2000FMUJX_CYC_at40degC_V03_5020.ird,DOD100_1C1C_40degC,CYC,S2000FMUJX,3,5020,40,16.613,100.0,1.0,1.0,40.0
/media/kabir/Research/Project/sodium battery /Data_Failure_Mode_and_Degradation_Analysis_of_a_Commercial_Sodium-Ion_Battery_With_Severe_Gassing_Issue/Standard cycling/DOD100_1C1C_40degC/Cycling_Periods/S2000FMUJX_CYC_at40degC_V05_5119.ird,DOD100_1C1C_40degC,CYC,S2000FMUJX,5,5119,40,16.883,100.0,1.0,1.0,40.0
/media/kabir/Research/Project/sodium battery /Data_Failure_Mode_and_Degradation_Analysis_of_a_Commercial_Sodium-Ion_Battery_With_Severe_Gassing_Issue/Standard cycling/DOD100_1C1C_40degC/Cycling_Periods/S2000FMUJX_CYC_at40degC_V07_5193.ird,DOD100_1C1C_40degC,CYC,S2000FMUJX,7,5193,40,17.375,100.0,1.0,1.0,40.0
/media/kabir/Research/Project/sodium battery /Data_Failure_Mode_and_Degradation_Analysis_of_a_Commercial_Sodium-Ion_Battery_With_Severe_Gassing_Issue/Standard cycling/DOD100_1C1C_40degC/Cycling_Periods/S2000FMUJX_CYC_at40degC_V09_5280.ird,DOD100_1C1C_40degC,CYC,S2000FMUJX,9,5280,40,0.058,100.0,1.0,1.0,40.0
/media/kabir/Research/Project/sodium battery /Data_Failure_Mode_and_Degradation_Analysis_of_a_Commercial_Sodium-Ion_Battery_With_Severe_Gassing_Issue/Standard cycling/DOD100_1C1C_40degC/Cycling_Periods/S2000FNA0F_CYC_at40degC_V01_4945.ird,DOD100_1C1C_40degC,CYC,S2000FNA0F,1,4945,40,16.554,100.0,1.0,1.0,40.0
/media/kabir/Research/Project/sodium battery /Data_Failure_Mode_and_Degradation_Analysis_of_a_Commercial_Sodium-Ion_Battery_With_Severe_Gassing_Issue/Standard cycling/DOD100_1C1C_40degC/Cycling_Periods/S2000FNA0F_CYC_at40degC_V03_5019.ird,DOD100_1C1C_40degC,CYC,S2000FNA0F,3,5019,40,16.588,100.0,1.0,1.0,40.0
/media/kabir/Research/Project/sodium battery /Data_Failure_Mode_and_Degradation_Analysis_of_a_Commercial_Sodium-Ion_Battery_With_Severe_Gassing_Issue/Standard cycling/DOD100_1C1C_40degC/Cycling_Periods/S2000FNA0F_CYC_at40degC_V05_5118.ird,DOD100_1C1C_40degC,CYC,S2000FNA0F,5,5118,40,16.896,100.0,1.0,1.0,40.0
/media/kabir/Research/Project/sodium battery /Data_Failure_Mode_and_Degradation_Analysis_of_a_Commercial_Sodium-Ion_Battery_With_Severe_Gassing_Issue/Standard cycling/DOD100_1C1C_40degC/Cycling_Periods/S2000FNA0F_CYC_at40degC_V07_5192.ird,DOD100_1C1C_40degC,CYC,S2000FNA0F,7,5192,40,17.359,100.0,1.0,1.0,40.0
/media/kabir/Research/Project/sodium battery /Data_Failure_Mode_and_Degradation_Analysis_of_a_Commercial_Sodium-Ion_Battery_With_Severe_Gassing_Issue/Standard cycling/DOD100_1C1C_40degC/Cycling_Periods/S2000FNA0F_CYC_at40degC_V09_5279.ird,DOD100_1C1C_40degC,CYC,S2000FNA0F,9,5279,40,15.388,100.0,1.0,1.0,40.0
/media/kabir/Research/Project/sodium battery /Data_Failure_Mode_and_Degradation_Analysis_of_a_Commercial_Sodium-Ion_Battery_With_Severe_Gassing_Issue/Standard cycling/DOD100_1C1C_50degC/CU_at_25degC/S2000EPLM8_CU_at25degC_V00_4841.ird,DOD100_1C1C_50degC,CU,S2000EPLM8,0,4841,25,15.408,100.0,1.0,1.0,50.0
/media/kabir/Research/Project/sodium battery /Data_Failure_Mode_and_Degradation_Analysis_of_a_Commercial_Sodium-Ion_Battery_With_Severe_Gassing_Issue/Standard cycling/DOD100_1C1C_50degC/CU_at_25degC/S2000EPLM8_CU_at25degC_V01_4887.ird,DOD100_1C1C_50degC,CU,S2000EPLM8,1,4887,25,15.756,100.0,1.0,1.0,50.0
/media/kabir/Research/Project/sodium battery /Data_Failure_Mode_and_Degradation_Analysis_of_a_Commercial_Sodium-Ion_Battery_With_Severe_Gassing_Issue/Standard cycling/DOD100_1C1C_50degC/CU_at_25degC/S2000FNILQ_CU_at25degC_V00_4842.ird,DOD100_1C1C_50degC,CU,S2000FNILQ,0,4842,25,15.445,100.0,1.0,1.0,50.0
/media/kabir/Research/Project/sodium battery /Data_Failure_Mode_and_Degradation_Analysis_of_a_Commercial_Sodium-Ion_Battery_With_Severe_Gassing_Issue/Standard cycling/DOD100_1C1C_50degC/CU_at_25degC/S2000FOOS5_CU_at25degC_V00_4840.ird,DOD100_1C1C_50degC,CU,S2000FOOS5,0,4840,25,15.385,100.0,1.0,1.0,50.0
/media/kabir/Research/Project/sodium battery /Data_Failure_Mode_and_Degradation_Analysis_of_a_Commercial_Sodium-Ion_Battery_With_Severe_Gassing_Issue/Standard cycling/DOD100_1C1C_50degC/CU_at_25degC/S2000FOOS5_CU_at25degC_V01_4888.ird,DOD100_1C1C_50degC,CU,S2000FOOS5,1,4888,25,14.835,100.0,1.0,1.0,50.0
/media/kabir/Research/Project/sodium battery /Data_Failure_Mode_and_Degradation_Analysis_of_a_Commercial_Sodium-Ion_Battery_With_Severe_Gassing_Issue/Standard cycling/DOD100_1C1C_50degC/Cycling_Periods/S2000EPLM8_CU_at50degC_V01_4868.ird,DOD100_1C1C_50degC,CYC,S2000EPLM8,1,4868,50,44.418,100.0,1.0,1.0,50.0
/media/kabir/Research/Project/sodium battery /Data_Failure_Mode_and_Degradation_Analysis_of_a_Commercial_Sodium-Ion_Battery_With_Severe_Gassing_Issue/Standard cycling/DOD100_1C1C_50degC/Cycling_Periods/S2000FNILQ_CU_at50degC_V01_4869.ird,DOD100_1C1C_50degC,CYC,S2000FNILQ,1,4869,50,42.265,100.0,1.0,1.0,50.0
/media/kabir/Research/Project/sodium battery /Data_Failure_Mode_and_Degradation_Analysis_of_a_Commercial_Sodium-Ion_Battery_With_Severe_Gassing_Issue/Standard cycling/DOD100_1C1C_50degC/Cycling_Periods/S2000FOOS5_CU_at50degC_V01_4867.ird,DOD100_1C1C_50degC,CYC,S2000FOOS5,1,4867,50,44.202,100.0,1.0,1.0,50.0
/media/kabir/Research/Project/sodium battery /Data_Failure_Mode_and_Degradation_Analysis_of_a_Commercial_Sodium-Ion_Battery_With_Severe_Gassing_Issue/Standard cycling/DOD100_2C2C_-10degC/CU_at_25degC/S2000FP452_CU_at25degC_V00_4831.ird,DOD100_2C2C_-10degC,CU,S2000FP452,0,4831,25,15.389,100.0,2.0,2.0,-10.0
/media/kabir/Research/Project/sodium battery /Data_Failure_Mode_and_Degradation_Analysis_of_a_Commercial_Sodium-Ion_Battery_With_Severe_Gassing_Issue/Standard cycling/DOD100_2C2C_-10degC/CU_at_25degC/S2000FP452_CU_at25degC_V01_4879.ird,DOD100_2C2C_-10degC,CU,S2000FP452,1,4879,25,14.994,100.0,2.0,2.0,-10.0
/media/kabir/Research/Project/sodium battery /Data_Failure_Mode_and_Degradation_Analysis_of_a_Commercial_Sodium-Ion_Battery_With_Severe_Gassing_Issue/Standard cycling/DOD100_2C2C_-10degC/CU_at_25degC/S2000FQ87T_CU_at25degC_V00_4833.ird,DOD100_2C2C_-10degC,CU,S2000FQ87T,0,4833,25,15.411,100.0,2.0,2.0,-10.0
/media/kabir/Research/Project/sodium battery /Data_Failure_Mode_and_Degradation_Analysis_of_a_Commercial_Sodium-Ion_Battery_With_Severe_Gassing_Issue/Standard cycling/DOD100_2C2C_-10degC/CU_at_25degC/S2000FR213_CU_at25degC_V00_4832.ird,DOD100_2C2C_-10degC,CU,S2000FR213,0,4832,25,15.509,100.0,2.0,2.0,-10.0
/media/kabir/Research/Project/sodium battery /Data_Failure_Mode_and_Degradation_Analysis_of_a_Commercial_Sodium-Ion_Battery_With_Severe_Gassing_Issue/Standard cycling/DOD100_2C2C_-10degC/CU_at_25degC/S2000FR213_CU_at25degC_V01_4883.ird,DOD100_2C2C_-10degC,CU,S2000FR213,1,4883,25,15.207,100.0,2.0,2.0,-10.0
/media/kabir/Research/Project/sodium battery /Data_Failure_Mode_and_Degradation_Analysis_of_a_Commercial_Sodium-Ion_Battery_With_Severe_Gassing_Issue/Standard cycling/DOD100_2C2C_-10degC/Cycling_Periods/S2000FP452_CU_at-10degC_V01_4860.ird,DOD100_2C2C_-10degC,CYC,S2000FP452,1,4860,-10,0.0,100.0,2.0,2.0,-10.0
/media/kabir/Research/Project/sodium battery /Data_Failure_Mode_and_Degradation_Analysis_of_a_Commercial_Sodium-Ion_Battery_With_Severe_Gassing_Issue/Standard cycling/DOD100_2C2C_-10degC/Cycling_Periods/S2000FQ87T_CU_at-10degC_V01_4859.ird,DOD100_2C2C_-10degC,CYC,S2000FQ87T,1,4859,-10,18.364,100.0,2.0,2.0,-10.0
/media/kabir/Research/Project/sodium battery /Data_Failure_Mode_and_Degradation_Analysis_of_a_Commercial_Sodium-Ion_Battery_With_Severe_Gassing_Issue/Standard cycling/DOD100_2C2C_-10degC/Cycling_Periods/S2000FR213_CU_at-10degC_V01_4858.ird,DOD100_2C2C_-10degC,CYC,S2000FR213,1,4858,-10,42.623,100.0,2.0,2.0,-10.0
/media/kabir/Research/Project/sodium battery /Data_Failure_Mode_and_Degradation_Analysis_of_a_Commercial_Sodium-Ion_Battery_With_Severe_Gassing_Issue/Standard cycling/DOD100_2C2C_25degC/CU_at_25degC/S2000FN8BU_CU_at25degC_V00_4896.ird,DOD100_2C2C_25degC,CU,S2000FN8BU,0,4896,25,15.414,100.0,2.0,2.0,25.0
/media/kabir/Research/Project/sodium battery /Data_Failure_Mode_and_Degradation_Analysis_of_a_Commercial_Sodium-Ion_Battery_With_Severe_Gassing_Issue/Standard cycling/DOD100_2C2C_25degC/CU_at_25degC/S2000FN8BU_CU_at25degC_V02_4955.ird,DOD100_2C2C_25degC,CU,S2000FN8BU,2,4955,25,15.527,100.0,2.0,2.0,25.0
/media/kabir/Research/Project/sodium battery /Data_Failure_Mode_and_Degradation_Analysis_of_a_Commercial_Sodium-Ion_Battery_With_Severe_Gassing_Issue/Standard cycling/DOD100_2C2C_25degC/CU_at_25degC/S2000FN8BU_CU_at25degC_V04_5025.ird,DOD100_2C2C_25degC,CU,S2000FN8BU,4,5025,25,15.562,100.0,2.0,2.0,25.0
/media/kabir/Research/Project/sodium battery /Data_Failure_Mode_and_Degradation_Analysis_of_a_Commercial_Sodium-Ion_Battery_With_Severe_Gassing_Issue/Standard cycling/DOD100_2C2C_25degC/CU_at_25degC/S2000FN8BU_CU_at25degC_V06_5079.ird,DOD100_2C2C_25degC,CU,S2000FN8BU,6,5079,25,15.53,100.0,2.0,2.0,25.0
/media/kabir/Research/Project/sodium battery /Data_Failure_Mode_and_Degradation_Analysis_of_a_Commercial_Sodium-Ion_Battery_With_Severe_Gassing_Issue/Standard cycling/DOD100_2C2C_25degC/CU_at_25degC/S2000FN8BU_CU_at25degC_V08_5149.ird,DOD100_2C2C_25degC,CU,S2000FN8BU,8,5149,25,15.463,100.0,2.0,2.0,25.0
/media/kabir/Research/Project/sodium battery /Data_Failure_Mode_and_Degradation_Analysis_of_a_Commercial_Sodium-Ion_Battery_With_Severe_Gassing_Issue/Standard cycling/DOD100_2C2C_25degC/CU_at_25degC/S2000FN8BU_CU_at25degC_V10_5201.ird,DOD100_2C2C_25degC,CU,S2000FN8BU,10,5201,25,15.378,100.0,2.0,2.0,25.0
/media/kabir/Research/Project/sodium battery /Data_Failure_Mode_and_Degradation_Analysis_of_a_Commercial_Sodium-Ion_Battery_With_Severe_Gassing_Issue/Standard cycling/DOD100_2C2C_25degC/CU_at_25degC/S2000FN8BU_CU_at25degC_V12_5261.ird,DOD100_2C2C_25degC,CU,S2000FN8BU,12,5261,25,15.242,100.0,2.0,2.0,25.0
/media/kabir/Research/Project/sodium battery /Data_Failure_Mode_and_Degradation_Analysis_of_a_Commercial_Sodium-Ion_Battery_With_Severe_Gassing_Issue/Standard cycling/DOD100_2C2C_25degC/CU_at_25degC/S2000FN8BU_CU_at25degC_V14_5315.ird,DOD100_2C2C_25degC,CU,S2000FN8BU,14,5315,25,15.126,100.0,2.0,2.0,25.0
/media/kabir/Research/Project/sodium battery /Data_Failure_Mode_and_Degradation_Analysis_of_a_Commercial_Sodium-Ion_Battery_With_Severe_Gassing_Issue/Standard cycling/DOD100_2C2C_25degC/CU_at_25degC/S2000FN8BU_CU_at25degC_V16_5357.ird,DOD100_2C2C_25degC,CU,S2000FN8BU,16,5357,25,14.968,100.0,2.0,2.0,25.0
/media/kabir/Research/Project/sodium battery /Data_Failure_Mode_and_Degradation_Analysis_of_a_Commercial_Sodium-Ion_Battery_With_Severe_Gassing_Issue/Standard cycling/DOD100_2C2C_25degC/CU_at_25degC/S2000FN8BU_CU_at25degC_V18_5387.ird,DOD100_2C2C_25degC,CU,S2000FN8BU,18,5387,25,14.748,100.0,2.0,2.0,25.0
/media/kabir/Research/Project/sodium battery /Data_Failure_Mode_and_Degradation_Analysis_of_a_Commercial_Sodium-Ion_Battery_With_Severe_Gassing_Issue/Standard cycling/DOD100_2C2C_25degC/CU_at_25degC/S2000FOCH9_CU_at25degC_V00_4895.ird,DOD100_2C2C_25degC,CU,S2000FOCH9,0,4895,25,15.323,100.0,2.0,2.0,25.0
/media/kabir/Research/Project/sodium battery /Data_Failure_Mode_and_Degradation_Analysis_of_a_Commercial_Sodium-Ion_Battery_With_Severe_Gassing_Issue/Standard cycling/DOD100_2C2C_25degC/CU_at_25degC/S2000FOCH9_CU_at25degC_V02_4954.ird,DOD100_2C2C_25degC,CU,S2000FOCH9,2,4954,25,15.492,100.0,2.0,2.0,25.0
/media/kabir/Research/Project/sodium battery /Data_Failure_Mode_and_Degradation_Analysis_of_a_Commercial_Sodium-Ion_Battery_With_Severe_Gassing_Issue/Standard cycling/DOD100_2C2C_25degC/CU_at_25degC/S2000FOCH9_CU_at25degC_V04_4998.ird,DOD100_2C2C_25degC,CU,S2000FOCH9,4,4998,25,15.52,100.0,2.0,2.0,25.0
/media/kabir/Research/Project/sodium battery /Data_Failure_Mode_and_Degradation_Analysis_of_a_Commercial_Sodium-Ion_Battery_With_Severe_Gassing_Issue/Standard cycling/DOD100_2C2C_25degC/CU_at_25degC/S2000FOCH9_CU_at25degC_V06_5055.ird,DOD100_2C2C_25degC,CU,S2000FOCH9,6,5055,25,15.506,100.0,2.0,2.0,25.0
/media/kabir/Research/Project/sodium battery /Data_Failure_Mode_and_Degradation_Analysis_of_a_Commercial_Sodium-Ion_Battery_With_Severe_Gassing_Issue/Standard cycling/DOD100_2C2C_25degC/CU_at_25degC/S2000FOCH9_CU_at25degC_V08_5102.ird,DOD100_2C2C_25degC,CU,S2000FOCH9,8,5102,25,15.406,100.0,2.0,2.0,25.0
/media/kabir/Research/Project/sodium battery /Data_Failure_Mode_and_Degradation_Analysis_of_a_Commercial_Sodium-Ion_Battery_With_Severe_Gassing_Issue/Standard cycling/DOD100_2C2C_25degC/CU_at_25degC/S2000FOCH9_CU_at25degC_V10_5151.ird,DOD100_2C2C_25degC,CU,S2000FOCH9,10,5151,25,15.311,100.0,2.0,2.0,25.0
/media/kabir/Research/Project/sodium battery /Data_Failure_Mode_and_Degradation_Analysis_of_a_Commercial_Sodium-Ion_Battery_With_Severe_Gassing_Issue/Standard cycling/DOD100_2C2C_25degC/CU_at_25degC/S2000FOCH9_CU_at25degC_V12_5200.ird,DOD100_2C2C_25degC,CU,S2000FOCH9,12,5200,25,15.195,100.0,2.0,2.0,25.0
/media/kabir/Research/Project/sodium battery /Data_Failure_Mode_and_Degradation_Analysis_of_a_Commercial_Sodium-Ion_Battery_With_Severe_Gassing_Issue/Standard cycling/DOD100_2C2C_25degC/CU_at_25degC/S2000FOCH9_CU_at25degC_V14_5260.ird,DOD100_2C2C_25degC,CU,S2000FOCH9,14,5260,25,15.022,100.0,2.0,2.0,25.0
/media/kabir/Research/Project/sodium battery /Data_Failure_Mode_and_Degradation_Analysis_of_a_Commercial_Sodium-Ion_Battery_With_Severe_Gassing_Issue/Standard cycling/DOD100_2C2C_25degC/CU_at_25degC/S2000FOCH9_CU_at25degC_V16_5314.ird,DOD100_2C2C_25degC,CU,S2000FOCH9,16,5314,25,14.85,100.0,2.0,2.0,25.0
/media/kabir/Research/Project/sodium battery /Data_Failure_Mode_and_Degradation_Analysis_of_a_Commercial_Sodium-Ion_Battery_With_Severe_Gassing_Issue/Standard cycling/DOD100_2C2C_25degC/CU_at_25degC/S2000FOCH9_CU_at25degC_V18_5356.ird,DOD100_2C2C_25degC,CU,S2000FOCH9,18,5356,25,14.625,100.0,2.0,2.0,25.0
/media/kabir/Research/Project/sodium battery /Data_Failure_Mode_and_Degradation_Analysis_of_a_Commercial_Sodium-Ion_Battery_With_Severe_Gassing_Issue/Standard cycling/DOD100_2C2C_25degC/CU_at_25degC/S2000FONCM_CU_at25degC_V00_4913.ird,DOD100_2C2C_25degC,CU,S2000FONCM,0,4913,25,15.455,100.0,2.0,2.0,25.0
/media/kabir/Research/Project/sodium battery /Data_Failure_Mode_and_Degradation_Analysis_of_a_Commercial_Sodium-Ion_Battery_With_Severe_Gassing_Issue/Standard cycling/DOD100_2C2C_25degC/CU_at_25degC/S2000FONCM_CU_at25degC_V02_4956.ird,DOD100_2C2C_25degC,CU,S2000FONCM,2,4956,25,15.559,100.0,2.0,2.0,25.0
/media/kabir/Research/Project/sodium battery /Data_Failure_Mode_and_Degradation_Analysis_of_a_Commercial_Sodium-Ion_Battery_With_Severe_Gassing_Issue/Standard cycling/DOD100_2C2C_25degC/CU_at_25degC/S2000FONCM_CU_at25degC_V04_5026.ird,DOD100_2C2C_25degC,CU,S2000FONCM,4,5026,25,15.586,100.0,2.0,2.0,25.0
/media/kabir/Research/Project/sodium battery /Data_Failure_Mode_and_Degradation_Analysis_of_a_Commercial_Sodium-Ion_Battery_With_Severe_Gassing_Issue/Standard cycling/DOD100_2C2C_25degC/CU_at_25degC/S2000FONCM_CU_at25degC_V06_5080.ird,DOD100_2C2C_25degC,CU,S2000FONCM,6,5080,25,15.531,100.0,2.0,2.0,25.0
/media/kabir/Research/Project/sodium battery /Data_Failure_Mode_and_Degradation_Analysis_of_a_Commercial_Sodium-Ion_Battery_With_Severe_Gassing_Issue/Standard cycling/DOD100_2C2C_25degC/CU_at_25degC/S2000FONCM_CU_at25degC_V08_5150.ird,DOD100_2C2C_25degC,CU,S2000FONCM,8,5150,25,15.473,100.0,2.0,2.0,25.0
/media/kabir/Research/Project/sodium battery /Data_Failure_Mode_and_Degradation_Analysis_of_a_Commercial_Sodium-Ion_Battery_With_Severe_Gassing_Issue/Standard cycling/DOD100_2C2C_25degC/CU_at_25degC/S2000FONCM_CU_at25degC_V10_5202.ird,DOD100_2C2C_25degC,CU,S2000FONCM,10,5202,25,15.379,100.0,2.0,2.0,25.0
/media/kabir/Research/Project/sodium battery /Data_Failure_Mode_and_Degradation_Analysis_of_a_Commercial_Sodium-Ion_Battery_With_Severe_Gassing_Issue/Standard cycling/DOD100_2C2C_25degC/CU_at_25degC/S2000FONCM_CU_at25degC_V12_5262.ird,DOD100_2C2C_25degC,CU,S2000FONCM,12,5262,25,15.266,100.0,2.0,2.0,25.0
/media/kabir/Research/Project/sodium battery /Data_Failure_Mode_and_Degradation_Analysis_of_a_Commercial_Sodium-Ion_Battery_With_Severe_Gassing_Issue/Standard cycling/DOD100_2C2C_25degC/CU_at_25degC/S2000FONCM_CU_at25degC_V14_5316.ird,DOD100_2C2C_25degC,CU,S2000FONCM,14,5316,25,15.13,100.0,2.0,2.0,25.0
/media/kabir/Research/Project/sodium battery /Data_Failure_Mode_and_Degradation_Analysis_of_a_Commercial_Sodium-Ion_Battery_With_Severe_Gassing_Issue/Standard cycling/DOD100_2C2C_25degC/CU_at_25degC/S2000FONCM_CU_at25degC_V16_5358.ird,DOD100_2C2C_25degC,CU,S2000FONCM,16,5358,25,14.954,100.0,2.0,2.0,25.0
/media/kabir/Research/Project/sodium battery /Data_Failure_Mode_and_Degradation_Analysis_of_a_Commercial_Sodium-Ion_Battery_With_Severe_Gassing_Issue/Standard cycling/DOD100_2C2C_25degC/CU_at_25degC/S2000FONCM_CU_at25degC_V18_5388.ird,DOD100_2C2C_25degC,CU,S2000FONCM,18,5388,25,14.743,100.0,2.0,2.0,25.0
/media/kabir/Research/Project/sodium battery /Data_Failure_Mode_and_Degradation_Analysis_of_a_Commercial_Sodium-Ion_Battery_With_Severe_Gassing_Issue/Standard cycling/DOD100_2C2C_25degC/Cycling_Periods/S2000FN8BU_CYC_at25degC_V01_4922.ird,DOD100_2C2C_25degC,CYC,S2000FN8BU,1,4922,25,9.888,100.0,2.0,2.0,25.0
/media/kabir/Research/Project/sodium battery /Data_Failure_Mode_and_Degradation_Analysis_of_a_Commercial_Sodium-Ion_Battery_With_Severe_Gassing_Issue/Standard cycling/DOD100_2C2C_25degC/Cycling_Periods/S2000FN8BU_CYC_at25degC_V03_4974.ird,DOD100_2C2C_25degC,CYC,S2000FN8BU,3,4974,25,10.036,100.0,2.0,2.0,25.0
/media/kabir/Research/Project/sodium battery /Data_Failure_Mode_and_Degradation_Analysis_of_a_Commercial_Sodium-Ion_Battery_With_Severe_Gassing_Issue/Standard cycling/DOD100_2C2C_25degC/Cycling_Periods/S2000FN8BU_CYC_at25degC_V05_5038.ird,DOD100_2C2C_25degC,CYC,S2000FN8BU,5,5038,25,10.055,100.0,2.0,2.0,25.0
/media/kabir/Research/Project/sodium battery /Data_Failure_Mode_and_Degradation_Analysis_of_a_Commercial_Sodium-Ion_Battery_With_Severe_Gassing_Issue/Standard cycling/DOD100_2C2C_25degC/Cycling_Periods/S2000FN8BU_CYC_at25degC_V07_5105.ird,DOD100_2C2C_25degC,CYC,S2000FN8BU,7,5105,25,10.192,100.0,2.0,2.0,25.0
/media/kabir/Research/Project/sodium battery /Data_Failure_Mode_and_Degradation_Analysis_of_a_Commercial_Sodium-Ion_Battery_With_Severe_Gassing_Issue/Standard cycling/DOD100_2C2C_25degC/Cycling_Periods/S2000FN8BU_CYC_at25degC_V09_5171.ird,DOD100_2C2C_25degC,CYC,S2000FN8BU,9,5171,25,10.476,100.0,2.0,2.0,25.0
/media/kabir/Research/Project/sodium battery /Data_Failure_Mode_and_Degradation_Analysis_of_a_Commercial_Sodium-Ion_Battery_With_Severe_Gassing_Issue/Standard cycling/DOD100_2C2C_25degC/Cycling_Periods/S2000FN8BU_CYC_at25degC_V11_5222.ird,DOD100_2C2C_25degC,CYC,S2000FN8BU,11,5222,25,10.935,100.0,2.0,2.0,25.0
/media/kabir/Research/Project/sodium battery /Data_Failure_Mode_and_Degradation_Analysis_of_a_Commercial_Sodium-Ion_Battery_With_Severe_Gassing_Issue/Standard cycling/DOD100_2C2C_25degC/Cycling_Periods/S2000FN8BU_CYC_at25degC_V13_5282.ird,DOD100_2C2C_25degC,CYC,S2000FN8BU,13,5282,25,11.279,100.0,2.0,2.0,25.0
/media/kabir/Research/Project/sodium battery /Data_Failure_Mode_and_Degradation_Analysis_of_a_Commercial_Sodium-Ion_Battery_With_Severe_Gassing_Issue/Standard cycling/DOD100_2C2C_25degC/Cycling_Periods/S2000FN8BU_CYC_at25degC_V15_5327.ird,DOD100_2C2C_25degC,CYC,S2000FN8BU,15,5327,25,11.772,100.0,2.0,2.0,25.0
/media/kabir/Research/Project/sodium battery /Data_Failure_Mode_and_Degradation_Analysis_of_a_Commercial_Sodium-Ion_Battery_With_Severe_Gassing_Issue/Standard cycling/DOD100_2C2C_25degC/Cycling_Periods/S2000FN8BU_CYC_at25degC_V17_5375.ird,DOD100_2C2C_25degC,CYC,S2000FN8BU,17,5375,25,12.166,100.0,2.0,2.0,25.0
/media/kabir/Research/Project/sodium battery /Data_Failure_Mode_and_Degradation_Analysis_of_a_Commercial_Sodium-Ion_Battery_With_Severe_Gassing_Issue/Standard cycling/DOD100_2C2C_25degC/Cycling_Periods/S2000FN8BU_CYC_at25degC_V19_5398.ird,DOD100_2C2C_25degC,CYC,S2000FN8BU,19,5398,25,3.405,100.0,2.0,2.0,25.0
/media/kabir/Research/Project/sodium battery /Data_Failure_Mode_and_Degradation_Analysis_of_a_Commercial_Sodium-Ion_Battery_With_Severe_Gassing_Issue/Standard cycling/DOD100_2C2C_25degC/Cycling_Periods/S2000FOCH9_CYC_at25degC_V01_4920.ird,DOD100_2C2C_25degC,CYC,S2000FOCH9,1,4920,25,9.897,100.0,2.0,2.0,25.0
/media/kabir/Research/Project/sodium battery /Data_Failure_Mode_and_Degradation_Analysis_of_a_Commercial_Sodium-Ion_Battery_With_Severe_Gassing_Issue/Standard cycling/DOD100_2C2C_25degC/Cycling_Periods/S2000FOCH9_CYC_at25degC_V03_4967.ird,DOD100_2C2C_25degC,CYC,S2000FOCH9,3,4967,25,10.076,100.0,2.0,2.0,25.0
/media/kabir/Research/Project/sodium battery /Data_Failure_Mode_and_Degradation_Analysis_of_a_Commercial_Sodium-Ion_Battery_With_Severe_Gassing_Issue/Standard cycling/DOD100_2C2C_25degC/Cycling_Periods/S2000FOCH9_CYC_at25degC_V05_5024.ird,DOD100_2C2C_25degC,CYC,S2000FOCH9,5,5024,25,10.067,100.0,2.0,2.0,25.0
/media/kabir/Research/Project/sodium battery /Data_Failure_Mode_and_Degradation_Analysis_of_a_Commercial_Sodium-Ion_Battery_With_Severe_Gassing_Issue/Standard cycling/DOD100_2C2C_25degC/Cycling_Periods/S2000FOCH9_CYC_at25degC_V07_5063.ird,DOD100_2C2C_25degC,CYC,S2000FOCH9,7,5063,25,10.429,100.0,2.0,2.0,25.0
/media/kabir/Research/Project/sodium battery /Data_Failure_Mode_and_Degradation_Analysis_of_a_Commercial_Sodium-Ion_Battery_With_Severe_Gassing_Issue/Standard cycling/DOD100_2C2C_25degC/Cycling_Periods/S2000FOCH9_CYC_at25degC_V09_5104.ird,DOD100_2C2C_25degC,CYC,S2000FOCH9,9,5104,25,10.579,100.0,2.0,2.0,25.0
/media/kabir/Research/Project/sodium battery /Data_Failure_Mode_and_Degradation_Analysis_of_a_Commercial_Sodium-Ion_Battery_With_Severe_Gassing_Issue/Standard cycling/DOD100_2C2C_25degC/Cycling_Periods/S2000FOCH9_CYC_at25degC_V11_5170.ird,DOD100_2C2C_25degC,CYC,S2000FOCH9,11,5170,25,11.032,100.0,2.0,2.0,25.0
/media/kabir/Research/Project/sodium battery /Data_Failure_Mode_and_Degradation_Analysis_of_a_Commercial_Sodium-Ion_Battery_With_Severe_Gassing_Issue/Standard cycling/DOD100_2C2C_25degC/Cycling_Periods/S2000FOCH9_CYC_at25degC_V13_5221.ird,DOD100_2C2C_25degC,CYC,S2000FOCH9,13,5221,25,11.558,100.0,2.0,2.0,25.0
/media/kabir/Research/Project/sodium battery /Data_Failure_Mode_and_Degradation_Analysis_of_a_Commercial_Sodium-Ion_Battery_With_Severe_Gassing_Issue/Standard cycling/DOD100_2C2C_25degC/Cycling_Periods/S2000FOCH9_CYC_at25degC_V15_5281.ird,DOD100_2C2C_25degC,CYC,S2000FOCH9,15,5281,25,11.945,100.0,2.0,2.0,25.0
/media/kabir/Research/Project/sodium battery /Data_Failure_Mode_and_Degradation_Analysis_of_a_Commercial_Sodium-Ion_Battery_With_Severe_Gassing_Issue/Standard cycling/DOD100_2C2C_25degC/Cycling_Periods/S2000FOCH9_CYC_at25degC_V17_5326.ird,DOD100_2C2C_25degC,CYC,S2000FOCH9,17,5326,25,12.476,100.0,2.0,2.0,25.0
/media/kabir/Research/Project/sodium battery /Data_Failure_Mode_and_Degradation_Analysis_of_a_Commercial_Sodium-Ion_Battery_With_Severe_Gassing_Issue/Standard cycling/DOD100_2C2C_25degC/Cycling_Periods/S2000FOCH9_CYC_at25degC_V19_5372.ird,DOD100_2C2C_25degC,CYC,S2000FOCH9,19,5372,25,10.955,100.0,2.0,2.0,25.0
/media/kabir/Research/Project/sodium battery /Data_Failure_Mode_and_Degradation_Analysis_of_a_Commercial_Sodium-Ion_Battery_With_Severe_Gassing_Issue/Standard cycling/DOD100_2C2C_25degC/Cycling_Periods/S2000FONCM_CYC_at25degC_V01_4923.ird,DOD100_2C2C_25degC,CYC,S2000FONCM,1,4923,25,9.959,100.0,2.0,2.0,25.0
/media/kabir/Research/Project/sodium battery /Data_Failure_Mode_and_Degradation_Analysis_of_a_Commercial_Sodium-Ion_Battery_With_Severe_Gassing_Issue/Standard cycling/DOD100_2C2C_25degC/Cycling_Periods/S2000FONCM_CYC_at25degC_V03_4975.ird,DOD100_2C2C_25degC,CYC,S2000FONCM,3,4975,25,10.091,100.0,2.0,2.0,25.0
/media/kabir/Research/Project/sodium battery /Data_Failure_Mode_and_Degradation_Analysis_of_a_Commercial_Sodium-Ion_Battery_With_Severe_Gassing_Issue/Standard cycling/DOD100_2C2C_25degC/Cycling_Periods/S2000FONCM_CYC_at25degC_V05_5039.ird,DOD100_2C2C_25degC,CYC,S2000FONCM,5,5039,25,10.159,100.0,2.0,2.0,25.0
/media/kabir/Research/Project/sodium battery /Data_Failure_Mode_and_Degradation_Analysis_of_a_Commercial_Sodium-Ion_Battery_With_Severe_Gassing_Issue/Standard cycling/DOD100_2C2C_25degC/Cycling_Periods/S2000FONCM_CYC_at25degC_V07_5106.ird,DOD100_2C2C_25degC,CYC,S2000FONCM,7,5106,25,10.343,100.0,2.0,2.0,25.0
/media/kabir/Research/Project/sodium battery /Data_Failure_Mode_and_Degradation_Analysis_of_a_Commercial_Sodium-Ion_Battery_With_Severe_Gassing_Issue/Standard cycling/DOD100_2C2C_25degC/Cycling_Periods/S2000FONCM_CYC_at25degC_V09_5172.ird,DOD100_2C2C_25degC,CYC,S2000FONCM,9,5172,25,10.669,100.0,2.0,2.0,25.0
/media/kabir/Research/Project/sodium battery /Data_Failure_Mode_and_Degradation_Analysis_of_a_Commercial_Sodium-Ion_Battery_With_Severe_Gassing_Issue/Standard cycling/DOD100_2C2C_25degC/Cycling_Periods/S2000FONCM_CYC_at25degC_V11_5223.ird,DOD100_2C2C_25degC,CYC,S2000FONCM,11,5223,25,11.141,100.0,2.0,2.0,25.0
/media/kabir/Research/Project/sodium battery /Data_Failure_Mode_and_Degradation_Analysis_of_a_Commercial_Sodium-Ion_Battery_With_Severe_Gassing_Issue/Standard cycling/DOD100_2C2C_25degC/Cycling_Periods/S2000FONCM_CYC_at25degC_V13_5283.ird,DOD100_2C2C_25degC,CYC,S2000FONCM,13,5283,25,11.469,100.0,2.0,2.0,25.0
/media/kabir/Research/Project/sodium battery /Data_Failure_Mode_and_Degradation_Analysis_of_a_Commercial_Sodium-Ion_Battery_With_Severe_Gassing_Issue/Standard cycling/DOD100_2C2C_25degC/Cycling_Periods/S2000FONCM_CYC_at25degC_V15_5328.ird,DOD100_2C2C_25degC,CYC,S2000FONCM,15,5328,25,11.957,100.0,2.0,2.0,25.0
/media/kabir/Research/Project/sodium battery /Data_Failure_Mode_and_Degradation_Analysis_of_a_Commercial_Sodium-Ion_Battery_With_Severe_Gassing_Issue/Standard cycling/DOD100_2C2C_25degC/Cycling_Periods/S2000FONCM_CYC_at25degC_V17_5374.ird,DOD100_2C2C_25degC,CYC,S2000FONCM,17,5374,25,12.313,100.0,2.0,2.0,25.0
/media/kabir/Research/Project/sodium battery /Data_Failure_Mode_and_Degradation_Analysis_of_a_Commercial_Sodium-Ion_Battery_With_Severe_Gassing_Issue/Standard cycling/DOD100_2C2C_25degC/Cycling_Periods/S2000FONCM_CYC_at25degC_V19_5399.ird,DOD100_2C2C_25degC,CYC,S2000FONCM,19,5399,25,7.154,100.0,2.0,2.0,25.0
/media/kabir/Research/Project/sodium battery /Data_Failure_Mode_and_Degradation_Analysis_of_a_Commercial_Sodium-Ion_Battery_With_Severe_Gassing_Issue/Standard cycling/DOD100_2C2C_40degC/CU_at_25degC/S2000FLYO2_CU_at25degC_V00_4907.ird,DOD100_2C2C_40degC,CU,S2000FLYO2,0,4907,25,15.399,100.0,2.0,2.0,40.0
/media/kabir/Research/Project/sodium battery /Data_Failure_Mode_and_Degradation_Analysis_of_a_Commercial_Sodium-Ion_Battery_With_Severe_Gassing_Issue/Standard cycling/DOD100_2C2C_40degC/CU_at_25degC/S2000FLYO2_CU_at25degC_V02_4964.ird,DOD100_2C2C_40degC,CU,S2000FLYO2,2,4964,25,15.531,100.0,2.0,2.0,40.0
/media/kabir/Research/Project/sodium battery /Data_Failure_Mode_and_Degradation_Analysis_of_a_Commercial_Sodium-Ion_Battery_With_Severe_Gassing_Issue/Standard cycling/DOD100_2C2C_40degC/CU_at_25degC/S2000FLYO2_CU_at25degC_V04_5030.ird,DOD100_2C2C_40degC,CU,S2000FLYO2,4,5030,25,15.468,100.0,2.0,2.0,40.0
/media/kabir/Research/Project/sodium battery /Data_Failure_Mode_and_Degradation_Analysis_of_a_Commercial_Sodium-Ion_Battery_With_Severe_Gassing_Issue/Standard cycling/DOD100_2C2C_40degC/CU_at_25degC/S2000FLYO2_CU_at25degC_V06_5120.ird,DOD100_2C2C_40degC,CU,S2000FLYO2,6,5120,25,15.264,100.0,2.0,2.0,40.0
/media/kabir/Research/Project/sodium battery /Data_Failure_Mode_and_Degradation_Analysis_of_a_Commercial_Sodium-Ion_Battery_With_Severe_Gassing_Issue/Standard cycling/DOD100_2C2C_40degC/CU_at_25degC/S2000FLYO2_CU_at25degC_V08_5164.ird,DOD100_2C2C_40degC,CU,S2000FLYO2,8,5164,25,15.048,100.0,2.0,2.0,40.0
/media/kabir/Research/Project/sodium battery /Data_Failure_Mode_and_Degradation_Analysis_of_a_Commercial_Sodium-Ion_Battery_With_Severe_Gassing_Issue/Standard cycling/DOD100_2C2C_40degC/CU_at_25degC/S2000FMG4P_CU_at25degC_V00_4909.ird,DOD100_2C2C_40degC,CU,S2000FMG4P,0,4909,25,15.458,100.0,2.0,2.0,40.0
/media/kabir/Research/Project/sodium battery /Data_Failure_Mode_and_Degradation_Analysis_of_a_Commercial_Sodium-Ion_Battery_With_Severe_Gassing_Issue/Standard cycling/DOD100_2C2C_40degC/CU_at_25degC/S2000FMG4P_CU_at25degC_V02_4966.ird,DOD100_2C2C_40degC,CU,S2000FMG4P,2,4966,25,15.564,100.0,2.0,2.0,40.0
/media/kabir/Research/Project/sodium battery /Data_Failure_Mode_and_Degradation_Analysis_of_a_Commercial_Sodium-Ion_Battery_With_Severe_Gassing_Issue/Standard cycling/DOD100_2C2C_40degC/CU_at_25degC/S2000FMG4P_CU_at25degC_V04_5034.ird,DOD100_2C2C_40degC,CU,S2000FMG4P,4,5034,25,15.518,100.0,2.0,2.0,40.0
/media/kabir/Research/Project/sodium battery /Data_Failure_Mode_and_Degradation_Analysis_of_a_Commercial_Sodium-Ion_Battery_With_Severe_Gassing_Issue/Standard cycling/DOD100_2C2C_40degC/CU_at_25degC/S2000FMG4P_CU_at25degC_V06_5122.ird,DOD100_2C2C_40degC,CU,S2000FMG4P,6,5122,25,15.317,100.0,2.0,2.0,40.0
/media/kabir/Research/Project/sodium battery /Data_Failure_Mode_and_Degradation_Analysis_of_a_Commercial_Sodium-Ion_Battery_With_Severe_Gassing_Issue/Standard cycling/DOD100_2C2C_40degC/CU_at_25degC/S2000FMG4P_CU_at25degC_V08_5166.ird,DOD100_2C2C_40degC,CU,S2000FMG4P,8,5166,25,15.127,100.0,2.0,2.0,40.0
/media/kabir/Research/Project/sodium battery /Data_Failure_Mode_and_Degradation_Analysis_of_a_Commercial_Sodium-Ion_Battery_With_Severe_Gassing_Issue/Standard cycling/DOD100_2C2C_40degC/CU_at_25degC/S2000FN3JX_CU_at25degC_V00_4908.ird,DOD100_2C2C_40degC,CU,S2000FN3JX,0,4908,25,15.419,100.0,2.0,2.0,40.0
/media/kabir/Research/Project/sodium battery /Data_Failure_Mode_and_Degradation_Analysis_of_a_Commercial_Sodium-Ion_Battery_With_Severe_Gassing_Issue/Standard cycling/DOD100_2C2C_40degC/CU_at_25degC/S2000FN3JX_CU_at25degC_V02_4965.ird,DOD100_2C2C_40degC,CU,S2000FN3JX,2,4965,25,15.502,100.0,2.0,2.0,40.0
/media/kabir/Research/Project/sodium battery /Data_Failure_Mode_and_Degradation_Analysis_of_a_Commercial_Sodium-Ion_Battery_With_Severe_Gassing_Issue/Standard cycling/DOD100_2C2C_40degC/CU_at_25degC/S2000FN3JX_CU_at25degC_V04_5031.ird,DOD100_2C2C_40degC,CU,S2000FN3JX,4,5031,25,15.477,100.0,2.0,2.0,40.0
/media/kabir/Research/Project/sodium battery /Data_Failure_Mode_and_Degradation_Analysis_of_a_Commercial_Sodium-Ion_Battery_With_Severe_Gassing_Issue/Standard cycling/DOD100_2C2C_40degC/CU_at_25degC/S2000FN3JX_CU_at25degC_V06_5121.ird,DOD100_2C2C_40degC,CU,S2000FN3JX,6,5121,25,15.266,100.0,2.0,2.0,40.0
/media/kabir/Research/Project/sodium battery /Data_Failure_Mode_and_Degradation_Analysis_of_a_Commercial_Sodium-Ion_Battery_With_Severe_Gassing_Issue/Standard cycling/DOD100_2C2C_40degC/CU_at_25degC/S2000FN3JX_CU_at25degC_V08_5165.ird,DOD100_2C2C_40degC,CU,S2000FN3JX,8,5165,25,15.081,100.0,2.0,2.0,40.0
/media/kabir/Research/Project/sodium battery /Data_Failure_Mode_and_Degradation_Analysis_of_a_Commercial_Sodium-Ion_Battery_With_Severe_Gassing_Issue/Standard cycling/DOD100_2C2C_40degC/Cycling_Periods/S2000FLYO2_CYC_at40degC_V01_4932.ird,DOD100_2C2C_40degC,CYC,S2000FLYO2,1,4932,40,9.61,100.0,2.0,2.0,40.0
/media/kabir/Research/Project/sodium battery /Data_Failure_Mode_and_Degradation_Analysis_of_a_Commercial_Sodium-Ion_Battery_With_Severe_Gassing_Issue/Standard cycling/DOD100_2C2C_40degC/Cycling_Periods/S2000FLYO2_CYC_at40degC_V03_4987.ird,DOD100_2C2C_40degC,CYC,S2000FLYO2,3,4987,40,9.83,100.0,2.0,2.0,40.0
/media/kabir/Research/Project/sodium battery /Data_Failure_Mode_and_Degradation_Analysis_of_a_Commercial_Sodium-Ion_Battery_With_Severe_Gassing_Issue/Standard cycling/DOD100_2C2C_40degC/Cycling_Periods/S2000FLYO2_CYC_at40degC_V05_5046.ird,DOD100_2C2C_40degC,CYC,S2000FLYO2,5,5046,40,10.256,100.0,2.0,2.0,40.0
/media/kabir/Research/Project/sodium battery /Data_Failure_Mode_and_Degradation_Analysis_of_a_Commercial_Sodium-Ion_Battery_With_Severe_Gassing_Issue/Standard cycling/DOD100_2C2C_40degC/Cycling_Periods/S2000FLYO2_CYC_at40degC_V07_5132.ird,DOD100_2C2C_40degC,CYC,S2000FLYO2,7,5132,40,10.848,100.0,2.0,2.0,40.0
/media/kabir/Research/Project/sodium battery /Data_Failure_Mode_and_Degradation_Analysis_of_a_Commercial_Sodium-Ion_Battery_With_Severe_Gassing_Issue/Standard cycling/DOD100_2C2C_40degC/Cycling_Periods/S2000FLYO2_CYC_at40degC_V09_5176.ird,DOD100_2C2C_40degC,CYC,S2000FLYO2,9,5176,40,13.961,100.0,2.0,2.0,40.0
/media/kabir/Research/Project/sodium battery /Data_Failure_Mode_and_Degradation_Analysis_of_a_Commercial_Sodium-Ion_Battery_With_Severe_Gassing_Issue/Standard cycling/DOD100_2C2C_40degC/Cycling_Periods/S2000FMG4P_CYC_at40degC_V01_4934.ird,DOD100_2C2C_40degC,CYC,S2000FMG4P,1,4934,40,9.727,100.0,2.0,2.0,40.0
/media/kabir/Research/Project/sodium battery /Data_Failure_Mode_and_Degradation_Analysis_of_a_Commercial_Sodium-Ion_Battery_With_Severe_Gassing_Issue/Standard cycling/DOD100_2C2C_40degC/Cycling_Periods/S2000FMG4P_CYC_at40degC_V03_4989.ird,DOD100_2C2C_40degC,CYC,S2000FMG4P,3,4989,40,9.962,100.0,2.0,2.0,40.0
/media/kabir/Research/Project/sodium battery /Data_Failure_Mode_and_Degradation_Analysis_of_a_Commercial_Sodium-Ion_Battery_With_Severe_Gassing_Issue/Standard cycling/DOD100_2C2C_40degC/Cycling_Periods/S2000FMG4P_CYC_at40degC_V05_5048.ird,DOD100_2C2C_40degC,CYC,S2000FMG4P,5,5048,40,10.356,100.0,2.0,2.0,40.0
/media/kabir/Research/Project/sodium battery /Data_Failure_Mode_and_Degradation_Analysis_of_a_Commercial_Sodium-Ion_Battery_With_Severe_Gassing_Issue/Standard cycling/DOD100_2C2C_40degC/Cycling_Periods/S2000FMG4P_CYC_at40degC_V07_5134.ird,DOD100_2C2C_40degC,CYC,S2000FMG4P,7,5134,40,10.879,100.0,2.0,2.0,40.0
/media/kabir/Research/Project/sodium battery /Data_Failure_Mode_and_Degradation_Analysis_of_a_Commercial_Sodium-Ion_Battery_With_Severe_Gassing_Issue/Standard cycling/DOD100_2C2C_40degC/Cycling_Periods/S2000FMG4P_CYC_at40degC_V09_5178.ird,DOD100_2C2C_40degC,CYC,S2000FMG4P,9,5178,40,7.373,100.0,2.0,2.0,40.0
/media/kabir/Research/Project/sodium battery /Data_Failure_Mode_and_Degradation_Analysis_of_a_Commercial_Sodium-Ion_Battery_With_Severe_Gassing_Issue/Standard cycling/DOD100_2C2C_40degC/Cycling_Periods/S2000FN3JX_CYC_at40degC_V01_4933.ird,DOD100_2C2C_40degC,CYC,S2000FN3JX,1,4933,40,9.661,100.0,2.0,2.0,40.0
/media/kabir/Research/Project/sodium battery /Data_Failure_Mode_and_Degradation_Analysis_of_a_Commercial_Sodium-Ion_Battery_With_Severe_Gassing_Issue/Standard cycling/DOD100_2C2C_40degC/Cycling_Periods/S2000FN3JX_CYC_at40degC_V03_4988.ird,DOD100_2C2C_40degC,CYC,S2000FN3JX,3,4988,40,9.891,100.0,2.0,2.0,40.0
/media/kabir/Research/Project/sodium battery /Data_Failure_Mode_and_Degradation_Analysis_of_a_Commercial_Sodium-Ion_Battery_With_Severe_Gassing_Issue/Standard cycling/DOD100_2C2C_40degC/Cycling_Periods/S2000FN3JX_CYC_at40degC_V05_5047.ird,DOD100_2C2C_40degC,CYC,S2000FN3JX,5,5047,40,10.277,100.0,2.0,2.0,40.0
/media/kabir/Research/Project/sodium battery /Data_Failure_Mode_and_Degradation_Analysis_of_a_Commercial_Sodium-Ion_Battery_With_Severe_Gassing_Issue/Standard cycling/DOD100_2C2C_40degC/Cycling_Periods/S2000FN3JX_CYC_at40degC_V07_5133.ird,DOD100_2C2C_40degC,CYC,S2000FN3JX,7,5133,40,10.809,100.0,2.0,2.0,40.0
/media/kabir/Research/Project/sodium battery /Data_Failure_Mode_and_Degradation_Analysis_of_a_Commercial_Sodium-Ion_Battery_With_Severe_Gassing_Issue/Standard cycling/DOD100_2C2C_40degC/Cycling_Periods/S2000FN3JX_CYC_at40degC_V09_5177.ird,DOD100_2C2C_40degC,CYC,S2000FN3JX,9,5177,40,1.147,100.0,2.0,2.0,40.0
/media/kabir/Research/Project/sodium battery /Data_Failure_Mode_and_Degradation_Analysis_of_a_Commercial_Sodium-Ion_Battery_With_Severe_Gassing_Issue/Standard cycling/DOD100_2C2C_50degC/CU_at_25degC/S2000FP5HX_CU_at25degC_V00_4849.ird,DOD100_2C2C_50degC,CU,S2000FP5HX,0,4849,25,15.395,100.0,2.0,2.0,50.0
/media/kabir/Research/Project/sodium battery /Data_Failure_Mode_and_Degradation_Analysis_of_a_Commercial_Sodium-Ion_Battery_With_Severe_Gassing_Issue/Standard cycling/DOD100_2C2C_50degC/CU_at_25degC/S2000FQ9MI_CU_at25degC_V00_4845.ird,DOD100_2C2C_50degC,CU,S2000FQ9MI,0,4845,25,15.396,100.0,2.0,2.0,50.0
/media/kabir/Research/Project/sodium battery /Data_Failure_Mode_and_Degradation_Analysis_of_a_Commercial_Sodium-Ion_Battery_With_Severe_Gassing_Issue/Standard cycling/DOD100_2C2C_50degC/CU_at_25degC/S2000FQM84_CU_at25degC_V00_4844.ird,DOD100_2C2C_50degC,CU,S2000FQM84,0,4844,25,15.425,100.0,2.0,2.0,50.0
/media/kabir/Research/Project/sodium battery /Data_Failure_Mode_and_Degradation_Analysis_of_a_Commercial_Sodium-Ion_Battery_With_Severe_Gassing_Issue/Standard cycling/DOD100_2C2C_50degC/CU_at_25degC/S2000FQM84_CU_at25degC_V01_4889.ird,DOD100_2C2C_50degC,CU,S2000FQM84,1,4889,25,15.305,100.0,2.0,2.0,50.0
/media/kabir/Research/Project/sodium battery /Data_Failure_Mode_and_Degradation_Analysis_of_a_Commercial_Sodium-Ion_Battery_With_Severe_Gassing_Issue/Standard cycling/DOD100_2C2C_50degC/Cycling_Periods/S2000FP5HX_CU_at50degC_V01_4870.ird,DOD100_2C2C_50degC,CYC,S2000FP5HX,1,4870,50,41.804,100.0,2.0,2.0,50.0
/media/kabir/Research/Project/sodium battery /Data_Failure_Mode_and_Degradation_Analysis_of_a_Commercial_Sodium-Ion_Battery_With_Severe_Gassing_Issue/Standard cycling/DOD100_2C2C_50degC/Cycling_Periods/S2000FQ9MI_CU_at50degC_V01_4872.ird,DOD100_2C2C_50degC,CYC,S2000FQ9MI,1,4872,50,0.0,100.0,2.0,2.0,50.0
/media/kabir/Research/Project/sodium battery /Data_Failure_Mode_and_Degradation_Analysis_of_a_Commercial_Sodium-Ion_Battery_With_Severe_Gassing_Issue/Standard cycling/DOD100_2C2C_50degC/Cycling_Periods/S2000FQM84_CU_at50degC_V01_4871.ird,DOD100_2C2C_50degC,CYC,S2000FQM84,1,4871,50,44.189,100.0,2.0,2.0,50.0
/media/kabir/Research/Project/sodium battery /Data_Failure_Mode_and_Degradation_Analysis_of_a_Commercial_Sodium-Ion_Battery_With_Severe_Gassing_Issue/Standard cycling/DOD20_2C2C_25degC/CU_at_25degC/S2000FN6H3_CU_at25degC_V00_4899.ird,DOD20_2C2C_25degC,CU,S2000FN6H3,0,4899,25,15.394,20.0,2.0,2.0,25.0
/media/kabir/Research/Project/sodium battery /Data_Failure_Mode_and_Degradation_Analysis_of_a_Commercial_Sodium-Ion_Battery_With_Severe_Gassing_Issue/Standard cycling/DOD20_2C2C_25degC/CU_at_25degC/S2000FN6H3_CU_at25degC_V02_4940.ird,DOD20_2C2C_25degC,CU,S2000FN6H3,2,4940,25,15.486,20.0,2.0,2.0,25.0
/media/kabir/Research/Project/sodium battery /Data_Failure_Mode_and_Degradation_Analysis_of_a_Commercial_Sodium-Ion_Battery_With_Severe_Gassing_Issue/Standard cycling/DOD20_2C2C_25degC/CU_at_25degC/S2000FN6H3_CU_at25degC_V04_4980.ird,DOD20_2C2C_25degC,CU,S2000FN6H3,4,4980,25,15.462,20.0,2.0,2.0,25.0
/media/kabir/Research/Project/sodium battery /Data_Failure_Mode_and_Degradation_Analysis_of_a_Commercial_Sodium-Ion_Battery_With_Severe_Gassing_Issue/Standard cycling/DOD20_2C2C_25degC/CU_at_25degC/S2000FN6H3_CU_at25degC_V06_5028.ird,DOD20_2C2C_25degC,CU,S2000FN6H3,6,5028,25,15.469,20.0,2.0,2.0,25.0
/media/kabir/Research/Project/sodium battery /Data_Failure_Mode_and_Degradation_Analysis_of_a_Commercial_Sodium-Ion_Battery_With_Severe_Gassing_Issue/Standard cycling/DOD20_2C2C_25degC/CU_at_25degC/S2000FN6H3_CU_at25degC_V08_5067.ird,DOD20_2C2C_25degC,CU,S2000FN6H3,8,5067,25,15.468,20.0,2.0,2.0,25.0
/media/kabir/Research/Project/sodium battery /Data_Failure_Mode_and_Degradation_Analysis_of_a_Commercial_Sodium-Ion_Battery_With_Severe_Gassing_Issue/Standard cycling/DOD20_2C2C_25degC/CU_at_25degC/S2000FN6H3_CU_at25degC_V10_5108.ird,DOD20_2C2C_25degC,CU,S2000FN6H3,10,5108,25,15.471,20.0,2.0,2.0,25.0
/media/kabir/Research/Project/sodium battery /Data_Failure_Mode_and_Degradation_Analysis_of_a_Commercial_Sodium-Ion_Battery_With_Severe_Gassing_Issue/Standard cycling/DOD20_2C2C_25degC/CU_at_25degC/S2000FN6H3_CU_at25degC_V12_5148.ird,DOD20_2C2C_25degC,CU,S2000FN6H3,12,5148,25,15.469,20.0,2.0,2.0,25.0
/media/kabir/Research/Project/sodium battery /Data_Failure_Mode_and_Degradation_Analysis_of_a_Commercial_Sodium-Ion_Battery_With_Severe_Gassing_Issue/Standard cycling/DOD20_2C2C_25degC/CU_at_25degC/S2000FN6H3_CU_at25degC_V14_5186.ird,DOD20_2C2C_25degC,CU,S2000FN6H3,14,5186,25,15.5,20.0,2.0,2.0,25.0
/media/kabir/Research/Project/sodium battery /Data_Failure_Mode_and_Degradation_Analysis_of_a_Commercial_Sodium-Ion_Battery_With_Severe_Gassing_Issue/Standard cycling/DOD20_2C2C_25degC/CU_at_25degC/S2000FN6H3_CU_at25degC_V16_5225.ird,DOD20_2C2C_25degC,CU,S2000FN6H3,16,5225,25,3.434,20.0,2.0,2.0,25.0
/media/kabir/Research/Project/sodium battery /Data_Failure_Mode_and_Degradation_Analysis_of_a_Commercial_Sodium-Ion_Battery_With_Severe_Gassing_Issue/Standard cycling/DOD20_2C2C_25degC/CU_at_25degC/S2000FN6H3_CU_at25degC_V16_5246.ird,DOD20_2C2C_25degC,CU,S2000FN6H3,16,5246,25,15.442,20.0,2.0,2.0,25.0
/media/kabir/Research/Project/sodium battery /Data_Failure_Mode_and_Degradation_Analysis_of_a_Commercial_Sodium-Ion_Battery_With_Severe_Gassing_Issue/Standard cycling/DOD20_2C2C_25degC/CU_at_25degC/S2000FN6H3_CU_at25degC_V18_5297.ird,DOD20_2C2C_25degC,CU,S2000FN6H3,18,5297,25,15.471,20.0,2.0,2.0,25.0
/media/kabir/Research/Project/sodium battery /Data_Failure_Mode_and_Degradation_Analysis_of_a_Commercial_Sodium-Ion_Battery_With_Severe_Gassing_Issue/Standard cycling/DOD20_2C2C_25degC/CU_at_25degC/S2000FN6H3_CU_at25degC_V20_5318.ird,DOD20_2C2C_25degC,CU,S2000FN6H3,20,5318,25,15.477,20.0,2.0,2.0,25.0
/media/kabir/Research/Project/sodium battery /Data_Failure_Mode_and_Degradation_Analysis_of_a_Commercial_Sodium-Ion_Battery_With_Severe_Gassing_Issue/Standard cycling/DOD20_2C2C_25degC/CU_at_25degC/S2000FN6H3_CU_at25degC_V22_5342.ird,DOD20_2C2C_25degC,CU,S2000FN6H3,22,5342,25,15.481,20.0,2.0,2.0,25.0
/media/kabir/Research/Project/sodium battery /Data_Failure_Mode_and_Degradation_Analysis_of_a_Commercial_Sodium-Ion_Battery_With_Severe_Gassing_Issue/Standard cycling/DOD20_2C2C_25degC/CU_at_25degC/S2000FN6H3_CU_at25degC_V24_5404.ird,DOD20_2C2C_25degC,CU,S2000FN6H3,24,5404,25,15.433,20.0,2.0,2.0,25.0
/media/kabir/Research/Project/sodium battery /Data_Failure_Mode_and_Degradation_Analysis_of_a_Commercial_Sodium-Ion_Battery_With_Severe_Gassing_Issue/Standard cycling/DOD20_2C2C_25degC/CU_at_25degC/S2000FN6H3_CU_at25degC_V26_5422.ird,DOD20_2C2C_25degC,CU,S2000FN6H3,26,5422,25,15.446,20.0,2.0,2.0,25.0
/media/kabir/Research/Project/sodium battery /Data_Failure_Mode_and_Degradation_Analysis_of_a_Commercial_Sodium-Ion_Battery_With_Severe_Gassing_Issue/Standard cycling/DOD20_2C2C_25degC/CU_at_25degC/S2000FN72C_CU_at25degC_V00_4900.ird,DOD20_2C2C_25degC,CU,S2000FN72C,0,4900,25,15.419,20.0,2.0,2.0,25.0
/media/kabir/Research/Project/sodium battery /Data_Failure_Mode_and_Degradation_Analysis_of_a_Commercial_Sodium-Ion_Battery_With_Severe_Gassing_Issue/Standard cycling/DOD20_2C2C_25degC/CU_at_25degC/S2000FN72C_CU_at25degC_V02_4941.ird,DOD20_2C2C_25degC,CU,S2000FN72C,2,4941,25,15.478,20.0,2.0,2.0,25.0
/media/kabir/Research/Project/sodium battery /Data_Failure_Mode_and_Degradation_Analysis_of_a_Commercial_Sodium-Ion_Battery_With_Severe_Gassing_Issue/Standard cycling/DOD20_2C2C_25degC/CU_at_25degC/S2000FN72C_CU_at25degC_V04_4982.ird,DOD20_2C2C_25degC,CU,S2000FN72C,4,4982,25,15.473,20.0,2.0,2.0,25.0
/media/kabir/Research/Project/sodium battery /Data_Failure_Mode_and_Degradation_Analysis_of_a_Commercial_Sodium-Ion_Battery_With_Severe_Gassing_Issue/Standard cycling/DOD20_2C2C_25degC/CU_at_25degC/S2000FN72C_CU_at25degC_V06_5029.ird,DOD20_2C2C_25degC,CU,S2000FN72C,6,5029,25,15.48,20.0,2.0,2.0,25.0
/media/kabir/Research/Project/sodium battery /Data_Failure_Mode_and_Degradation_Analysis_of_a_Commercial_Sodium-Ion_Battery_With_Severe_Gassing_Issue/Standard cycling/DOD20_2C2C_25degC/CU_at_25degC/S2000FN72C_CU_at25degC_V08_5066.ird,DOD20_2C2C_25degC,CU,S2000FN72C,8,5066,25,15.474,20.0,2.0,2.0,25.0
/media/kabir/Research/Project/sodium battery /Data_Failure_Mode_and_Degradation_Analysis_of_a_Commercial_Sodium-Ion_Battery_With_Severe_Gassing_Issue/Standard cycling/DOD20_2C2C_25degC/CU_at_25degC/S2000FN72C_CU_at25degC_V10_5109.ird,DOD20_2C2C_25degC,CU,S2000FN72C,10,5109,25,15.476,20.0,2.0,2.0,25.0
/media/kabir/Research/Project/sodium battery /Data_Failure_Mode_and_Degradation_Analysis_of_a_Commercial_Sodium-Ion_Battery_With_Severe_Gassing_Issue/Standard cycling/DOD20_2C2C_25degC/CU_at_25degC/S2000FN72C_CU_at25degC_V12_5173.ird,DOD20_2C2C_25degC,CU,S2000FN72C,12,5173,25,15.491,20.0,2.0,2.0,25.0
/media/kabir/Research/Project/sodium battery /Data_Failure_Mode_and_Degradation_Analysis_of_a_Commercial_Sodium-Ion_Battery_With_Severe_Gassing_Issue/Standard cycling/DOD20_2C2C_25degC/CU_at_25degC/S2000FN72C_CU_at25degC_V14_5215.ird,DOD20_2C2C_25degC,CU,S2000FN72C,14,5215,25,15.493,20.0,2.0,2.0,25.0
/media/kabir/Research/Project/sodium battery /Data_Failure_Mode_and_Degradation_Analysis_of_a_Commercial_Sodium-Ion_Battery_With_Severe_Gassing_Issue/Standard cycling/DOD20_2C2C_25degC/CU_at_25degC/S2000FN72C_CU_at25degC_V16_5245.ird,DOD20_2C2C_25degC,CU,S2000FN72C,16,5245,25,15.488,20.0,2.0,2.0,25.0
/media/kabir/Research/Project/sodium battery /Data_Failure_Mode_and_Degradation_Analysis_of_a_Commercial_Sodium-Ion_Battery_With_Severe_Gassing_Issue/Standard cycling/DOD20_2C2C_25degC/CU_at_25degC/S2000FN72C_CU_at25degC_V18_5298.ird,DOD20_2C2C_25degC,CU,S2000FN72C,18,5298,25,15.491,20.0,2.0,2.0,25.0
/media/kabir/Research/Project/sodium battery /Data_Failure_Mode_and_Degradation_Analysis_of_a_Commercial_Sodium-Ion_Battery_With_Severe_Gassing_Issue/Standard cycling/DOD20_2C2C_25degC/CU_at_25degC/S2000FN72C_CU_at25degC_V20_5319.ird,DOD20_2C2C_25degC,CU,S2000FN72C,20,5319,25,15.483,20.0,2.0,2.0,25.0
/media/kabir/Research/Project/sodium battery /Data_Failure_Mode_and_Degradation_Analysis_of_a_Commercial_Sodium-Ion_Battery_With_Severe_Gassing_Issue/Standard cycling/DOD20_2C2C_25degC/CU_at_25degC/S2000FN72C_CU_at25degC_V22_5343.ird,DOD20_2C2C_25degC,CU,S2000FN72C,22,5343,25,15.483,20.0,2.0,2.0,25.0
/media/kabir/Research/Project/sodium battery /Data_Failure_Mode_and_Degradation_Analysis_of_a_Commercial_Sodium-Ion_Battery_With_Severe_Gassing_Issue/Standard cycling/DOD20_2C2C_25degC/CU_at_25degC/S2000FN72C_CU_at25degC_V24_5405.ird,DOD20_2C2C_25degC,CU,S2000FN72C,24,5405,25,15.438,20.0,2.0,2.0,25.0
/media/kabir/Research/Project/sodium battery /Data_Failure_Mode_and_Degradation_Analysis_of_a_Commercial_Sodium-Ion_Battery_With_Severe_Gassing_Issue/Standard cycling/DOD20_2C2C_25degC/CU_at_25degC/S2000FN72C_CU_at25degC_V26_5423.ird,DOD20_2C2C_25degC,CU,S2000FN72C,26,5423,25,15.48,20.0,2.0,2.0,25.0
/media/kabir/Research/Project/sodium battery /Data_Failure_Mode_and_Degradation_Analysis_of_a_Commercial_Sodium-Ion_Battery_With_Severe_Gassing_Issue/Standard cycling/DOD20_2C2C_25degC/CU_at_25degC/S2000FPG1Z_CU_at25degC_V00_4898.ird,DOD20_2C2C_25degC,CU,S2000FPG1Z,0,4898,25,15.35,20.0,2.0,2.0,25.0
/media/kabir/Research/Project/sodium battery /Data_Failure_Mode_and_Degradation_Analysis_of_a_Commercial_Sodium-Ion_Battery_With_Severe_Gassing_Issue/Standard cycling/DOD20_2C2C_25degC/CU_at_25degC/S2000FPG1Z_CU_at25degC_V02_4939.ird,DOD20_2C2C_25degC,CU,S2000FPG1Z,2,4939,25,15.408,20.0,2.0,2.0,25.0
/media/kabir/Research/Project/sodium battery /Data_Failure_Mode_and_Degradation_Analysis_of_a_Commercial_Sodium-Ion_Battery_With_Severe_Gassing_Issue/Standard cycling/DOD20_2C2C_25degC/CU_at_25degC/S2000FPG1Z_CU_at25degC_V04_4979.ird,DOD20_2C2C_25degC,CU,S2000FPG1Z,4,4979,25,15.415,20.0,2.0,2.0,25.0
/media/kabir/Research/Project/sodium battery /Data_Failure_Mode_and_Degradation_Analysis_of_a_Commercial_Sodium-Ion_Battery_With_Severe_Gassing_Issue/Standard cycling/DOD20_2C2C_25degC/CU_at_25degC/S2000FPG1Z_CU_at25degC_V06_5027.ird,DOD20_2C2C_25degC,CU,S2000FPG1Z,6,5027,25,15.401,20.0,2.0,2.0,25.0
/media/kabir/Research/Project/sodium battery /Data_Failure_Mode_and_Degradation_Analysis_of_a_Commercial_Sodium-Ion_Battery_With_Severe_Gassing_Issue/Standard cycling/DOD20_2C2C_25degC/CU_at_25degC/S2000FPG1Z_CU_at25degC_V08_5064.ird,DOD20_2C2C_25degC,CU,S2000FPG1Z,8,5064,25,15.409,20.0,2.0,2.0,25.0
/media/kabir/Research/Project/sodium battery /Data_Failure_Mode_and_Degradation_Analysis_of_a_Commercial_Sodium-Ion_Battery_With_Severe_Gassing_Issue/Standard cycling/DOD20_2C2C_25degC/CU_at_25degC/S2000FPG1Z_CU_at25degC_V10_5107.ird,DOD20_2C2C_25degC,CU,S2000FPG1Z,10,5107,25,15.395,20.0,2.0,2.0,25.0
/media/kabir/Research/Project/sodium battery /Data_Failure_Mode_and_Degradation_Analysis_of_a_Commercial_Sodium-Ion_Battery_With_Severe_Gassing_Issue/Standard cycling/DOD20_2C2C_25degC/CU_at_25degC/S2000FPG1Z_CU_at25degC_V12_5147.ird,DOD20_2C2C_25degC,CU,S2000FPG1Z,12,5147,25,15.388,20.0,2.0,2.0,25.0
/media/kabir/Research/Project/sodium battery /Data_Failure_Mode_and_Degradation_Analysis_of_a_Commercial_Sodium-Ion_Battery_With_Severe_Gassing_Issue/Standard cycling/DOD20_2C2C_25degC/CU_at_25degC/S2000FPG1Z_CU_at25degC_V14_5185.ird,DOD20_2C2C_25degC,CU,S2000FPG1Z,14,5185,25,15.388,20.0,2.0,2.0,25.0
/media/kabir/Research/Project/sodium battery /Data_Failure_Mode_and_Degradation_Analysis_of_a_Commercial_Sodium-Ion_Battery_With_Severe_Gassing_Issue/Standard cycling/DOD20_2C2C_25degC/CU_at_25degC/S2000FPG1Z_CU_at25degC_V16_5224.ird,DOD20_2C2C_25degC,CU,S2000FPG1Z,16,5224,25,3.453,20.0,2.0,2.0,25.0
/media/kabir/Research/Project/sodium battery /Data_Failure_Mode_and_Degradation_Analysis_of_a_Commercial_Sodium-Ion_Battery_With_Severe_Gassing_Issue/Standard cycling/DOD20_2C2C_25degC/CU_at_25degC/S2000FPG1Z_CU_at25degC_V16_5247.ird,DOD20_2C2C_25degC,CU,S2000FPG1Z,16,5247,25,15.378,20.0,2.0,2.0,25.0
/media/kabir/Research/Project/sodium battery /Data_Failure_Mode_and_Degradation_Analysis_of_a_Commercial_Sodium-Ion_Battery_With_Severe_Gassing_Issue/Standard cycling/DOD20_2C2C_25degC/CU_at_25degC/S2000FPG1Z_CU_at25degC_V18_5296.ird,DOD20_2C2C_25degC,CU,S2000FPG1Z,18,5296,25,15.404,20.0,2.0,2.0,25.0
/media/kabir/Research/Project/sodium battery /Data_Failure_Mode_and_Degradation_Analysis_of_a_Commercial_Sodium-Ion_Battery_With_Severe_Gassing_Issue/Standard cycling/DOD20_2C2C_25degC/CU_at_25degC/S2000FPG1Z_CU_at25degC_V20_5317.ird,DOD20_2C2C_25degC,CU,S2000FPG1Z,20,5317,25,15.388,20.0,2.0,2.0,25.0
/media/kabir/Research/Project/sodium battery /Data_Failure_Mode_and_Degradation_Analysis_of_a_Commercial_Sodium-Ion_Battery_With_Severe_Gassing_Issue/Standard cycling/DOD20_2C2C_25degC/CU_at_25degC/S2000FPG1Z_CU_at25degC_V22_5341.ird,DOD20_2C2C_25degC,CU,S2000FPG1Z,22,5341,25,15.4,20.0,2.0,2.0,25.0
/media/kabir/Research/Project/sodium battery /Data_Failure_Mode_and_Degradation_Analysis_of_a_Commercial_Sodium-Ion_Battery_With_Severe_Gassing_Issue/Standard cycling/DOD20_2C2C_25degC/CU_at_25degC/S2000FPG1Z_CU_at25degC_V24_5403.ird,DOD20_2C2C_25degC,CU,S2000FPG1Z,24,5403,25,15.342,20.0,2.0,2.0,25.0
/media/kabir/Research/Project/sodium battery /Data_Failure_Mode_and_Degradation_Analysis_of_a_Commercial_Sodium-Ion_Battery_With_Severe_Gassing_Issue/Standard cycling/DOD20_2C2C_25degC/CU_at_25degC/S2000FPG1Z_CU_at25degC_V26_5421.ird,DOD20_2C2C_25degC,CU,S2000FPG1Z,26,5421,25,15.374,20.0,2.0,2.0,25.0
/media/kabir/Research/Project/sodium battery /Data_Failure_Mode_and_Degradation_Analysis_of_a_Commercial_Sodium-Ion_Battery_With_Severe_Gassing_Issue/Standard cycling/DOD20_2C2C_25degC/Cycling_Periods/S2000FN6H3_CYC_at25degC_V01_4924.ird,DOD20_2C2C_25degC,CYC,S2000FN6H3,1,4924,25,3.351,20.0,2.0,2.0,25.0
/media/kabir/Research/Project/sodium battery /Data_Failure_Mode_and_Degradation_Analysis_of_a_Commercial_Sodium-Ion_Battery_With_Severe_Gassing_Issue/Standard cycling/DOD20_2C2C_25degC/Cycling_Periods/S2000FN6H3_CYC_at25degC_V03_4958.ird,DOD20_2C2C_25degC,CYC,S2000FN6H3,3,4958,25,3.432,20.0,2.0,2.0,25.0
/media/kabir/Research/Project/sodium battery /Data_Failure_Mode_and_Degradation_Analysis_of_a_Commercial_Sodium-Ion_Battery_With_Severe_Gassing_Issue/Standard cycling/DOD20_2C2C_25degC/Cycling_Periods/S2000FN6H3_CYC_at25degC_V05_5000.ird,DOD20_2C2C_25degC,CYC,S2000FN6H3,5,5000,25,3.427,20.0,2.0,2.0,25.0
/media/kabir/Research/Project/sodium battery /Data_Failure_Mode_and_Degradation_Analysis_of_a_Commercial_Sodium-Ion_Battery_With_Severe_Gassing_Issue/Standard cycling/DOD20_2C2C_25degC/Cycling_Periods/S2000FN6H3_CYC_at25degC_V07_5041.ird,DOD20_2C2C_25degC,CYC,S2000FN6H3,7,5041,25,3.426,20.0,2.0,2.0,25.0
/media/kabir/Research/Project/sodium battery /Data_Failure_Mode_and_Degradation_Analysis_of_a_Commercial_Sodium-Ion_Battery_With_Severe_Gassing_Issue/Standard cycling/DOD20_2C2C_25degC/Cycling_Periods/S2000FN6H3_CYC_at25degC_V09_5082.ird,DOD20_2C2C_25degC,CYC,S2000FN6H3,9,5082,25,3.423,20.0,2.0,2.0,25.0
/media/kabir/Research/Project/sodium battery /Data_Failure_Mode_and_Degradation_Analysis_of_a_Commercial_Sodium-Ion_Battery_With_Severe_Gassing_Issue/Standard cycling/DOD20_2C2C_25degC/Cycling_Periods/S2000FN6H3_CYC_at25degC_V11_5127.ird,DOD20_2C2C_25degC,CYC,S2000FN6H3,11,5127,25,3.423,20.0,2.0,2.0,25.0
/media/kabir/Research/Project/sodium battery /Data_Failure_Mode_and_Degradation_Analysis_of_a_Commercial_Sodium-Ion_Battery_With_Severe_Gassing_Issue/Standard cycling/DOD20_2C2C_25degC/Cycling_Periods/S2000FN6H3_CYC_at25degC_V13_5175.ird,DOD20_2C2C_25degC,CYC,S2000FN6H3,13,5175,25,3.422,20.0,2.0,2.0,25.0
/media/kabir/Research/Project/sodium battery /Data_Failure_Mode_and_Degradation_Analysis_of_a_Commercial_Sodium-Ion_Battery_With_Severe_Gassing_Issue/Standard cycling/DOD20_2C2C_25degC/Cycling_Periods/S2000FN6H3_CYC_at25degC_V15_5204.ird,DOD20_2C2C_25degC,CYC,S2000FN6H3,15,5204,25,3.422,20.0,2.0,2.0,25.0
/media/kabir/Research/Project/sodium battery /Data_Failure_Mode_and_Degradation_Analysis_of_a_Commercial_Sodium-Ion_Battery_With_Severe_Gassing_Issue/Standard cycling/DOD20_2C2C_25degC/Cycling_Periods/S2000FN6H3_CYC_at25degC_V17_5264.ird,DOD20_2C2C_25degC,CYC,S2000FN6H3,17,5264,25,3.422,20.0,2.0,2.0,25.0
/media/kabir/Research/Project/sodium battery /Data_Failure_Mode_and_Degradation_Analysis_of_a_Commercial_Sodium-Ion_Battery_With_Severe_Gassing_Issue/Standard cycling/DOD20_2C2C_25degC/Cycling_Periods/S2000FN6H3_CYC_at25degC_V19_5300.ird,DOD20_2C2C_25degC,CYC,S2000FN6H3,19,5300,25,3.418,20.0,2.0,2.0,25.0
/media/kabir/Research/Project/sodium battery /Data_Failure_Mode_and_Degradation_Analysis_of_a_Commercial_Sodium-Ion_Battery_With_Severe_Gassing_Issue/Standard cycling/DOD20_2C2C_25degC/Cycling_Periods/S2000FN6H3_CYC_at25degC_V21_5330.ird,DOD20_2C2C_25degC,CYC,S2000FN6H3,21,5330,25,3.417,20.0,2.0,2.0,25.0
/media/kabir/Research/Project/sodium battery /Data_Failure_Mode_and_Degradation_Analysis_of_a_Commercial_Sodium-Ion_Battery_With_Severe_Gassing_Issue/Standard cycling/DOD20_2C2C_25degC/Cycling_Periods/S2000FN6H3_CYC_at25degC_V23_5360.ird,DOD20_2C2C_25degC,CYC,S2000FN6H3,23,5360,25,16.726,20.0,2.0,2.0,25.0
/media/kabir/Research/Project/sodium battery /Data_Failure_Mode_and_Degradation_Analysis_of_a_Commercial_Sodium-Ion_Battery_With_Severe_Gassing_Issue/Standard cycling/DOD20_2C2C_25degC/Cycling_Periods/S2000FN6H3_CYC_at25degC_V25_5416.ird,DOD20_2C2C_25degC,CYC,S2000FN6H3,25,5416,25,3.423,20.0,2.0,2.0,25.0
/media/kabir/Research/Project/sodium battery /Data_Failure_Mode_and_Degradation_Analysis_of_a_Commercial_Sodium-Ion_Battery_With_Severe_Gassing_Issue/Standard cycling/DOD20_2C2C_25degC/Cycling_Periods/S2000FN72C_CYC_at25degC_V01_4925.ird,DOD20_2C2C_25degC,CYC,S2000FN72C,1,4925,25,3.35,20.0,2.0,2.0,25.0
/media/kabir/Research/Project/sodium battery /Data_Failure_Mode_and_Degradation_Analysis_of_a_Commercial_Sodium-Ion_Battery_With_Severe_Gassing_Issue/Standard cycling/DOD20_2C2C_25degC/Cycling_Periods/S2000FN72C_CYC_at25degC_V03_4959.ird,DOD20_2C2C_25degC,CYC,S2000FN72C,3,4959,25,3.434,20.0,2.0,2.0,25.0
/media/kabir/Research/Project/sodium battery /Data_Failure_Mode_and_Degradation_Analysis_of_a_Commercial_Sodium-Ion_Battery_With_Severe_Gassing_Issue/Standard cycling/DOD20_2C2C_25degC/Cycling_Periods/S2000FN72C_CYC_at25degC_V05_5001.ird,DOD20_2C2C_25degC,CYC,S2000FN72C,5,5001,25,3.428,20.0,2.0,2.0,25.0
/media/kabir/Research/Project/sodium battery /Data_Failure_Mode_and_Degradation_Analysis_of_a_Commercial_Sodium-Ion_Battery_With_Severe_Gassing_Issue/Standard cycling/DOD20_2C2C_25degC/Cycling_Periods/S2000FN72C_CYC_at25degC_V07_5042.ird,DOD20_2C2C_25degC,CYC,S2000FN72C,7,5042,25,3.424,20.0,2.0,2.0,25.0
/media/kabir/Research/Project/sodium battery /Data_Failure_Mode_and_Degradation_Analysis_of_a_Commercial_Sodium-Ion_Battery_With_Severe_Gassing_Issue/Standard cycling/DOD20_2C2C_25degC/Cycling_Periods/S2000FN72C_CYC_at25degC_V09_5083.ird,DOD20_2C2C_25degC,CYC,S2000FN72C,9,5083,25,3.424,20.0,2.0,2.0,25.0
/media/kabir/Research/Project/sodium battery /Data_Failure_Mode_and_Degradation_Analysis_of_a_Commercial_Sodium-Ion_Battery_With_Severe_Gassing_Issue/Standard cycling/DOD20_2C2C_25degC/Cycling_Periods/S2000FN72C_CYC_at25degC_V11_5137.ird,DOD20_2C2C_25degC,CYC,S2000FN72C,11,5137,25,3.417,20.0,2.0,2.0,25.0
/media/kabir/Research/Project/sodium battery /Data_Failure_Mode_and_Degradation_Analysis_of_a_Commercial_Sodium-Ion_Battery_With_Severe_Gassing_Issue/Standard cycling/DOD20_2C2C_25degC/Cycling_Periods/S2000FN72C_CYC_at25degC_V13_5187.ird,DOD20_2C2C_25degC,CYC,S2000FN72C,13,5187,25,3.413,20.0,2.0,2.0,25.0
/media/kabir/Research/Project/sodium battery /Data_Failure_Mode_and_Degradation_Analysis_of_a_Commercial_Sodium-Ion_Battery_With_Severe_Gassing_Issue/Standard cycling/DOD20_2C2C_25degC/Cycling_Periods/S2000FN72C_CYC_at25degC_V15_5231.ird,DOD20_2C2C_25degC,CYC,S2000FN72C,15,5231,25,3.41,20.0,2.0,2.0,25.0
/media/kabir/Research/Project/sodium battery /Data_Failure_Mode_and_Degradation_Analysis_of_a_Commercial_Sodium-Ion_Battery_With_Severe_Gassing_Issue/Standard cycling/DOD20_2C2C_25degC/Cycling_Periods/S2000FN72C_CYC_at25degC_V17_5265.ird,DOD20_2C2C_25degC,CYC,S2000FN72C,17,5265,25,3.406,20.0,2.0,2.0,25.0
/media/kabir/Research/Project/sodium battery /Data_Failure_Mode_and_Degradation_Analysis_of_a_Commercial_Sodium-Ion_Battery_With_Severe_Gassing_Issue/Standard cycling/DOD20_2C2C_25degC/Cycling_Periods/S2000FN72C_CYC_at25degC_V19_5301.ird,DOD20_2C2C_25degC,CYC,S2000FN72C,19,5301,25,3.403,20.0,2.0,2.0,25.0
/media/kabir/Research/Project/sodium battery /Data_Failure_Mode_and_Degradation_Analysis_of_a_Commercial_Sodium-Ion_Battery_With_Severe_Gassing_Issue/Standard cycling/DOD20_2C2C_25degC/Cycling_Periods/S2000FN72C_CYC_at25degC_V21_5331.ird,DOD20_2C2C_25degC,CYC,S2000FN72C,21,5331,25,3.404,20.0,2.0,2.0,25.0
/media/kabir/Research/Project/sodium battery /Data_Failure_Mode_and_Degradation_Analysis_of_a_Commercial_Sodium-Ion_Battery_With_Severe_Gassing_Issue/Standard cycling/DOD20_2C2C_25degC/Cycling_Periods/S2000FN72C_CYC_at25degC_V23_5362.ird,DOD20_2C2C_25degC,CYC,S2000FN72C,23,5362,25,16.689,20.0,2.0,2.0,25.0
/media/kabir/Research/Project/sodium battery /Data_Failure_Mode_and_Degradation_Analysis_of_a_Commercial_Sodium-Ion_Battery_With_Severe_Gassing_Issue/Standard cycling/DOD20_2C2C_25degC/Cycling_Periods/S2000FN72C_CYC_at25degC_V25_5417.ird,DOD20_2C2C_25degC,CYC,S2000FN72C,25,5417,25,3.412,20.0,2.0,2.0,25.0
/media/kabir/Research/Project/sodium battery /Data_Failure_Mode_and_Degradation_Analysis_of_a_Commercial_Sodium-Ion_Battery_With_Severe_Gassing_Issue/Standard cycling/DOD20_2C2C_25degC/Cycling_Periods/S2000FPG1Z_CYC_at25degC_V01_4921.ird,DOD20_2C2C_25degC,CYC,S2000FPG1Z,1,4921,25,3.372,20.0,2.0,2.0,25.0
/media/kabir/Research/Project/sodium battery /Data_Failure_Mode_and_Degradation_Analysis_of_a_Commercial_Sodium-Ion_Battery_With_Severe_Gassing_Issue/Standard cycling/DOD20_2C2C_25degC/Cycling_Periods/S2000FPG1Z_CYC_at25degC_V03_4957.ird,DOD20_2C2C_25degC,CYC,S2000FPG1Z,3,4957,25,3.456,20.0,2.0,2.0,25.0
/media/kabir/Research/Project/sodium battery /Data_Failure_Mode_and_Degradation_Analysis_of_a_Commercial_Sodium-Ion_Battery_With_Severe_Gassing_Issue/Standard cycling/DOD20_2C2C_25degC/Cycling_Periods/S2000FPG1Z_CYC_at25degC_V05_4999.ird,DOD20_2C2C_25degC,CYC,S2000FPG1Z,5,4999,25,3.452,20.0,2.0,2.0,25.0
/media/kabir/Research/Project/sodium battery /Data_Failure_Mode_and_Degradation_Analysis_of_a_Commercial_Sodium-Ion_Battery_With_Severe_Gassing_Issue/Standard cycling/DOD20_2C2C_25degC/Cycling_Periods/S2000FPG1Z_CYC_at25degC_V07_5040.ird,DOD20_2C2C_25degC,CYC,S2000FPG1Z,7,5040,25,3.45,20.0,2.0,2.0,25.0
/media/kabir/Research/Project/sodium battery /Data_Failure_Mode_and_Degradation_Analysis_of_a_Commercial_Sodium-Ion_Battery_With_Severe_Gassing_Issue/Standard cycling/DOD20_2C2C_25degC/Cycling_Periods/S2000FPG1Z_CYC_at25degC_V09_5081.ird,DOD20_2C2C_25degC,CYC,S2000FPG1Z,9,5081,25,3.449,20.0,2.0,2.0,25.0
/media/kabir/Research/Project/sodium battery /Data_Failure_Mode_and_Degradation_Analysis_of_a_Commercial_Sodium-Ion_Battery_With_Severe_Gassing_Issue/Standard cycling/DOD20_2C2C_25degC/Cycling_Periods/S2000FPG1Z_CYC_at25degC_V11_5126.ird,DOD20_2C2C_25degC,CYC,S2000FPG1Z,11,5126,25,3.445,20.0,2.0,2.0,25.0
/media/kabir/Research/Project/sodium battery /Data_Failure_Mode_and_Degradation_Analysis_of_a_Commercial_Sodium-Ion_Battery_With_Severe_Gassing_Issue/Standard cycling/DOD20_2C2C_25degC/Cycling_Periods/S2000FPG1Z_CYC_at25degC_V13_5174.ird,DOD20_2C2C_25degC,CYC,S2000FPG1Z,13,5174,25,3.441,20.0,2.0,2.0,25.0
/media/kabir/Research/Project/sodium battery /Data_Failure_Mode_and_Degradation_Analysis_of_a_Commercial_Sodium-Ion_Battery_With_Severe_Gassing_Issue/Standard cycling/DOD20_2C2C_25degC/Cycling_Periods/S2000FPG1Z_CYC_at25degC_V15_5203.ird,DOD20_2C2C_25degC,CYC,S2000FPG1Z,15,5203,25,3.442,20.0,2.0,2.0,25.0
/media/kabir/Research/Project/sodium battery /Data_Failure_Mode_and_Degradation_Analysis_of_a_Commercial_Sodium-Ion_Battery_With_Severe_Gassing_Issue/Standard cycling/DOD20_2C2C_25degC/Cycling_Periods/S2000FPG1Z_CYC_at25degC_V17_5263.ird,DOD20_2C2C_25degC,CYC,S2000FPG1Z,17,5263,25,3.441,20.0,2.0,2.0,25.0
/media/kabir/Research/Project/sodium battery /Data_Failure_Mode_and_Degradation_Analysis_of_a_Commercial_Sodium-Ion_Battery_With_Severe_Gassing_Issue/Standard cycling/DOD20_2C2C_25degC/Cycling_Periods/S2000FPG1Z_CYC_at25degC_V19_5299.ird,DOD20_2C2C_25degC,CYC,S2000FPG1Z,19,5299,25,3.436,20.0,2.0,2.0,25.0
/media/kabir/Research/Project/sodium battery /Data_Failure_Mode_and_Degradation_Analysis_of_a_Commercial_Sodium-Ion_Battery_With_Severe_Gassing_Issue/Standard cycling/DOD20_2C2C_25degC/Cycling_Periods/S2000FPG1Z_CYC_at25degC_V21_5329.ird,DOD20_2C2C_25degC,CYC,S2000FPG1Z,21,5329,25,3.434,20.0,2.0,2.0,25.0
/media/kabir/Research/Project/sodium battery /Data_Failure_Mode_and_Degradation_Analysis_of_a_Commercial_Sodium-Ion_Battery_With_Severe_Gassing_Issue/Standard cycling/DOD20_2C2C_25degC/Cycling_Periods/S2000FPG1Z_CYC_at25degC_V23_5361.ird,DOD20_2C2C_25degC,CYC,S2000FPG1Z,23,5361,25,16.824,20.0,2.0,2.0,25.0
/media/kabir/Research/Project/sodium battery /Data_Failure_Mode_and_Degradation_Analysis_of_a_Commercial_Sodium-Ion_Battery_With_Severe_Gassing_Issue/Standard cycling/DOD20_2C2C_25degC/Cycling_Periods/S2000FPG1Z_CYC_at25degC_V25_5415.ird,DOD20_2C2C_25degC,CYC,S2000FPG1Z,25,5415,25,3.438,20.0,2.0,2.0,25.0
/media/kabir/Research/Project/sodium battery /Data_Failure_Mode_and_Degradation_Analysis_of_a_Commercial_Sodium-Ion_Battery_With_Severe_Gassing_Issue/Standard cycling/DOD20_2C2C_40degC/CU_at_25degC/S2000FM244_CU_at25degC_V00_4911.ird,DOD20_2C2C_40degC,CU,S2000FM244,0,4911,25,15.255,20.0,2.0,2.0,40.0
/media/kabir/Research/Project/sodium battery /Data_Failure_Mode_and_Degradation_Analysis_of_a_Commercial_Sodium-Ion_Battery_With_Severe_Gassing_Issue/Standard cycling/DOD20_2C2C_40degC/CU_at_25degC/S2000FM244_CU_at25degC_V02_4948.ird,DOD20_2C2C_40degC,CU,S2000FM244,2,4948,25,15.318,20.0,2.0,2.0,40.0
/media/kabir/Research/Project/sodium battery /Data_Failure_Mode_and_Degradation_Analysis_of_a_Commercial_Sodium-Ion_Battery_With_Severe_Gassing_Issue/Standard cycling/DOD20_2C2C_40degC/CU_at_25degC/S2000FM244_CU_at25degC_V04_4992.ird,DOD20_2C2C_40degC,CU,S2000FM244,4,4992,25,15.305,20.0,2.0,2.0,40.0
/media/kabir/Research/Project/sodium battery /Data_Failure_Mode_and_Degradation_Analysis_of_a_Commercial_Sodium-Ion_Battery_With_Severe_Gassing_Issue/Standard cycling/DOD20_2C2C_40degC/CU_at_25degC/S2000FM244_CU_at25degC_V06_5036.ird,DOD20_2C2C_40degC,CU,S2000FM244,6,5036,25,15.307,20.0,2.0,2.0,40.0
/media/kabir/Research/Project/sodium battery /Data_Failure_Mode_and_Degradation_Analysis_of_a_Commercial_Sodium-Ion_Battery_With_Severe_Gassing_Issue/Standard cycling/DOD20_2C2C_40degC/CU_at_25degC/S2000FM244_CU_at25degC_V08_5075.ird,DOD20_2C2C_40degC,CU,S2000FM244,8,5075,25,15.29,20.0,2.0,2.0,40.0
/media/kabir/Research/Project/sodium battery /Data_Failure_Mode_and_Degradation_Analysis_of_a_Commercial_Sodium-Ion_Battery_With_Severe_Gassing_Issue/Standard cycling/DOD20_2C2C_40degC/CU_at_25degC/S2000FM244_CU_at25degC_V10_5124.ird,DOD20_2C2C_40degC,CU,S2000FM244,10,5124,25,15.308,20.0,2.0,2.0,40.0
/media/kabir/Research/Project/sodium battery /Data_Failure_Mode_and_Degradation_Analysis_of_a_Commercial_Sodium-Ion_Battery_With_Severe_Gassing_Issue/Standard cycling/DOD20_2C2C_40degC/CU_at_25degC/S2000FM244_CU_at25degC_V12_5168.ird,DOD20_2C2C_40degC,CU,S2000FM244,12,5168,25,15.302,20.0,2.0,2.0,40.0
/media/kabir/Research/Project/sodium battery /Data_Failure_Mode_and_Degradation_Analysis_of_a_Commercial_Sodium-Ion_Battery_With_Severe_Gassing_Issue/Standard cycling/DOD20_2C2C_40degC/CU_at_25degC/S2000FM244_CU_at25degC_V14_5195.ird,DOD20_2C2C_40degC,CU,S2000FM244,14,5195,25,15.29,20.0,2.0,2.0,40.0
/media/kabir/Research/Project/sodium battery /Data_Failure_Mode_and_Degradation_Analysis_of_a_Commercial_Sodium-Ion_Battery_With_Severe_Gassing_Issue/Standard cycling/DOD20_2C2C_40degC/CU_at_25degC/S2000FM244_CU_at25degC_V16_5237.ird,DOD20_2C2C_40degC,CU,S2000FM244,16,5237,25,15.25,20.0,2.0,2.0,40.0
/media/kabir/Research/Project/sodium battery /Data_Failure_Mode_and_Degradation_Analysis_of_a_Commercial_Sodium-Ion_Battery_With_Severe_Gassing_Issue/Standard cycling/DOD20_2C2C_40degC/CU_at_25degC/S2000FM244_CU_at25degC_V18_5273.ird,DOD20_2C2C_40degC,CU,S2000FM244,18,5273,25,15.258,20.0,2.0,2.0,40.0
/media/kabir/Research/Project/sodium battery /Data_Failure_Mode_and_Degradation_Analysis_of_a_Commercial_Sodium-Ion_Battery_With_Severe_Gassing_Issue/Standard cycling/DOD20_2C2C_40degC/CU_at_25degC/S2000FM244_CU_at25degC_V20_5303.ird,DOD20_2C2C_40degC,CU,S2000FM244,20,5303,25,15.277,20.0,2.0,2.0,40.0
/media/kabir/Research/Project/sodium battery /Data_Failure_Mode_and_Degradation_Analysis_of_a_Commercial_Sodium-Ion_Battery_With_Severe_Gassing_Issue/Standard cycling/DOD20_2C2C_40degC/CU_at_25degC/S2000FM244_CU_at25degC_V22_5336.ird,DOD20_2C2C_40degC,CU,S2000FM244,22,5336,25,12.761,20.0,2.0,2.0,40.0
/media/kabir/Research/Project/sodium battery /Data_Failure_Mode_and_Degradation_Analysis_of_a_Commercial_Sodium-Ion_Battery_With_Severe_Gassing_Issue/Standard cycling/DOD20_2C2C_40degC/CU_at_25degC/S2000FM244_CU_at25degC_V24_5351.ird,DOD20_2C2C_40degC,CU,S2000FM244,24,5351,25,15.262,20.0,2.0,2.0,40.0
/media/kabir/Research/Project/sodium battery /Data_Failure_Mode_and_Degradation_Analysis_of_a_Commercial_Sodium-Ion_Battery_With_Severe_Gassing_Issue/Standard cycling/DOD20_2C2C_40degC/CU_at_25degC/S2000FM244_CU_at25degC_V26_5413.ird,DOD20_2C2C_40degC,CU,S2000FM244,26,5413,25,15.246,20.0,2.0,2.0,40.0
/media/kabir/Research/Project/sodium battery /Data_Failure_Mode_and_Degradation_Analysis_of_a_Commercial_Sodium-Ion_Battery_With_Severe_Gassing_Issue/Standard cycling/DOD20_2C2C_40degC/CU_at_25degC/S2000FMW48_CU_at25degC_V00_4910.ird,DOD20_2C2C_40degC,CU,S2000FMW48,0,4910,25,15.419,20.0,2.0,2.0,40.0
/media/kabir/Research/Project/sodium battery /Data_Failure_Mode_and_Degradation_Analysis_of_a_Commercial_Sodium-Ion_Battery_With_Severe_Gassing_Issue/Standard cycling/DOD20_2C2C_40degC/CU_at_25degC/S2000FMW48_CU_at25degC_V02_4947.ird,DOD20_2C2C_40degC,CU,S2000FMW48,2,4947,25,15.427,20.0,2.0,2.0,40.0
/media/kabir/Research/Project/sodium battery /Data_Failure_Mode_and_Degradation_Analysis_of_a_Commercial_Sodium-Ion_Battery_With_Severe_Gassing_Issue/Standard cycling/DOD20_2C2C_40degC/CU_at_25degC/S2000FMW48_CU_at25degC_V04_4991.ird,DOD20_2C2C_40degC,CU,S2000FMW48,4,4991,25,15.416,20.0,2.0,2.0,40.0
/media/kabir/Research/Project/sodium battery /Data_Failure_Mode_and_Degradation_Analysis_of_a_Commercial_Sodium-Ion_Battery_With_Severe_Gassing_Issue/Standard cycling/DOD20_2C2C_40degC/CU_at_25degC/S2000FMW48_CU_at25degC_V06_5035.ird,DOD20_2C2C_40degC,CU,S2000FMW48,6,5035,25,15.414,20.0,2.0,2.0,40.0
/media/kabir/Research/Project/sodium battery /Data_Failure_Mode_and_Degradation_Analysis_of_a_Commercial_Sodium-Ion_Battery_With_Severe_Gassing_Issue/Standard cycling/DOD20_2C2C_40degC/CU_at_25degC/S2000FMW48_CU_at25degC_V08_5074.ird,DOD20_2C2C_40degC,CU,S2000FMW48,8,5074,25,15.414,20.0,2.0,2.0,40.0
/media/kabir/Research/Project/sodium battery /Data_Failure_Mode_and_Degradation_Analysis_of_a_Commercial_Sodium-Ion_Battery_With_Severe_Gassing_Issue/Standard cycling/DOD20_2C2C_40degC/CU_at_25degC/S2000FMW48_CU_at25degC_V10_5123.ird,DOD20_2C2C_40degC,CU,S2000FMW48,10,5123,25,15.404,20.0,2.0,2.0,40.0
/media/kabir/Research/Project/sodium battery /Data_Failure_Mode_and_Degradation_Analysis_of_a_Commercial_Sodium-Ion_Battery_With_Severe_Gassing_Issue/Standard cycling/DOD20_2C2C_40degC/CU_at_25degC/S2000FMW48_CU_at25degC_V12_5167.ird,DOD20_2C2C_40degC,CU,S2000FMW48,12,5167,25,15.388,20.0,2.0,2.0,40.0
/media/kabir/Research/Project/sodium battery /Data_Failure_Mode_and_Degradation_Analysis_of_a_Commercial_Sodium-Ion_Battery_With_Severe_Gassing_Issue/Standard cycling/DOD20_2C2C_40degC/CU_at_25degC/S2000FMW48_CU_at25degC_V14_5194.ird,DOD20_2C2C_40degC,CU,S2000FMW48,14,5194,25,15.419,20.0,2.0,2.0,40.0
/media/kabir/Research/Project/sodium battery /Data_Failure_Mode_and_Degradation_Analysis_of_a_Commercial_Sodium-Ion_Battery_With_Severe_Gassing_Issue/Standard cycling/DOD20_2C2C_40degC/CU_at_25degC/S2000FMW48_CU_at25degC_V16_5236.ird,DOD20_2C2C_40degC,CU,S2000FMW48,16,5236,25,15.375,20.0,2.0,2.0,40.0
/media/kabir/Research/Project/sodium battery /Data_Failure_Mode_and_Degradation_Analysis_of_a_Commercial_Sodium-Ion_Battery_With_Severe_Gassing_Issue/Standard cycling/DOD20_2C2C_40degC/CU_at_25degC/S2000FMW48_CU_at25degC_V18_5272.ird,DOD20_2C2C_40degC,CU,S2000FMW48,18,5272,25,15.376,20.0,2.0,2.0,40.0
/media/kabir/Research/Project/sodium battery /Data_Failure_Mode_and_Degradation_Analysis_of_a_Commercial_Sodium-Ion_Battery_With_Severe_Gassing_Issue/Standard cycling/DOD20_2C2C_40degC/CU_at_25degC/S2000FMW48_CU_at25degC_V20_5302.ird,DOD20_2C2C_40degC,CU,S2000FMW48,20,5302,25,15.4,20.0,2.0,2.0,40.0
/media/kabir/Research/Project/sodium battery /Data_Failure_Mode_and_Degradation_Analysis_of_a_Commercial_Sodium-Ion_Battery_With_Severe_Gassing_Issue/Standard cycling/DOD20_2C2C_40degC/CU_at_25degC/S2000FMW48_CU_at25degC_V22_5335.ird,DOD20_2C2C_40degC,CU,S2000FMW48,22,5335,25,12.673,20.0,2.0,2.0,40.0
/media/kabir/Research/Project/sodium battery /Data_Failure_Mode_and_Degradation_Analysis_of_a_Commercial_Sodium-Ion_Battery_With_Severe_Gassing_Issue/Standard cycling/DOD20_2C2C_40degC/CU_at_25degC/S2000FMW48_CU_at25degC_V24_5350.ird,DOD20_2C2C_40degC,CU,S2000FMW48,24,5350,25,15.379,20.0,2.0,2.0,40.0
/media/kabir/Research/Project/sodium battery /Data_Failure_Mode_and_Degradation_Analysis_of_a_Commercial_Sodium-Ion_Battery_With_Severe_Gassing_Issue/Standard cycling/DOD20_2C2C_40degC/CU_at_25degC/S2000FMW48_CU_at25degC_V26_5412.ird,DOD20_2C2C_40degC,CU,S2000FMW48,26,5412,25,15.369,20.0,2.0,2.0,40.0
/media/kabir/Research/Project/sodium battery /Data_Failure_Mode_and_Degradation_Analysis_of_a_Commercial_Sodium-Ion_Battery_With_Severe_Gassing_Issue/Standard cycling/DOD20_2C2C_40degC/CU_at_25degC/S2000FN0IZ_CU_at25degC_V00_4912.ird,DOD20_2C2C_40degC,CU,S2000FN0IZ,0,4912,25,15.488,20.0,2.0,2.0,40.0
/media/kabir/Research/Project/sodium battery /Data_Failure_Mode_and_Degradation_Analysis_of_a_Commercial_Sodium-Ion_Battery_With_Severe_Gassing_Issue/Standard cycling/DOD20_2C2C_40degC/CU_at_25degC/S2000FN0IZ_CU_at25degC_V02_4949.ird,DOD20_2C2C_40degC,CU,S2000FN0IZ,2,4949,25,15.53,20.0,2.0,2.0,40.0
/media/kabir/Research/Project/sodium battery /Data_Failure_Mode_and_Degradation_Analysis_of_a_Commercial_Sodium-Ion_Battery_With_Severe_Gassing_Issue/Standard cycling/DOD20_2C2C_40degC/CU_at_25degC/S2000FN0IZ_CU_at25degC_V04_4993.ird,DOD20_2C2C_40degC,CU,S2000FN0IZ,4,4993,25,15.519,20.0,2.0,2.0,40.0
/media/kabir/Research/Project/sodium battery /Data_Failure_Mode_and_Degradation_Analysis_of_a_Commercial_Sodium-Ion_Battery_With_Severe_Gassing_Issue/Standard cycling/DOD20_2C2C_40degC/CU_at_25degC/S2000FN0IZ_CU_at25degC_V06_5037.ird,DOD20_2C2C_40degC,CU,S2000FN0IZ,6,5037,25,15.547,20.0,2.0,2.0,40.0
/media/kabir/Research/Project/sodium battery /Data_Failure_Mode_and_Degradation_Analysis_of_a_Commercial_Sodium-Ion_Battery_With_Severe_Gassing_Issue/Standard cycling/DOD20_2C2C_40degC/CU_at_25degC/S2000FN0IZ_CU_at25degC_V08_5076.ird,DOD20_2C2C_40degC,CU,S2000FN0IZ,8,5076,25,15.527,20.0,2.0,2.0,40.0
/media/kabir/Research/Project/sodium battery /Data_Failure_Mode_and_Degradation_Analysis_of_a_Commercial_Sodium-Ion_Battery_With_Severe_Gassing_Issue/Standard cycling/DOD20_2C2C_40degC/CU_at_25degC/S2000FN0IZ_CU_at25degC_V10_5125.ird,DOD20_2C2C_40degC,CU,S2000FN0IZ,10,5125,25,15.547,20.0,2.0,2.0,40.0
/media/kabir/Research/Project/sodium battery /Data_Failure_Mode_and_Degradation_Analysis_of_a_Commercial_Sodium-Ion_Battery_With_Severe_Gassing_Issue/Standard cycling/DOD20_2C2C_40degC/CU_at_25degC/S2000FN0IZ_CU_at25degC_V12_5169.ird,DOD20_2C2C_40degC,CU,S2000FN0IZ,12,5169,25,15.515,20.0,2.0,2.0,40.0
/media/kabir/Research/Project/sodium battery /Data_Failure_Mode_and_Degradation_Analysis_of_a_Commercial_Sodium-Ion_Battery_With_Severe_Gassing_Issue/Standard cycling/DOD20_2C2C_40degC/CU_at_25degC/S2000FN0IZ_CU_at25degC_V14_5196.ird,DOD20_2C2C_40degC,CU,S2000FN0IZ,14,5196,25,15.525,20.0,2.0,2.0,40.0
/media/kabir/Research/Project/sodium battery /Data_Failure_Mode_and_Degradation_Analysis_of_a_Commercial_Sodium-Ion_Battery_With_Severe_Gassing_Issue/Standard cycling/DOD20_2C2C_40degC/CU_at_25degC/S2000FN0IZ_CU_at25degC_V16_5238.ird,DOD20_2C2C_40degC,CU,S2000FN0IZ,16,5238,25,15.428,20.0,2.0,2.0,40.0
/media/kabir/Research/Project/sodium battery /Data_Failure_Mode_and_Degradation_Analysis_of_a_Commercial_Sodium-Ion_Battery_With_Severe_Gassing_Issue/Standard cycling/DOD20_2C2C_40degC/CU_at_25degC/S2000FN0IZ_CU_at25degC_V18_5274.ird,DOD20_2C2C_40degC,CU,S2000FN0IZ,18,5274,25,15.488,20.0,2.0,2.0,40.0
/media/kabir/Research/Project/sodium battery /Data_Failure_Mode_and_Degradation_Analysis_of_a_Commercial_Sodium-Ion_Battery_With_Severe_Gassing_Issue/Standard cycling/DOD20_2C2C_40degC/CU_at_25degC/S2000FN0IZ_CU_at25degC_V20_5304.ird,DOD20_2C2C_40degC,CU,S2000FN0IZ,20,5304,25,15.508,20.0,2.0,2.0,40.0
/media/kabir/Research/Project/sodium battery /Data_Failure_Mode_and_Degradation_Analysis_of_a_Commercial_Sodium-Ion_Battery_With_Severe_Gassing_Issue/Standard cycling/DOD20_2C2C_40degC/CU_at_25degC/S2000FN0IZ_CU_at25degC_V22_5337.ird,DOD20_2C2C_40degC,CU,S2000FN0IZ,22,5337,25,12.529,20.0,2.0,2.0,40.0
/media/kabir/Research/Project/sodium battery /Data_Failure_Mode_and_Degradation_Analysis_of_a_Commercial_Sodium-Ion_Battery_With_Severe_Gassing_Issue/Standard cycling/DOD20_2C2C_40degC/CU_at_25degC/S2000FN0IZ_CU_at25degC_V24_5352.ird,DOD20_2C2C_40degC,CU,S2000FN0IZ,24,5352,25,15.501,20.0,2.0,2.0,40.0
/media/kabir/Research/Project/sodium battery /Data_Failure_Mode_and_Degradation_Analysis_of_a_Commercial_Sodium-Ion_Battery_With_Severe_Gassing_Issue/Standard cycling/DOD20_2C2C_40degC/CU_at_25degC/S2000FN0IZ_CU_at25degC_V26_5414.ird,DOD20_2C2C_40degC,CU,S2000FN0IZ,26,5414,25,15.477,20.0,2.0,2.0,40.0
/media/kabir/Research/Project/sodium battery /Data_Failure_Mode_and_Degradation_Analysis_of_a_Commercial_Sodium-Ion_Battery_With_Severe_Gassing_Issue/Standard cycling/DOD20_2C2C_40degC/Cycling_Periods/S2000FM244_CYC_at40degC_V01_4936.ird,DOD20_2C2C_40degC,CYC,S2000FM244,1,4936,40,3.187,20.0,2.0,2.0,40.0
/media/kabir/Research/Project/sodium battery /Data_Failure_Mode_and_Degradation_Analysis_of_a_Commercial_Sodium-Ion_Battery_With_Severe_Gassing_Issue/Standard cycling/DOD20_2C2C_40degC/Cycling_Periods/S2000FM244_CYC_at40degC_V03_4962.ird,DOD20_2C2C_40degC,CYC,S2000FM244,3,4962,40,3.281,20.0,2.0,2.0,40.0
/media/kabir/Research/Project/sodium battery /Data_Failure_Mode_and_Degradation_Analysis_of_a_Commercial_Sodium-Ion_Battery_With_Severe_Gassing_Issue/Standard cycling/DOD20_2C2C_40degC/Cycling_Periods/S2000FM244_CYC_at40degC_V05_5010.ird,DOD20_2C2C_40degC,CYC,S2000FM244,5,5010,40,3.284,20.0,2.0,2.0,40.0
/media/kabir/Research/Project/sodium battery /Data_Failure_Mode_and_Degradation_Analysis_of_a_Commercial_Sodium-Ion_Battery_With_Severe_Gassing_Issue/Standard cycling/DOD20_2C2C_40degC/Cycling_Periods/S2000FM244_CYC_at40degC_V07_5050.ird,DOD20_2C2C_40degC,CYC,S2000FM244,7,5050,40,3.286,20.0,2.0,2.0,40.0
/media/kabir/Research/Project/sodium battery /Data_Failure_Mode_and_Degradation_Analysis_of_a_Commercial_Sodium-Ion_Battery_With_Severe_Gassing_Issue/Standard cycling/DOD20_2C2C_40degC/Cycling_Periods/S2000FM244_CYC_at40degC_V09_5093.ird,DOD20_2C2C_40degC,CYC,S2000FM244,9,5093,40,3.286,20.0,2.0,2.0,40.0
/media/kabir/Research/Project/sodium battery /Data_Failure_Mode_and_Degradation_Analysis_of_a_Commercial_Sodium-Ion_Battery_With_Severe_Gassing_Issue/Standard cycling/DOD20_2C2C_40degC/Cycling_Periods/S2000FM244_CYC_at40degC_V11_5130.ird,DOD20_2C2C_40degC,CYC,S2000FM244,11,5130,40,3.286,20.0,2.0,2.0,40.0
/media/kabir/Research/Project/sodium battery /Data_Failure_Mode_and_Degradation_Analysis_of_a_Commercial_Sodium-Ion_Battery_With_Severe_Gassing_Issue/Standard cycling/DOD20_2C2C_40degC/Cycling_Periods/S2000FM244_CYC_at40degC_V13_5180.ird,DOD20_2C2C_40degC,CYC,S2000FM244,13,5180,40,3.286,20.0,2.0,2.0,40.0
/media/kabir/Research/Project/sodium battery /Data_Failure_Mode_and_Degradation_Analysis_of_a_Commercial_Sodium-Ion_Battery_With_Severe_Gassing_Issue/Standard cycling/DOD20_2C2C_40degC/Cycling_Periods/S2000FM244_CYC_at40degC_V15_5210.ird,DOD20_2C2C_40degC,CYC,S2000FM244,15,5210,40,3.286,20.0,2.0,2.0,40.0
/media/kabir/Research/Project/sodium battery /Data_Failure_Mode_and_Degradation_Analysis_of_a_Commercial_Sodium-Ion_Battery_With_Severe_Gassing_Issue/Standard cycling/DOD20_2C2C_40degC/Cycling_Periods/S2000FM244_CYC_at40degC_V17_5249.ird,DOD20_2C2C_40degC,CYC,S2000FM244,17,5249,40,3.29,20.0,2.0,2.0,40.0
/media/kabir/Research/Project/sodium battery /Data_Failure_Mode_and_Degradation_Analysis_of_a_Commercial_Sodium-Ion_Battery_With_Severe_Gassing_Issue/Standard cycling/DOD20_2C2C_40degC/Cycling_Periods/S2000FM244_CYC_at40degC_V19_5291.ird,DOD20_2C2C_40degC,CYC,S2000FM244,19,5291,40,3.288,20.0,2.0,2.0,40.0
/media/kabir/Research/Project/sodium battery /Data_Failure_Mode_and_Degradation_Analysis_of_a_Commercial_Sodium-Ion_Battery_With_Severe_Gassing_Issue/Standard cycling/DOD20_2C2C_40degC/Cycling_Periods/S2000FM244_CYC_at40degC_V21_5309.ird,DOD20_2C2C_40degC,CYC,S2000FM244,21,5309,40,3.288,20.0,2.0,2.0,40.0
/media/kabir/Research/Project/sodium battery /Data_Failure_Mode_and_Degradation_Analysis_of_a_Commercial_Sodium-Ion_Battery_With_Severe_Gassing_Issue/Standard cycling/DOD20_2C2C_40degC/Cycling_Periods/S2000FM244_CYC_at40degC_V23_5339.ird,DOD20_2C2C_40degC,CYC,S2000FM244,23,5339,40,3.288,20.0,2.0,2.0,40.0
/media/kabir/Research/Project/sodium battery /Data_Failure_Mode_and_Degradation_Analysis_of_a_Commercial_Sodium-Ion_Battery_With_Severe_Gassing_Issue/Standard cycling/DOD20_2C2C_40degC/Cycling_Periods/S2000FM244_CYC_at40degC_V25_5367.ird,DOD20_2C2C_40degC,CYC,S2000FM244,25,5367,40,16.121,20.0,2.0,2.0,40.0
/media/kabir/Research/Project/sodium battery /Data_Failure_Mode_and_Degradation_Analysis_of_a_Commercial_Sodium-Ion_Battery_With_Severe_Gassing_Issue/Standard cycling/DOD20_2C2C_40degC/Cycling_Periods/S2000FMW48_CYC_at40degC_V01_4935.ird,DOD20_2C2C_40degC,CYC,S2000FMW48,1,4935,40,3.123,20.0,2.0,2.0,40.0
/media/kabir/Research/Project/sodium battery /Data_Failure_Mode_and_Degradation_Analysis_of_a_Commercial_Sodium-Ion_Battery_With_Severe_Gassing_Issue/Standard cycling/DOD20_2C2C_40degC/Cycling_Periods/S2000FMW48_CYC_at40degC_V03_4961.ird,DOD20_2C2C_40degC,CYC,S2000FMW48,3,4961,40,3.212,20.0,2.0,2.0,40.0
/media/kabir/Research/Project/sodium battery /Data_Failure_Mode_and_Degradation_Analysis_of_a_Commercial_Sodium-Ion_Battery_With_Severe_Gassing_Issue/Standard cycling/DOD20_2C2C_40degC/Cycling_Periods/S2000FMW48_CYC_at40degC_V05_5009.ird,DOD20_2C2C_40degC,CYC,S2000FMW48,5,5009,40,3.208,20.0,2.0,2.0,40.0
/media/kabir/Research/Project/sodium battery /Data_Failure_Mode_and_Degradation_Analysis_of_a_Commercial_Sodium-Ion_Battery_With_Severe_Gassing_Issue/Standard cycling/DOD20_2C2C_40degC/Cycling_Periods/S2000FMW48_CYC_at40degC_V07_5049.ird,DOD20_2C2C_40degC,CYC,S2000FMW48,7,5049,40,3.207,20.0,2.0,2.0,40.0
/media/kabir/Research/Project/sodium battery /Data_Failure_Mode_and_Degradation_Analysis_of_a_Commercial_Sodium-Ion_Battery_With_Severe_Gassing_Issue/Standard cycling/DOD20_2C2C_40degC/Cycling_Periods/S2000FMW48_CYC_at40degC_V09_5092.ird,DOD20_2C2C_40degC,CYC,S2000FMW48,9,5092,40,3.207,20.0,2.0,2.0,40.0
/media/kabir/Research/Project/sodium battery /Data_Failure_Mode_and_Degradation_Analysis_of_a_Commercial_Sodium-Ion_Battery_With_Severe_Gassing_Issue/Standard cycling/DOD20_2C2C_40degC/Cycling_Periods/S2000FMW48_CYC_at40degC_V11_5131.ird,DOD20_2C2C_40degC,CYC,S2000FMW48,11,5131,40,3.204,20.0,2.0,2.0,40.0
/media/kabir/Research/Project/sodium battery /Data_Failure_Mode_and_Degradation_Analysis_of_a_Commercial_Sodium-Ion_Battery_With_Severe_Gassing_Issue/Standard cycling/DOD20_2C2C_40degC/Cycling_Periods/S2000FMW48_CYC_at40degC_V13_5179.ird,DOD20_2C2C_40degC,CYC,S2000FMW48,13,5179,40,3.205,20.0,2.0,2.0,40.0
/media/kabir/Research/Project/sodium battery /Data_Failure_Mode_and_Degradation_Analysis_of_a_Commercial_Sodium-Ion_Battery_With_Severe_Gassing_Issue/Standard cycling/DOD20_2C2C_40degC/Cycling_Periods/S2000FMW48_CYC_at40degC_V15_5209.ird,DOD20_2C2C_40degC,CYC,S2000FMW48,15,5209,40,3.206,20.0,2.0,2.0,40.0
/media/kabir/Research/Project/sodium battery /Data_Failure_Mode_and_Degradation_Analysis_of_a_Commercial_Sodium-Ion_Battery_With_Severe_Gassing_Issue/Standard cycling/DOD20_2C2C_40degC/Cycling_Periods/S2000FMW48_CYC_at40degC_V17_5248.ird,DOD20_2C2C_40degC,CYC,S2000FMW48,17,5248,40,3.207,20.0,2.0,2.0,40.0
/media/kabir/Research/Project/sodium battery /Data_Failure_Mode_and_Degradation_Analysis_of_a_Commercial_Sodium-Ion_Battery_With_Severe_Gassing_Issue/Standard cycling/DOD20_2C2C_40degC/Cycling_Periods/S2000FMW48_CYC_at40degC_V19_5290.ird,DOD20_2C2C_40degC,CYC,S2000FMW48,19,5290,40,3.205,20.0,2.0,2.0,40.0
/media/kabir/Research/Project/sodium battery /Data_Failure_Mode_and_Degradation_Analysis_of_a_Commercial_Sodium-Ion_Battery_With_Severe_Gassing_Issue/Standard cycling/DOD20_2C2C_40degC/Cycling_Periods/S2000FMW48_CYC_at40degC_V21_5308.ird,DOD20_2C2C_40degC,CYC,S2000FMW48,21,5308,40,3.207,20.0,2.0,2.0,40.0
/media/kabir/Research/Project/sodium battery /Data_Failure_Mode_and_Degradation_Analysis_of_a_Commercial_Sodium-Ion_Battery_With_Severe_Gassing_Issue/Standard cycling/DOD20_2C2C_40degC/Cycling_Periods/S2000FMW48_CYC_at40degC_V23_5338.ird,DOD20_2C2C_40degC,CYC,S2000FMW48,23,5338,40,3.208,20.0,2.0,2.0,40.0
/media/kabir/Research/Project/sodium battery /Data_Failure_Mode_and_Degradation_Analysis_of_a_Commercial_Sodium-Ion_Battery_With_Severe_Gassing_Issue/Standard cycling/DOD20_2C2C_40degC/Cycling_Periods/S2000FMW48_CYC_at40degC_V25_5366.ird,DOD20_2C2C_40degC,CYC,S2000FMW48,25,5366,40,15.611,20.0,2.0,2.0,40.0
/media/kabir/Research/Project/sodium battery /Data_Failure_Mode_and_Degradation_Analysis_of_a_Commercial_Sodium-Ion_Battery_With_Severe_Gassing_Issue/Standard cycling/DOD20_2C2C_40degC/Cycling_Periods/S2000FN0IZ_CYC_at40degC_V01_4937.ird,DOD20_2C2C_40degC,CYC,S2000FN0IZ,1,4937,40,3.133,20.0,2.0,2.0,40.0
/media/kabir/Research/Project/sodium battery /Data_Failure_Mode_and_Degradation_Analysis_of_a_Commercial_Sodium-Ion_Battery_With_Severe_Gassing_Issue/Standard cycling/DOD20_2C2C_40degC/Cycling_Periods/S2000FN0IZ_CYC_at40degC_V03_4963.ird,DOD20_2C2C_40degC,CYC,S2000FN0IZ,3,4963,40,3.221,20.0,2.0,2.0,40.0
/media/kabir/Research/Project/sodium battery /Data_Failure_Mode_and_Degradation_Analysis_of_a_Commercial_Sodium-Ion_Battery_With_Severe_Gassing_Issue/Standard cycling/DOD20_2C2C_40degC/Cycling_Periods/S2000FN0IZ_CYC_at40degC_V05_5011.ird,DOD20_2C2C_40degC,CYC,S2000FN0IZ,5,5011,40,3.218,20.0,2.0,2.0,40.0
/media/kabir/Research/Project/sodium battery /Data_Failure_Mode_and_Degradation_Analysis_of_a_Commercial_Sodium-Ion_Battery_With_Severe_Gassing_Issue/Standard cycling/DOD20_2C2C_40degC/Cycling_Periods/S2000FN0IZ_CYC_at40degC_V07_5051.ird,DOD20_2C2C_40degC,CYC,S2000FN0IZ,7,5051,40,3.215,20.0,2.0,2.0,40.0
/media/kabir/Research/Project/sodium battery /Data_Failure_Mode_and_Degradation_Analysis_of_a_Commercial_Sodium-Ion_Battery_With_Severe_Gassing_Issue/Standard cycling/DOD20_2C2C_40degC/Cycling_Periods/S2000FN0IZ_CYC_at40degC_V09_5094.ird,DOD20_2C2C_40degC,CYC,S2000FN0IZ,9,5094,40,3.215,20.0,2.0,2.0,40.0
/media/kabir/Research/Project/sodium battery /Data_Failure_Mode_and_Degradation_Analysis_of_a_Commercial_Sodium-Ion_Battery_With_Severe_Gassing_Issue/Standard cycling/DOD20_2C2C_40degC/Cycling_Periods/S2000FN0IZ_CYC_at40degC_V11_5129.ird,DOD20_2C2C_40degC,CYC,S2000FN0IZ,11,5129,40,3.213,20.0,2.0,2.0,40.0
/media/kabir/Research/Project/sodium battery /Data_Failure_Mode_and_Degradation_Analysis_of_a_Commercial_Sodium-Ion_Battery_With_Severe_Gassing_Issue/Standard cycling/DOD20_2C2C_40degC/Cycling_Periods/S2000FN0IZ_CYC_at40degC_V13_5181.ird,DOD20_2C2C_40degC,CYC,S2000FN0IZ,13,5181,40,3.211,20.0,2.0,2.0,40.0
/media/kabir/Research/Project/sodium battery /Data_Failure_Mode_and_Degradation_Analysis_of_a_Commercial_Sodium-Ion_Battery_With_Severe_Gassing_Issue/Standard cycling/DOD20_2C2C_40degC/Cycling_Periods/S2000FN0IZ_CYC_at40degC_V15_5211.ird,DOD20_2C2C_40degC,CYC,S2000FN0IZ,15,5211,40,3.212,20.0,2.0,2.0,40.0
/media/kabir/Research/Project/sodium battery /Data_Failure_Mode_and_Degradation_Analysis_of_a_Commercial_Sodium-Ion_Battery_With_Severe_Gassing_Issue/Standard cycling/DOD20_2C2C_40degC/Cycling_Periods/S2000FN0IZ_CYC_at40degC_V17_5250.ird,DOD20_2C2C_40degC,CYC,S2000FN0IZ,17,5250,40,3.214,20.0,2.0,2.0,40.0
/media/kabir/Research/Project/sodium battery /Data_Failure_Mode_and_Degradation_Analysis_of_a_Commercial_Sodium-Ion_Battery_With_Severe_Gassing_Issue/Standard cycling/DOD20_2C2C_40degC/Cycling_Periods/S2000FN0IZ_CYC_at40degC_V19_5292.ird,DOD20_2C2C_40degC,CYC,S2000FN0IZ,19,5292,40,3.211,20.0,2.0,2.0,40.0
/media/kabir/Research/Project/sodium battery /Data_Failure_Mode_and_Degradation_Analysis_of_a_Commercial_Sodium-Ion_Battery_With_Severe_Gassing_Issue/Standard cycling/DOD20_2C2C_40degC/Cycling_Periods/S2000FN0IZ_CYC_at40degC_V21_5310.ird,DOD20_2C2C_40degC,CYC,S2000FN0IZ,21,5310,40,3.21,20.0,2.0,2.0,40.0
/media/kabir/Research/Project/sodium battery /Data_Failure_Mode_and_Degradation_Analysis_of_a_Commercial_Sodium-Ion_Battery_With_Severe_Gassing_Issue/Standard cycling/DOD20_2C2C_40degC/Cycling_Periods/S2000FN0IZ_CYC_at40degC_V23_5340.ird,DOD20_2C2C_40degC,CYC,S2000FN0IZ,23,5340,40,3.2,20.0,2.0,2.0,40.0
/media/kabir/Research/Project/sodium battery /Data_Failure_Mode_and_Degradation_Analysis_of_a_Commercial_Sodium-Ion_Battery_With_Severe_Gassing_Issue/Standard cycling/DOD20_2C2C_40degC/Cycling_Periods/S2000FN0IZ_CYC_at40degC_V25_5368.ird,DOD20_2C2C_40degC,CYC,S2000FN0IZ,25,5368,40,15.588,20.0,2.0,2.0,40.0
/media/kabir/Research/Project/sodium battery /Data_Failure_Mode_and_Degradation_Analysis_of_a_Commercial_Sodium-Ion_Battery_With_Severe_Gassing_Issue/Standard cycling/DOD80_1C1C_-10degC/CU_at_25degC/S2000FNG5F_CU_at25degC_V00_4830.ird,DOD80_1C1C_-10degC,CU,S2000FNG5F,0,4830,25,15.459,80.0,1.0,1.0,-10.0
/media/kabir/Research/Project/sodium battery /Data_Failure_Mode_and_Degradation_Analysis_of_a_Commercial_Sodium-Ion_Battery_With_Severe_Gassing_Issue/Standard cycling/DOD80_1C1C_-10degC/CU_at_25degC/S2000FO405_CU_at25degC_V00_4829.ird,DOD80_1C1C_-10degC,CU,S2000FO405,0,4829,25,15.406,80.0,1.0,1.0,-10.0
/media/kabir/Research/Project/sodium battery /Data_Failure_Mode_and_Degradation_Analysis_of_a_Commercial_Sodium-Ion_Battery_With_Severe_Gassing_Issue/Standard cycling/DOD80_1C1C_-10degC/CU_at_25degC/S2000FO405_CU_at25degC_V01_4881.ird,DOD80_1C1C_-10degC,CU,S2000FO405,1,4881,25,1.549,80.0,1.0,1.0,-10.0
/media/kabir/Research/Project/sodium battery /Data_Failure_Mode_and_Degradation_Analysis_of_a_Commercial_Sodium-Ion_Battery_With_Severe_Gassing_Issue/Standard cycling/DOD80_1C1C_-10degC/CU_at_25degC/S2000FPM7N_CU_at25degC_V00_4828.ird,DOD80_1C1C_-10degC,CU,S2000FPM7N,0,4828,25,15.342,80.0,1.0,1.0,-10.0
/media/kabir/Research/Project/sodium battery /Data_Failure_Mode_and_Degradation_Analysis_of_a_Commercial_Sodium-Ion_Battery_With_Severe_Gassing_Issue/Standard cycling/DOD80_1C1C_-10degC/CU_at_25degC/S2000FPM7N_CU_at25degC_V01_4880.ird,DOD80_1C1C_-10degC,CU,S2000FPM7N,1,4880,25,1.557,80.0,1.0,1.0,-10.0
/media/kabir/Research/Project/sodium battery /Data_Failure_Mode_and_Degradation_Analysis_of_a_Commercial_Sodium-Ion_Battery_With_Severe_Gassing_Issue/Standard cycling/DOD80_1C1C_-10degC/Cycling_Periods/S2000FNG5F_CU_at-10degC_V01_4856.ird,DOD80_1C1C_-10degC,CYC,S2000FNG5F,1,4856,-10,13.085,80.0,1.0,1.0,-10.0
/media/kabir/Research/Project/sodium battery /Data_Failure_Mode_and_Degradation_Analysis_of_a_Commercial_Sodium-Ion_Battery_With_Severe_Gassing_Issue/Standard cycling/DOD80_1C1C_-10degC/Cycling_Periods/S2000FO405_CU_at-10degC_V01_4854.ird,DOD80_1C1C_-10degC,CYC,S2000FO405,1,4854,-10,35.137,80.0,1.0,1.0,-10.0
/media/kabir/Research/Project/sodium battery /Data_Failure_Mode_and_Degradation_Analysis_of_a_Commercial_Sodium-Ion_Battery_With_Severe_Gassing_Issue/Standard cycling/DOD80_1C1C_-10degC/Cycling_Periods/S2000FPM7N_CU_at-10degC_V01_4855.ird,DOD80_1C1C_-10degC,CYC,S2000FPM7N,1,4855,-10,36.756,80.0,1.0,1.0,-10.0
/media/kabir/Research/Project/sodium battery /Data_Failure_Mode_and_Degradation_Analysis_of_a_Commercial_Sodium-Ion_Battery_With_Severe_Gassing_Issue/Standard cycling/DOD80_2C2C_25degC/CU_at_25degC/S2000FMYNP_CU_at25degC_V00_4903.ird,DOD80_2C2C_25degC,CU,S2000FMYNP,0,4903,25,15.475,80.0,2.0,2.0,25.0
/media/kabir/Research/Project/sodium battery /Data_Failure_Mode_and_Degradation_Analysis_of_a_Commercial_Sodium-Ion_Battery_With_Severe_Gassing_Issue/Standard cycling/DOD80_2C2C_25degC/CU_at_25degC/S2000FMYNP_CU_at25degC_V02_4953.ird,DOD80_2C2C_25degC,CU,S2000FMYNP,2,4953,25,15.539,80.0,2.0,2.0,25.0
/media/kabir/Research/Project/sodium battery /Data_Failure_Mode_and_Degradation_Analysis_of_a_Commercial_Sodium-Ion_Battery_With_Severe_Gassing_Issue/Standard cycling/DOD80_2C2C_25degC/CU_at_25degC/S2000FMYNP_CU_at25degC_V04_5004.ird,DOD80_2C2C_25degC,CU,S2000FMYNP,4,5004,25,15.513,80.0,2.0,2.0,25.0
/media/kabir/Research/Project/sodium battery /Data_Failure_Mode_and_Degradation_Analysis_of_a_Commercial_Sodium-Ion_Battery_With_Severe_Gassing_Issue/Standard cycling/DOD80_2C2C_25degC/CU_at_25degC/S2000FMYNP_CU_at25degC_V06_5059.ird,DOD80_2C2C_25degC,CU,S2000FMYNP,6,5059,25,15.521,80.0,2.0,2.0,25.0
/media/kabir/Research/Project/sodium battery /Data_Failure_Mode_and_Degradation_Analysis_of_a_Commercial_Sodium-Ion_Battery_With_Severe_Gassing_Issue/Standard cycling/DOD80_2C2C_25degC/CU_at_25degC/S2000FMYNP_CU_at25degC_V08_5087.ird,DOD80_2C2C_25degC,CU,S2000FMYNP,8,5087,25,15.527,80.0,2.0,2.0,25.0
/media/kabir/Research/Project/sodium battery /Data_Failure_Mode_and_Degradation_Analysis_of_a_Commercial_Sodium-Ion_Battery_With_Severe_Gassing_Issue/Standard cycling/DOD80_2C2C_25degC/CU_at_25degC/S2000FMYNP_CU_at25degC_V10_5143.ird,DOD80_2C2C_25degC,CU,S2000FMYNP,10,5143,25,15.53,80.0,2.0,2.0,25.0
/media/kabir/Research/Project/sodium battery /Data_Failure_Mode_and_Degradation_Analysis_of_a_Commercial_Sodium-Ion_Battery_With_Severe_Gassing_Issue/Standard cycling/DOD80_2C2C_25degC/CU_at_25degC/S2000FMYNP_CU_at25degC_V12_5190.ird,DOD80_2C2C_25degC,CU,S2000FMYNP,12,5190,25,15.531,80.0,2.0,2.0,25.0
/media/kabir/Research/Project/sodium battery /Data_Failure_Mode_and_Degradation_Analysis_of_a_Commercial_Sodium-Ion_Battery_With_Severe_Gassing_Issue/Standard cycling/DOD80_2C2C_25degC/CU_at_25degC/S2000FMYNP_CU_at25degC_V14_5232.ird,DOD80_2C2C_25degC,CU,S2000FMYNP,14,5232,25,15.502,80.0,2.0,2.0,25.0
/media/kabir/Research/Project/sodium battery /Data_Failure_Mode_and_Degradation_Analysis_of_a_Commercial_Sodium-Ion_Battery_With_Severe_Gassing_Issue/Standard cycling/DOD80_2C2C_25degC/CU_at_25degC/S2000FMYNP_CU_at25degC_V16_5268.ird,DOD80_2C2C_25degC,CU,S2000FMYNP,16,5268,25,15.531,80.0,2.0,2.0,25.0
/media/kabir/Research/Project/sodium battery /Data_Failure_Mode_and_Degradation_Analysis_of_a_Commercial_Sodium-Ion_Battery_With_Severe_Gassing_Issue/Standard cycling/DOD80_2C2C_25degC/CU_at_25degC/S2000FMYNP_CU_at25degC_V18_5307.ird,DOD80_2C2C_25degC,CU,S2000FMYNP,18,5307,25,15.55,80.0,2.0,2.0,25.0
/media/kabir/Research/Project/sodium battery /Data_Failure_Mode_and_Degradation_Analysis_of_a_Commercial_Sodium-Ion_Battery_With_Severe_Gassing_Issue/Standard cycling/DOD80_2C2C_25degC/CU_at_25degC/S2000FMYNP_CU_at25degC_V20_5346.ird,DOD80_2C2C_25degC,CU,S2000FMYNP,20,5346,25,15.535,80.0,2.0,2.0,25.0
/media/kabir/Research/Project/sodium battery /Data_Failure_Mode_and_Degradation_Analysis_of_a_Commercial_Sodium-Ion_Battery_With_Severe_Gassing_Issue/Standard cycling/DOD80_2C2C_25degC/CU_at_25degC/S2000FMYNP_CU_at25degC_V22_5380.ird,DOD80_2C2C_25degC,CU,S2000FMYNP,22,5380,25,15.539,80.0,2.0,2.0,25.0
/media/kabir/Research/Project/sodium battery /Data_Failure_Mode_and_Degradation_Analysis_of_a_Commercial_Sodium-Ion_Battery_With_Severe_Gassing_Issue/Standard cycling/DOD80_2C2C_25degC/CU_at_25degC/S2000FMYNP_CU_at25degC_V24_5402.ird,DOD80_2C2C_25degC,CU,S2000FMYNP,24,5402,25,15.543,80.0,2.0,2.0,25.0
/media/kabir/Research/Project/sodium battery /Data_Failure_Mode_and_Degradation_Analysis_of_a_Commercial_Sodium-Ion_Battery_With_Severe_Gassing_Issue/Standard cycling/DOD80_2C2C_25degC/CU_at_25degC/S2000FMYNP_CU_at25degC_V26_5426.ird,DOD80_2C2C_25degC,CU,S2000FMYNP,26,5426,25,15.533,80.0,2.0,2.0,25.0
/media/kabir/Research/Project/sodium battery /Data_Failure_Mode_and_Degradation_Analysis_of_a_Commercial_Sodium-Ion_Battery_With_Severe_Gassing_Issue/Standard cycling/DOD80_2C2C_25degC/CU_at_25degC/S2000FNNDT_CU_at25degC_V00_4902.ird,DOD80_2C2C_25degC,CU,S2000FNNDT,0,4902,25,15.453,80.0,2.0,2.0,25.0
/media/kabir/Research/Project/sodium battery /Data_Failure_Mode_and_Degradation_Analysis_of_a_Commercial_Sodium-Ion_Battery_With_Severe_Gassing_Issue/Standard cycling/DOD80_2C2C_25degC/CU_at_25degC/S2000FNNDT_CU_at25degC_V02_4952.ird,DOD80_2C2C_25degC,CU,S2000FNNDT,2,4952,25,15.511,80.0,2.0,2.0,25.0
/media/kabir/Research/Project/sodium battery /Data_Failure_Mode_and_Degradation_Analysis_of_a_Commercial_Sodium-Ion_Battery_With_Severe_Gassing_Issue/Standard cycling/DOD80_2C2C_25degC/CU_at_25degC/S2000FNNDT_CU_at25degC_V04_5003.ird,DOD80_2C2C_25degC,CU,S2000FNNDT,4,5003,25,15.516,80.0,2.0,2.0,25.0
/media/kabir/Research/Project/sodium battery /Data_Failure_Mode_and_Degradation_Analysis_of_a_Commercial_Sodium-Ion_Battery_With_Severe_Gassing_Issue/Standard cycling/DOD80_2C2C_25degC/CU_at_25degC/S2000FNNDT_CU_at25degC_V06_5057.ird,DOD80_2C2C_25degC,CU,S2000FNNDT,6,5057,25,15.513,80.0,2.0,2.0,25.0
/media/kabir/Research/Project/sodium battery /Data_Failure_Mode_and_Degradation_Analysis_of_a_Commercial_Sodium-Ion_Battery_With_Severe_Gassing_Issue/Standard cycling/DOD80_2C2C_25degC/CU_at_25degC/S2000FNNDT_CU_at25degC_V08_5086.ird,DOD80_2C2C_25degC,CU,S2000FNNDT,8,5086,25,15.513,80.0,2.0,2.0,25.0
/media/kabir/Research/Project/sodium battery /Data_Failure_Mode_and_Degradation_Analysis_of_a_Commercial_Sodium-Ion_Battery_With_Severe_Gassing_Issue/Standard cycling/DOD80_2C2C_25degC/CU_at_25degC/S2000FNNDT_CU_at25degC_V10_5142.ird,DOD80_2C2C_25degC,CU,S2000FNNDT,10,5142,25,15.525,80.0,2.0,2.0,25.0
/media/kabir/Research/Project/sodium battery /Data_Failure_Mode_and_Degradation_Analysis_of_a_Commercial_Sodium-Ion_Battery_With_Severe_Gassing_Issue/Standard cycling/DOD80_2C2C_25degC/CU_at_25degC/S2000FNNDT_CU_at25degC_V12_5189.ird,DOD80_2C2C_25degC,CU,S2000FNNDT,12,5189,25,15.52,80.0,2.0,2.0,25.0
/media/kabir/Research/Project/sodium battery /Data_Failure_Mode_and_Degradation_Analysis_of_a_Commercial_Sodium-Ion_Battery_With_Severe_Gassing_Issue/Standard cycling/DOD80_2C2C_25degC/CU_at_25degC/S2000FNNDT_CU_at25degC_V14_5229.ird,DOD80_2C2C_25degC,CU,S2000FNNDT,14,5229,25,15.501,80.0,2.0,2.0,25.0
/media/kabir/Research/Project/sodium battery /Data_Failure_Mode_and_Degradation_Analysis_of_a_Commercial_Sodium-Ion_Battery_With_Severe_Gassing_Issue/Standard cycling/DOD80_2C2C_25degC/CU_at_25degC/S2000FNNDT_CU_at25degC_V16_5267.ird,DOD80_2C2C_25degC,CU,S2000FNNDT,16,5267,25,15.501,80.0,2.0,2.0,25.0
/media/kabir/Research/Project/sodium battery /Data_Failure_Mode_and_Degradation_Analysis_of_a_Commercial_Sodium-Ion_Battery_With_Severe_Gassing_Issue/Standard cycling/DOD80_2C2C_25degC/CU_at_25degC/S2000FNNDT_CU_at25degC_V18_5306.ird,DOD80_2C2C_25degC,CU,S2000FNNDT,18,5306,25,15.521,80.0,2.0,2.0,25.0
/media/kabir/Research/Project/sodium battery /Data_Failure_Mode_and_Degradation_Analysis_of_a_Commercial_Sodium-Ion_Battery_With_Severe_Gassing_Issue/Standard cycling/DOD80_2C2C_25degC/CU_at_25degC/S2000FNNDT_CU_at25degC_V20_5345.ird,DOD80_2C2C_25degC,CU,S2000FNNDT,20,5345,25,15.495,80.0,2.0,2.0,25.0
/media/kabir/Research/Project/sodium battery /Data_Failure_Mode_and_Degradation_Analysis_of_a_Commercial_Sodium-Ion_Battery_With_Severe_Gassing_Issue/Standard cycling/DOD80_2C2C_25degC/CU_at_25degC/S2000FNNDT_CU_at25degC_V22_5379.ird,DOD80_2C2C_25degC,CU,S2000FNNDT,22,5379,25,15.51,80.0,2.0,2.0,25.0
/media/kabir/Research/Project/sodium battery /Data_Failure_Mode_and_Degradation_Analysis_of_a_Commercial_Sodium-Ion_Battery_With_Severe_Gassing_Issue/Standard cycling/DOD80_2C2C_25degC/CU_at_25degC/S2000FNNDT_CU_at25degC_V24_5401.ird,DOD80_2C2C_25degC,CU,S2000FNNDT,24,5401,25,15.487,80.0,2.0,2.0,25.0
/media/kabir/Research/Project/sodium battery /Data_Failure_Mode_and_Degradation_Analysis_of_a_Commercial_Sodium-Ion_Battery_With_Severe_Gassing_Issue/Standard cycling/DOD80_2C2C_25degC/CU_at_25degC/S2000FNNDT_CU_at25degC_V26_5425.ird,DOD80_2C2C_25degC,CU,S2000FNNDT,26,5425,25,15.514,80.0,2.0,2.0,25.0
/media/kabir/Research/Project/sodium battery /Data_Failure_Mode_and_Degradation_Analysis_of_a_Commercial_Sodium-Ion_Battery_With_Severe_Gassing_Issue/Standard cycling/DOD80_2C2C_25degC/CU_at_25degC/S2000FPKDB_CU_at25degC_V00_4901.ird,DOD80_2C2C_25degC,CU,S2000FPKDB,0,4901,25,15.384,80.0,2.0,2.0,25.0
/media/kabir/Research/Project/sodium battery /Data_Failure_Mode_and_Degradation_Analysis_of_a_Commercial_Sodium-Ion_Battery_With_Severe_Gassing_Issue/Standard cycling/DOD80_2C2C_25degC/CU_at_25degC/S2000FPKDB_CU_at25degC_V02_4951.ird,DOD80_2C2C_25degC,CU,S2000FPKDB,2,4951,25,15.461,80.0,2.0,2.0,25.0
/media/kabir/Research/Project/sodium battery /Data_Failure_Mode_and_Degradation_Analysis_of_a_Commercial_Sodium-Ion_Battery_With_Severe_Gassing_Issue/Standard cycling/DOD80_2C2C_25degC/CU_at_25degC/S2000FPKDB_CU_at25degC_V04_5002.ird,DOD80_2C2C_25degC,CU,S2000FPKDB,4,5002,25,15.438,80.0,2.0,2.0,25.0
/media/kabir/Research/Project/sodium battery /Data_Failure_Mode_and_Degradation_Analysis_of_a_Commercial_Sodium-Ion_Battery_With_Severe_Gassing_Issue/Standard cycling/DOD80_2C2C_25degC/CU_at_25degC/S2000FPKDB_CU_at25degC_V06_5056.ird,DOD80_2C2C_25degC,CU,S2000FPKDB,6,5056,25,15.453,80.0,2.0,2.0,25.0
/media/kabir/Research/Project/sodium battery /Data_Failure_Mode_and_Degradation_Analysis_of_a_Commercial_Sodium-Ion_Battery_With_Severe_Gassing_Issue/Standard cycling/DOD80_2C2C_25degC/CU_at_25degC/S2000FPKDB_CU_at25degC_V08_5084.ird,DOD80_2C2C_25degC,CU,S2000FPKDB,8,5084,25,15.466,80.0,2.0,2.0,25.0
/media/kabir/Research/Project/sodium battery /Data_Failure_Mode_and_Degradation_Analysis_of_a_Commercial_Sodium-Ion_Battery_With_Severe_Gassing_Issue/Standard cycling/DOD80_2C2C_25degC/CU_at_25degC/S2000FPKDB_CU_at25degC_V10_5141.ird,DOD80_2C2C_25degC,CU,S2000FPKDB,10,5141,25,15.467,80.0,2.0,2.0,25.0
/media/kabir/Research/Project/sodium battery /Data_Failure_Mode_and_Degradation_Analysis_of_a_Commercial_Sodium-Ion_Battery_With_Severe_Gassing_Issue/Standard cycling/DOD80_2C2C_25degC/CU_at_25degC/S2000FPKDB_CU_at25degC_V12_5188.ird,DOD80_2C2C_25degC,CU,S2000FPKDB,12,5188,25,15.473,80.0,2.0,2.0,25.0
/media/kabir/Research/Project/sodium battery /Data_Failure_Mode_and_Degradation_Analysis_of_a_Commercial_Sodium-Ion_Battery_With_Severe_Gassing_Issue/Standard cycling/DOD80_2C2C_25degC/CU_at_25degC/S2000FPKDB_CU_at25degC_V14_5230.ird,DOD80_2C2C_25degC,CU,S2000FPKDB,14,5230,25,15.45,80.0,2.0,2.0,25.0
/media/kabir/Research/Project/sodium battery /Data_Failure_Mode_and_Degradation_Analysis_of_a_Commercial_Sodium-Ion_Battery_With_Severe_Gassing_Issue/Standard cycling/DOD80_2C2C_25degC/CU_at_25degC/S2000FPKDB_CU_at25degC_V16_5266.ird,DOD80_2C2C_25degC,CU,S2000FPKDB,16,5266,25,15.461,80.0,2.0,2.0,25.0
/media/kabir/Research/Project/sodium battery /Data_Failure_Mode_and_Degradation_Analysis_of_a_Commercial_Sodium-Ion_Battery_With_Severe_Gassing_Issue/Standard cycling/DOD80_2C2C_25degC/CU_at_25degC/S2000FPKDB_CU_at25degC_V18_5305.ird,DOD80_2C2C_25degC,CU,S2000FPKDB,18,5305,25,15.487,80.0,2.0,2.0,25.0
/media/kabir/Research/Project/sodium battery /Data_Failure_Mode_and_Degradation_Analysis_of_a_Commercial_Sodium-Ion_Battery_With_Severe_Gassing_Issue/Standard cycling/DOD80_2C2C_25degC/CU_at_25degC/S2000FPKDB_CU_at25degC_V20_5344.ird,DOD80_2C2C_25degC,CU,S2000FPKDB,20,5344,25,15.475,80.0,2.0,2.0,25.0
/media/kabir/Research/Project/sodium battery /Data_Failure_Mode_and_Degradation_Analysis_of_a_Commercial_Sodium-Ion_Battery_With_Severe_Gassing_Issue/Standard cycling/DOD80_2C2C_25degC/CU_at_25degC/S2000FPKDB_CU_at25degC_V22_5378.ird,DOD80_2C2C_25degC,CU,S2000FPKDB,22,5378,25,15.473,80.0,2.0,2.0,25.0
/media/kabir/Research/Project/sodium battery /Data_Failure_Mode_and_Degradation_Analysis_of_a_Commercial_Sodium-Ion_Battery_With_Severe_Gassing_Issue/Standard cycling/DOD80_2C2C_25degC/CU_at_25degC/S2000FPKDB_CU_at25degC_V24_5400.ird,DOD80_2C2C_25degC,CU,S2000FPKDB,24,5400,25,15.483,80.0,2.0,2.0,25.0
/media/kabir/Research/Project/sodium battery /Data_Failure_Mode_and_Degradation_Analysis_of_a_Commercial_Sodium-Ion_Battery_With_Severe_Gassing_Issue/Standard cycling/DOD80_2C2C_25degC/CU_at_25degC/S2000FPKDB_CU_at25degC_V26_5424.ird,DOD80_2C2C_25degC,CU,S2000FPKDB,26,5424,25,15.485,80.0,2.0,2.0,25.0
/media/kabir/Research/Project/sodium battery /Data_Failure_Mode_and_Degradation_Analysis_of_a_Commercial_Sodium-Ion_Battery_With_Severe_Gassing_Issue/Standard cycling/DOD80_2C2C_25degC/Cycling_Periods/S2000FMYNP_CYC_at25degC_V01_4928.ird,DOD80_2C2C_25degC,CYC,S2000FMYNP,1,4928,25,7.786,80.0,2.0,2.0,25.0
/media/kabir/Research/Project/sodium battery /Data_Failure_Mode_and_Degradation_Analysis_of_a_Commercial_Sodium-Ion_Battery_With_Severe_Gassing_Issue/Standard cycling/DOD80_2C2C_25degC/Cycling_Periods/S2000FMYNP_CYC_at25degC_V03_4971.ird,DOD80_2C2C_25degC,CYC,S2000FMYNP,3,4971,25,7.88,80.0,2.0,2.0,25.0
/media/kabir/Research/Project/sodium battery /Data_Failure_Mode_and_Degradation_Analysis_of_a_Commercial_Sodium-Ion_Battery_With_Severe_Gassing_Issue/Standard cycling/DOD80_2C2C_25degC/Cycling_Periods/S2000FMYNP_CYC_at25degC_V05_5023.ird,DOD80_2C2C_25degC,CYC,S2000FMYNP,5,5023,25,7.875,80.0,2.0,2.0,25.0
/media/kabir/Research/Project/sodium battery /Data_Failure_Mode_and_Degradation_Analysis_of_a_Commercial_Sodium-Ion_Battery_With_Severe_Gassing_Issue/Standard cycling/DOD80_2C2C_25degC/Cycling_Periods/S2000FMYNP_CYC_at25degC_V07_5070.ird,DOD80_2C2C_25degC,CYC,S2000FMYNP,7,5070,25,7.894,80.0,2.0,2.0,25.0
/media/kabir/Research/Project/sodium battery /Data_Failure_Mode_and_Degradation_Analysis_of_a_Commercial_Sodium-Ion_Battery_With_Severe_Gassing_Issue/Standard cycling/DOD80_2C2C_25degC/Cycling_Periods/S2000FMYNP_CYC_at25degC_V09_5113.ird,DOD80_2C2C_25degC,CYC,S2000FMYNP,9,5113,25,7.885,80.0,2.0,2.0,25.0
/media/kabir/Research/Project/sodium battery /Data_Failure_Mode_and_Degradation_Analysis_of_a_Commercial_Sodium-Ion_Battery_With_Severe_Gassing_Issue/Standard cycling/DOD80_2C2C_25degC/Cycling_Periods/S2000FMYNP_CYC_at25degC_V11_5156.ird,DOD80_2C2C_25degC,CYC,S2000FMYNP,11,5156,25,7.893,80.0,2.0,2.0,25.0
/media/kabir/Research/Project/sodium battery /Data_Failure_Mode_and_Degradation_Analysis_of_a_Commercial_Sodium-Ion_Battery_With_Severe_Gassing_Issue/Standard cycling/DOD80_2C2C_25degC/Cycling_Periods/S2000FMYNP_CYC_at25degC_V13_5208.ird,DOD80_2C2C_25degC,CYC,S2000FMYNP,13,5208,25,7.915,80.0,2.0,2.0,25.0
/media/kabir/Research/Project/sodium battery /Data_Failure_Mode_and_Degradation_Analysis_of_a_Commercial_Sodium-Ion_Battery_With_Severe_Gassing_Issue/Standard cycling/DOD80_2C2C_25degC/Cycling_Periods/S2000FMYNP_CYC_at25degC_V15_5244.ird,DOD80_2C2C_25degC,CYC,S2000FMYNP,15,5244,25,7.914,80.0,2.0,2.0,25.0
/media/kabir/Research/Project/sodium battery /Data_Failure_Mode_and_Degradation_Analysis_of_a_Commercial_Sodium-Ion_Battery_With_Severe_Gassing_Issue/Standard cycling/DOD80_2C2C_25degC/Cycling_Periods/S2000FMYNP_CYC_at25degC_V17_5286.ird,DOD80_2C2C_25degC,CYC,S2000FMYNP,17,5286,25,7.921,80.0,2.0,2.0,25.0
/media/kabir/Research/Project/sodium battery /Data_Failure_Mode_and_Degradation_Analysis_of_a_Commercial_Sodium-Ion_Battery_With_Severe_Gassing_Issue/Standard cycling/DOD80_2C2C_25degC/Cycling_Periods/S2000FMYNP_CYC_at25degC_V19_5322.ird,DOD80_2C2C_25degC,CYC,S2000FMYNP,19,5322,25,7.932,80.0,2.0,2.0,25.0
/media/kabir/Research/Project/sodium battery /Data_Failure_Mode_and_Degradation_Analysis_of_a_Commercial_Sodium-Ion_Battery_With_Severe_Gassing_Issue/Standard cycling/DOD80_2C2C_25degC/Cycling_Periods/S2000FMYNP_CYC_at25degC_V21_5365.ird,DOD80_2C2C_25degC,CYC,S2000FMYNP,21,5365,25,7.935,80.0,2.0,2.0,25.0
/media/kabir/Research/Project/sodium battery /Data_Failure_Mode_and_Degradation_Analysis_of_a_Commercial_Sodium-Ion_Battery_With_Severe_Gassing_Issue/Standard cycling/DOD80_2C2C_25degC/Cycling_Periods/S2000FMYNP_CYC_at25degC_V23_5391.ird,DOD80_2C2C_25degC,CYC,S2000FMYNP,23,5391,25,7.934,80.0,2.0,2.0,25.0
/media/kabir/Research/Project/sodium battery /Data_Failure_Mode_and_Degradation_Analysis_of_a_Commercial_Sodium-Ion_Battery_With_Severe_Gassing_Issue/Standard cycling/DOD80_2C2C_25degC/Cycling_Periods/S2000FMYNP_CYC_at25degC_V25_5408.ird,DOD80_2C2C_25degC,CYC,S2000FMYNP,25,5408,25,7.944,80.0,2.0,2.0,25.0
/media/kabir/Research/Project/sodium battery /Data_Failure_Mode_and_Degradation_Analysis_of_a_Commercial_Sodium-Ion_Battery_With_Severe_Gassing_Issue/Standard cycling/DOD80_2C2C_25degC/Cycling_Periods/S2000FNNDT_CYC_at25degC_V01_4927.ird,DOD80_2C2C_25degC,CYC,S2000FNNDT,1,4927,25,7.809,80.0,2.0,2.0,25.0
/media/kabir/Research/Project/sodium battery /Data_Failure_Mode_and_Degradation_Analysis_of_a_Commercial_Sodium-Ion_Battery_With_Severe_Gassing_Issue/Standard cycling/DOD80_2C2C_25degC/Cycling_Periods/S2000FNNDT_CYC_at25degC_V03_4970.ird,DOD80_2C2C_25degC,CYC,S2000FNNDT,3,4970,25,7.892,80.0,2.0,2.0,25.0
/media/kabir/Research/Project/sodium battery /Data_Failure_Mode_and_Degradation_Analysis_of_a_Commercial_Sodium-Ion_Battery_With_Severe_Gassing_Issue/Standard cycling/DOD80_2C2C_25degC/Cycling_Periods/S2000FNNDT_CYC_at25degC_V05_5022.ird,DOD80_2C2C_25degC,CYC,S2000FNNDT,5,5022,25,7.889,80.0,2.0,2.0,25.0
/media/kabir/Research/Project/sodium battery /Data_Failure_Mode_and_Degradation_Analysis_of_a_Commercial_Sodium-Ion_Battery_With_Severe_Gassing_Issue/Standard cycling/DOD80_2C2C_25degC/Cycling_Periods/S2000FNNDT_CYC_at25degC_V07_5069.ird,DOD80_2C2C_25degC,CYC,S2000FNNDT,7,5069,25,7.897,80.0,2.0,2.0,25.0
/media/kabir/Research/Project/sodium battery /Data_Failure_Mode_and_Degradation_Analysis_of_a_Commercial_Sodium-Ion_Battery_With_Severe_Gassing_Issue/Standard cycling/DOD80_2C2C_25degC/Cycling_Periods/S2000FNNDT_CYC_at25degC_V09_5111.ird,DOD80_2C2C_25degC,CYC,S2000FNNDT,9,5111,25,7.894,80.0,2.0,2.0,25.0
/media/kabir/Research/Project/sodium battery /Data_Failure_Mode_and_Degradation_Analysis_of_a_Commercial_Sodium-Ion_Battery_With_Severe_Gassing_Issue/Standard cycling/DOD80_2C2C_25degC/Cycling_Periods/S2000FNNDT_CYC_at25degC_V11_5155.ird,DOD80_2C2C_25degC,CYC,S2000FNNDT,11,5155,25,7.907,80.0,2.0,2.0,25.0
/media/kabir/Research/Project/sodium battery /Data_Failure_Mode_and_Degradation_Analysis_of_a_Commercial_Sodium-Ion_Battery_With_Severe_Gassing_Issue/Standard cycling/DOD80_2C2C_25degC/Cycling_Periods/S2000FNNDT_CYC_at25degC_V13_5207.ird,DOD80_2C2C_25degC,CYC,S2000FNNDT,13,5207,25,7.915,80.0,2.0,2.0,25.0
/media/kabir/Research/Project/sodium battery /Data_Failure_Mode_and_Degradation_Analysis_of_a_Commercial_Sodium-Ion_Battery_With_Severe_Gassing_Issue/Standard cycling/DOD80_2C2C_25degC/Cycling_Periods/S2000FNNDT_CYC_at25degC_V15_5243.ird,DOD80_2C2C_25degC,CYC,S2000FNNDT,15,5243,25,7.915,80.0,2.0,2.0,25.0
/media/kabir/Research/Project/sodium battery /Data_Failure_Mode_and_Degradation_Analysis_of_a_Commercial_Sodium-Ion_Battery_With_Severe_Gassing_Issue/Standard cycling/DOD80_2C2C_25degC/Cycling_Periods/S2000FNNDT_CYC_at25degC_V17_5285.ird,DOD80_2C2C_25degC,CYC,S2000FNNDT,17,5285,25,7.92,80.0,2.0,2.0,25.0
/media/kabir/Research/Project/sodium battery /Data_Failure_Mode_and_Degradation_Analysis_of_a_Commercial_Sodium-Ion_Battery_With_Severe_Gassing_Issue/Standard cycling/DOD80_2C2C_25degC/Cycling_Periods/S2000FNNDT_CYC_at25degC_V19_5321.ird,DOD80_2C2C_25degC,CYC,S2000FNNDT,19,5321,25,7.929,80.0,2.0,2.0,25.0
/media/kabir/Research/Project/sodium battery /Data_Failure_Mode_and_Degradation_Analysis_of_a_Commercial_Sodium-Ion_Battery_With_Severe_Gassing_Issue/Standard cycling/DOD80_2C2C_25degC/Cycling_Periods/S2000FNNDT_CYC_at25degC_V21_5364.ird,DOD80_2C2C_25degC,CYC,S2000FNNDT,21,5364,25,7.94,80.0,2.0,2.0,25.0
/media/kabir/Research/Project/sodium battery /Data_Failure_Mode_and_Degradation_Analysis_of_a_Commercial_Sodium-Ion_Battery_With_Severe_Gassing_Issue/Standard cycling/DOD80_2C2C_25degC/Cycling_Periods/S2000FNNDT_CYC_at25degC_V23_5390.ird,DOD80_2C2C_25degC,CYC,S2000FNNDT,23,5390,25,7.94,80.0,2.0,2.0,25.0
/media/kabir/Research/Project/sodium battery /Data_Failure_Mode_and_Degradation_Analysis_of_a_Commercial_Sodium-Ion_Battery_With_Severe_Gassing_Issue/Standard cycling/DOD80_2C2C_25degC/Cycling_Periods/S2000FNNDT_CYC_at25degC_V25_5407.ird,DOD80_2C2C_25degC,CYC,S2000FNNDT,25,5407,25,7.962,80.0,2.0,2.0,25.0
/media/kabir/Research/Project/sodium battery /Data_Failure_Mode_and_Degradation_Analysis_of_a_Commercial_Sodium-Ion_Battery_With_Severe_Gassing_Issue/Standard cycling/DOD80_2C2C_25degC/Cycling_Periods/S2000FPKDB_CYC_at25degC_V01_4926.ird,DOD80_2C2C_25degC,CYC,S2000FPKDB,1,4926,25,7.777,80.0,2.0,2.0,25.0
/media/kabir/Research/Project/sodium battery /Data_Failure_Mode_and_Degradation_Analysis_of_a_Commercial_Sodium-Ion_Battery_With_Severe_Gassing_Issue/Standard cycling/DOD80_2C2C_25degC/Cycling_Periods/S2000FPKDB_CYC_at25degC_V03_4969.ird,DOD80_2C2C_25degC,CYC,S2000FPKDB,3,4969,25,7.859,80.0,2.0,2.0,25.0
/media/kabir/Research/Project/sodium battery /Data_Failure_Mode_and_Degradation_Analysis_of_a_Commercial_Sodium-Ion_Battery_With_Severe_Gassing_Issue/Standard cycling/DOD80_2C2C_25degC/Cycling_Periods/S2000FPKDB_CYC_at25degC_V05_5021.ird,DOD80_2C2C_25degC,CYC,S2000FPKDB,5,5021,25,7.844,80.0,2.0,2.0,25.0
/media/kabir/Research/Project/sodium battery /Data_Failure_Mode_and_Degradation_Analysis_of_a_Commercial_Sodium-Ion_Battery_With_Severe_Gassing_Issue/Standard cycling/DOD80_2C2C_25degC/Cycling_Periods/S2000FPKDB_CYC_at25degC_V07_5068.ird,DOD80_2C2C_25degC,CYC,S2000FPKDB,7,5068,25,7.85,80.0,2.0,2.0,25.0
/media/kabir/Research/Project/sodium battery /Data_Failure_Mode_and_Degradation_Analysis_of_a_Commercial_Sodium-Ion_Battery_With_Severe_Gassing_Issue/Standard cycling/DOD80_2C2C_25degC/Cycling_Periods/S2000FPKDB_CYC_at25degC_V09_5110.ird,DOD80_2C2C_25degC,CYC,S2000FPKDB,9,5110,25,7.858,80.0,2.0,2.0,25.0
/media/kabir/Research/Project/sodium battery /Data_Failure_Mode_and_Degradation_Analysis_of_a_Commercial_Sodium-Ion_Battery_With_Severe_Gassing_Issue/Standard cycling/DOD80_2C2C_25degC/Cycling_Periods/S2000FPKDB_CYC_at25degC_V11_5154.ird,DOD80_2C2C_25degC,CYC,S2000FPKDB,11,5154,25,7.869,80.0,2.0,2.0,25.0
/media/kabir/Research/Project/sodium battery /Data_Failure_Mode_and_Degradation_Analysis_of_a_Commercial_Sodium-Ion_Battery_With_Severe_Gassing_Issue/Standard cycling/DOD80_2C2C_25degC/Cycling_Periods/S2000FPKDB_CYC_at25degC_V13_5206.ird,DOD80_2C2C_25degC,CYC,S2000FPKDB,13,5206,25,7.88,80.0,2.0,2.0,25.0
/media/kabir/Research/Project/sodium battery /Data_Failure_Mode_and_Degradation_Analysis_of_a_Commercial_Sodium-Ion_Battery_With_Severe_Gassing_Issue/Standard cycling/DOD80_2C2C_25degC/Cycling_Periods/S2000FPKDB_CYC_at25degC_V15_5242.ird,DOD80_2C2C_25degC,CYC,S2000FPKDB,15,5242,25,7.879,80.0,2.0,2.0,25.0
/media/kabir/Research/Project/sodium battery /Data_Failure_Mode_and_Degradation_Analysis_of_a_Commercial_Sodium-Ion_Battery_With_Severe_Gassing_Issue/Standard cycling/DOD80_2C2C_25degC/Cycling_Periods/S2000FPKDB_CYC_at25degC_V17_5284.ird,DOD80_2C2C_25degC,CYC,S2000FPKDB,17,5284,25,7.88,80.0,2.0,2.0,25.0
/media/kabir/Research/Project/sodium battery /Data_Failure_Mode_and_Degradation_Analysis_of_a_Commercial_Sodium-Ion_Battery_With_Severe_Gassing_Issue/Standard cycling/DOD80_2C2C_25degC/Cycling_Periods/S2000FPKDB_CYC_at25degC_V19_5320.ird,DOD80_2C2C_25degC,CYC,S2000FPKDB,19,5320,25,7.894,80.0,2.0,2.0,25.0
/media/kabir/Research/Project/sodium battery /Data_Failure_Mode_and_Degradation_Analysis_of_a_Commercial_Sodium-Ion_Battery_With_Severe_Gassing_Issue/Standard cycling/DOD80_2C2C_25degC/Cycling_Periods/S2000FPKDB_CYC_at25degC_V21_5363.ird,DOD80_2C2C_25degC,CYC,S2000FPKDB,21,5363,25,7.903,80.0,2.0,2.0,25.0
/media/kabir/Research/Project/sodium battery /Data_Failure_Mode_and_Degradation_Analysis_of_a_Commercial_Sodium-Ion_Battery_With_Severe_Gassing_Issue/Standard cycling/DOD80_2C2C_25degC/Cycling_Periods/S2000FPKDB_CYC_at25degC_V23_5389.ird,DOD80_2C2C_25degC,CYC,S2000FPKDB,23,5389,25,7.905,80.0,2.0,2.0,25.0
/media/kabir/Research/Project/sodium battery /Data_Failure_Mode_and_Degradation_Analysis_of_a_Commercial_Sodium-Ion_Battery_With_Severe_Gassing_Issue/Standard cycling/DOD80_2C2C_25degC/Cycling_Periods/S2000FPKDB_CYC_at25degC_V25_5406.ird,DOD80_2C2C_25degC,CYC,S2000FPKDB,25,5406,25,7.933,80.0,2.0,2.0,25.0
/media/kabir/Research/Project/sodium battery /Data_Failure_Mode_and_Degradation_Analysis_of_a_Commercial_Sodium-Ion_Battery_With_Severe_Gassing_Issue/Standard cycling/DOD80_2C2C_40degC/CU_at_25degC/S2000FLPGG_CU_at25degC_V00_4916.ird,DOD80_2C2C_40degC,CU,S2000FLPGG,0,4916,25,15.441,80.0,2.0,2.0,40.0
/media/kabir/Research/Project/sodium battery /Data_Failure_Mode_and_Degradation_Analysis_of_a_Commercial_Sodium-Ion_Battery_With_Severe_Gassing_Issue/Standard cycling/DOD80_2C2C_40degC/CU_at_25degC/S2000FLPGG_CU_at25degC_V02_4995.ird,DOD80_2C2C_40degC,CU,S2000FLPGG,2,4995,25,15.404,80.0,2.0,2.0,40.0
/media/kabir/Research/Project/sodium battery /Data_Failure_Mode_and_Degradation_Analysis_of_a_Commercial_Sodium-Ion_Battery_With_Severe_Gassing_Issue/Standard cycling/DOD80_2C2C_40degC/CU_at_25degC/S2000FLPGG_CU_at25degC_V04_5054.ird,DOD80_2C2C_40degC,CU,S2000FLPGG,4,5054,25,15.399,80.0,2.0,2.0,40.0
/media/kabir/Research/Project/sodium battery /Data_Failure_Mode_and_Degradation_Analysis_of_a_Commercial_Sodium-Ion_Battery_With_Severe_Gassing_Issue/Standard cycling/DOD80_2C2C_40degC/CU_at_25degC/S2000FLPGG_CU_at25degC_V06_5097.ird,DOD80_2C2C_40degC,CU,S2000FLPGG,6,5097,25,15.383,80.0,2.0,2.0,40.0
/media/kabir/Research/Project/sodium battery /Data_Failure_Mode_and_Degradation_Analysis_of_a_Commercial_Sodium-Ion_Battery_With_Severe_Gassing_Issue/Standard cycling/DOD80_2C2C_40degC/CU_at_25degC/S2000FLPGG_CU_at25degC_V08_5140.ird,DOD80_2C2C_40degC,CU,S2000FLPGG,8,5140,25,15.412,80.0,2.0,2.0,40.0
/media/kabir/Research/Project/sodium battery /Data_Failure_Mode_and_Degradation_Analysis_of_a_Commercial_Sodium-Ion_Battery_With_Severe_Gassing_Issue/Standard cycling/DOD80_2C2C_40degC/CU_at_25degC/S2000FLPGG_CU_at25degC_V10_5199.ird,DOD80_2C2C_40degC,CU,S2000FLPGG,10,5199,25,15.413,80.0,2.0,2.0,40.0
/media/kabir/Research/Project/sodium battery /Data_Failure_Mode_and_Degradation_Analysis_of_a_Commercial_Sodium-Ion_Battery_With_Severe_Gassing_Issue/Standard cycling/DOD80_2C2C_40degC/CU_at_25degC/S2000FLPGG_CU_at25degC_V12_5241.ird,DOD80_2C2C_40degC,CU,S2000FLPGG,12,5241,25,15.414,80.0,2.0,2.0,40.0
/media/kabir/Research/Project/sodium battery /Data_Failure_Mode_and_Degradation_Analysis_of_a_Commercial_Sodium-Ion_Battery_With_Severe_Gassing_Issue/Standard cycling/DOD80_2C2C_40degC/CU_at_25degC/S2000FLPGG_CU_at25degC_V14_5277.ird,DOD80_2C2C_40degC,CU,S2000FLPGG,14,5277,25,15.426,80.0,2.0,2.0,40.0
/media/kabir/Research/Project/sodium battery /Data_Failure_Mode_and_Degradation_Analysis_of_a_Commercial_Sodium-Ion_Battery_With_Severe_Gassing_Issue/Standard cycling/DOD80_2C2C_40degC/CU_at_25degC/S2000FLPGG_CU_at25degC_V16_5313.ird,DOD80_2C2C_40degC,CU,S2000FLPGG,16,5313,25,15.416,80.0,2.0,2.0,40.0
/media/kabir/Research/Project/sodium battery /Data_Failure_Mode_and_Degradation_Analysis_of_a_Commercial_Sodium-Ion_Battery_With_Severe_Gassing_Issue/Standard cycling/DOD80_2C2C_40degC/CU_at_25degC/S2000FLPGG_CU_at25degC_V16_5355.ird,DOD80_2C2C_40degC,CU,S2000FLPGG,16,5355,25,15.41,80.0,2.0,2.0,40.0
/media/kabir/Research/Project/sodium battery /Data_Failure_Mode_and_Degradation_Analysis_of_a_Commercial_Sodium-Ion_Battery_With_Severe_Gassing_Issue/Standard cycling/DOD80_2C2C_40degC/CU_at_25degC/S2000FLPGG_CU_at25degC_V20_5383.ird,DOD80_2C2C_40degC,CU,S2000FLPGG,20,5383,25,15.368,80.0,2.0,2.0,40.0
/media/kabir/Research/Project/sodium battery /Data_Failure_Mode_and_Degradation_Analysis_of_a_Commercial_Sodium-Ion_Battery_With_Severe_Gassing_Issue/Standard cycling/DOD80_2C2C_40degC/CU_at_25degC/S2000FLPGG_CU_at25degC_V22_5411.ird,DOD80_2C2C_40degC,CU,S2000FLPGG,22,5411,25,15.326,80.0,2.0,2.0,40.0
/media/kabir/Research/Project/sodium battery /Data_Failure_Mode_and_Degradation_Analysis_of_a_Commercial_Sodium-Ion_Battery_With_Severe_Gassing_Issue/Standard cycling/DOD80_2C2C_40degC/CU_at_25degC/S2000FMEL8_CU_at25degC_V00_4914.ird,DOD80_2C2C_40degC,CU,S2000FMEL8,0,4914,25,15.401,80.0,2.0,2.0,40.0
/media/kabir/Research/Project/sodium battery /Data_Failure_Mode_and_Degradation_Analysis_of_a_Commercial_Sodium-Ion_Battery_With_Severe_Gassing_Issue/Standard cycling/DOD80_2C2C_40degC/CU_at_25degC/S2000FMEL8_CU_at25degC_V02_4994.ird,DOD80_2C2C_40degC,CU,S2000FMEL8,2,4994,25,15.399,80.0,2.0,2.0,40.0
/media/kabir/Research/Project/sodium battery /Data_Failure_Mode_and_Degradation_Analysis_of_a_Commercial_Sodium-Ion_Battery_With_Severe_Gassing_Issue/Standard cycling/DOD80_2C2C_40degC/CU_at_25degC/S2000FMEL8_CU_at25degC_V04_5052.ird,DOD80_2C2C_40degC,CU,S2000FMEL8,4,5052,25,15.391,80.0,2.0,2.0,40.0
/media/kabir/Research/Project/sodium battery /Data_Failure_Mode_and_Degradation_Analysis_of_a_Commercial_Sodium-Ion_Battery_With_Severe_Gassing_Issue/Standard cycling/DOD80_2C2C_40degC/CU_at_25degC/S2000FMEL8_CU_at25degC_V06_5095.ird,DOD80_2C2C_40degC,CU,S2000FMEL8,6,5095,25,15.358,80.0,2.0,2.0,40.0
/media/kabir/Research/Project/sodium battery /Data_Failure_Mode_and_Degradation_Analysis_of_a_Commercial_Sodium-Ion_Battery_With_Severe_Gassing_Issue/Standard cycling/DOD80_2C2C_40degC/CU_at_25degC/S2000FMEL8_CU_at25degC_V08_5138.ird,DOD80_2C2C_40degC,CU,S2000FMEL8,8,5138,25,15.392,80.0,2.0,2.0,40.0
/media/kabir/Research/Project/sodium battery /Data_Failure_Mode_and_Degradation_Analysis_of_a_Commercial_Sodium-Ion_Battery_With_Severe_Gassing_Issue/Standard cycling/DOD80_2C2C_40degC/CU_at_25degC/S2000FMEL8_CU_at25degC_V10_5197.ird,DOD80_2C2C_40degC,CU,S2000FMEL8,10,5197,25,15.413,80.0,2.0,2.0,40.0
/media/kabir/Research/Project/sodium battery /Data_Failure_Mode_and_Degradation_Analysis_of_a_Commercial_Sodium-Ion_Battery_With_Severe_Gassing_Issue/Standard cycling/DOD80_2C2C_40degC/CU_at_25degC/S2000FMEL8_CU_at25degC_V12_5239.ird,DOD80_2C2C_40degC,CU,S2000FMEL8,12,5239,25,15.336,80.0,2.0,2.0,40.0
/media/kabir/Research/Project/sodium battery /Data_Failure_Mode_and_Degradation_Analysis_of_a_Commercial_Sodium-Ion_Battery_With_Severe_Gassing_Issue/Standard cycling/DOD80_2C2C_40degC/CU_at_25degC/S2000FMEL8_CU_at25degC_V14_5275.ird,DOD80_2C2C_40degC,CU,S2000FMEL8,14,5275,25,15.396,80.0,2.0,2.0,40.0
/media/kabir/Research/Project/sodium battery /Data_Failure_Mode_and_Degradation_Analysis_of_a_Commercial_Sodium-Ion_Battery_With_Severe_Gassing_Issue/Standard cycling/DOD80_2C2C_40degC/CU_at_25degC/S2000FMEL8_CU_at25degC_V16_5311.ird,DOD80_2C2C_40degC,CU,S2000FMEL8,16,5311,25,15.386,80.0,2.0,2.0,40.0
/media/kabir/Research/Project/sodium battery /Data_Failure_Mode_and_Degradation_Analysis_of_a_Commercial_Sodium-Ion_Battery_With_Severe_Gassing_Issue/Standard cycling/DOD80_2C2C_40degC/CU_at_25degC/S2000FMEL8_CU_at25degC_V16_5353.ird,DOD80_2C2C_40degC,CU,S2000FMEL8,16,5353,25,15.35,80.0,2.0,2.0,40.0
/media/kabir/Research/Project/sodium battery /Data_Failure_Mode_and_Degradation_Analysis_of_a_Commercial_Sodium-Ion_Battery_With_Severe_Gassing_Issue/Standard cycling/DOD80_2C2C_40degC/CU_at_25degC/S2000FMEL8_CU_at25degC_V20_5381.ird,DOD80_2C2C_40degC,CU,S2000FMEL8,20,5381,25,15.292,80.0,2.0,2.0,40.0
/media/kabir/Research/Project/sodium battery /Data_Failure_Mode_and_Degradation_Analysis_of_a_Commercial_Sodium-Ion_Battery_With_Severe_Gassing_Issue/Standard cycling/DOD80_2C2C_40degC/CU_at_25degC/S2000FMEL8_CU_at25degC_V22_5409.ird,DOD80_2C2C_40degC,CU,S2000FMEL8,22,5409,25,15.249,80.0,2.0,2.0,40.0
/media/kabir/Research/Project/sodium battery /Data_Failure_Mode_and_Degradation_Analysis_of_a_Commercial_Sodium-Ion_Battery_With_Severe_Gassing_Issue/Standard cycling/DOD80_2C2C_40degC/CU_at_25degC/S2000FMOQ0_CU_at25degC_V00_4950.ird,DOD80_2C2C_40degC,CU,S2000FMOQ0,0,4950,25,15.405,80.0,2.0,2.0,40.0
/media/kabir/Research/Project/sodium battery /Data_Failure_Mode_and_Degradation_Analysis_of_a_Commercial_Sodium-Ion_Battery_With_Severe_Gassing_Issue/Standard cycling/DOD80_2C2C_40degC/CU_at_25degC/S2000FMOQ0_CU_at25degC_V02_4997.ird,DOD80_2C2C_40degC,CU,S2000FMOQ0,2,4997,25,15.104,80.0,2.0,2.0,40.0
/media/kabir/Research/Project/sodium battery /Data_Failure_Mode_and_Degradation_Analysis_of_a_Commercial_Sodium-Ion_Battery_With_Severe_Gassing_Issue/Standard cycling/DOD80_2C2C_40degC/CU_at_25degC/S2000FMOQ0_CU_at25degC_V04_5053.ird,DOD80_2C2C_40degC,CU,S2000FMOQ0,4,5053,25,15.356,80.0,2.0,2.0,40.0
/media/kabir/Research/Project/sodium battery /Data_Failure_Mode_and_Degradation_Analysis_of_a_Commercial_Sodium-Ion_Battery_With_Severe_Gassing_Issue/Standard cycling/DOD80_2C2C_40degC/CU_at_25degC/S2000FMOQ0_CU_at25degC_V06_5096.ird,DOD80_2C2C_40degC,CU,S2000FMOQ0,6,5096,25,15.338,80.0,2.0,2.0,40.0
/media/kabir/Research/Project/sodium battery /Data_Failure_Mode_and_Degradation_Analysis_of_a_Commercial_Sodium-Ion_Battery_With_Severe_Gassing_Issue/Standard cycling/DOD80_2C2C_40degC/CU_at_25degC/S2000FMOQ0_CU_at25degC_V08_5139.ird,DOD80_2C2C_40degC,CU,S2000FMOQ0,8,5139,25,15.345,80.0,2.0,2.0,40.0
/media/kabir/Research/Project/sodium battery /Data_Failure_Mode_and_Degradation_Analysis_of_a_Commercial_Sodium-Ion_Battery_With_Severe_Gassing_Issue/Standard cycling/DOD80_2C2C_40degC/CU_at_25degC/S2000FMOQ0_CU_at25degC_V10_5198.ird,DOD80_2C2C_40degC,CU,S2000FMOQ0,10,5198,25,15.358,80.0,2.0,2.0,40.0
/media/kabir/Research/Project/sodium battery /Data_Failure_Mode_and_Degradation_Analysis_of_a_Commercial_Sodium-Ion_Battery_With_Severe_Gassing_Issue/Standard cycling/DOD80_2C2C_40degC/CU_at_25degC/S2000FMOQ0_CU_at25degC_V12_5240.ird,DOD80_2C2C_40degC,CU,S2000FMOQ0,12,5240,25,15.338,80.0,2.0,2.0,40.0
/media/kabir/Research/Project/sodium battery /Data_Failure_Mode_and_Degradation_Analysis_of_a_Commercial_Sodium-Ion_Battery_With_Severe_Gassing_Issue/Standard cycling/DOD80_2C2C_40degC/CU_at_25degC/S2000FMOQ0_CU_at25degC_V14_5276.ird,DOD80_2C2C_40degC,CU,S2000FMOQ0,14,5276,25,15.359,80.0,2.0,2.0,40.0
/media/kabir/Research/Project/sodium battery /Data_Failure_Mode_and_Degradation_Analysis_of_a_Commercial_Sodium-Ion_Battery_With_Severe_Gassing_Issue/Standard cycling/DOD80_2C2C_40degC/CU_at_25degC/S2000FMOQ0_CU_at25degC_V16_5312.ird,DOD80_2C2C_40degC,CU,S2000FMOQ0,16,5312,25,15.359,80.0,2.0,2.0,40.0
/media/kabir/Research/Project/sodium battery /Data_Failure_Mode_and_Degradation_Analysis_of_a_Commercial_Sodium-Ion_Battery_With_Severe_Gassing_Issue/Standard cycling/DOD80_2C2C_40degC/CU_at_25degC/S2000FMOQ0_CU_at25degC_V16_5354.ird,DOD80_2C2C_40degC,CU,S2000FMOQ0,16,5354,25,15.336,80.0,2.0,2.0,40.0
/media/kabir/Research/Project/sodium battery /Data_Failure_Mode_and_Degradation_Analysis_of_a_Commercial_Sodium-Ion_Battery_With_Severe_Gassing_Issue/Standard cycling/DOD80_2C2C_40degC/CU_at_25degC/S2000FMOQ0_CU_at25degC_V20_5382.ird,DOD80_2C2C_40degC,CU,S2000FMOQ0,20,5382,25,15.298,80.0,2.0,2.0,40.0
/media/kabir/Research/Project/sodium battery /Data_Failure_Mode_and_Degradation_Analysis_of_a_Commercial_Sodium-Ion_Battery_With_Severe_Gassing_Issue/Standard cycling/DOD80_2C2C_40degC/CU_at_25degC/S2000FMOQ0_CU_at25degC_V22_5410.ird,DOD80_2C2C_40degC,CU,S2000FMOQ0,22,5410,25,15.249,80.0,2.0,2.0,40.0
/media/kabir/Research/Project/sodium battery /Data_Failure_Mode_and_Degradation_Analysis_of_a_Commercial_Sodium-Ion_Battery_With_Severe_Gassing_Issue/Standard cycling/DOD80_2C2C_40degC/Cycling_Periods/S2000FLPGG_CYC_at40degC_V01_4943.ird,DOD80_2C2C_40degC,CYC,S2000FLPGG,1,4943,40,7.601,80.0,2.0,2.0,40.0
/media/kabir/Research/Project/sodium battery /Data_Failure_Mode_and_Degradation_Analysis_of_a_Commercial_Sodium-Ion_Battery_With_Severe_Gassing_Issue/Standard cycling/DOD80_2C2C_40degC/Cycling_Periods/S2000FLPGG_CYC_at40degC_V03_5014.ird,DOD80_2C2C_40degC,CYC,S2000FLPGG,3,5014,40,7.584,80.0,2.0,2.0,40.0
/media/kabir/Research/Project/sodium battery /Data_Failure_Mode_and_Degradation_Analysis_of_a_Commercial_Sodium-Ion_Battery_With_Severe_Gassing_Issue/Standard cycling/DOD80_2C2C_40degC/Cycling_Periods/S2000FLPGG_CYC_at40degC_V05_5062.ird,DOD80_2C2C_40degC,CYC,S2000FLPGG,5,5062,40,7.603,80.0,2.0,2.0,40.0
/media/kabir/Research/Project/sodium battery /Data_Failure_Mode_and_Degradation_Analysis_of_a_Commercial_Sodium-Ion_Battery_With_Severe_Gassing_Issue/Standard cycling/DOD80_2C2C_40degC/Cycling_Periods/S2000FLPGG_CYC_at40degC_V07_5116.ird,DOD80_2C2C_40degC,CYC,S2000FLPGG,7,5116,40,7.619,80.0,2.0,2.0,40.0
/media/kabir/Research/Project/sodium battery /Data_Failure_Mode_and_Degradation_Analysis_of_a_Commercial_Sodium-Ion_Battery_With_Severe_Gassing_Issue/Standard cycling/DOD80_2C2C_40degC/Cycling_Periods/S2000FLPGG_CYC_at40degC_V09_5163.ird,DOD80_2C2C_40degC,CYC,S2000FLPGG,9,5163,40,7.617,80.0,2.0,2.0,40.0
/media/kabir/Research/Project/sodium battery /Data_Failure_Mode_and_Degradation_Analysis_of_a_Commercial_Sodium-Ion_Battery_With_Severe_Gassing_Issue/Standard cycling/DOD80_2C2C_40degC/Cycling_Periods/S2000FLPGG_CYC_at40degC_V11_5214.ird,DOD80_2C2C_40degC,CYC,S2000FLPGG,11,5214,40,7.64,80.0,2.0,2.0,40.0
/media/kabir/Research/Project/sodium battery /Data_Failure_Mode_and_Degradation_Analysis_of_a_Commercial_Sodium-Ion_Battery_With_Severe_Gassing_Issue/Standard cycling/DOD80_2C2C_40degC/Cycling_Periods/S2000FLPGG_CYC_at40degC_V13_5253.ird,DOD80_2C2C_40degC,CYC,S2000FLPGG,13,5253,40,7.651,80.0,2.0,2.0,40.0
/media/kabir/Research/Project/sodium battery /Data_Failure_Mode_and_Degradation_Analysis_of_a_Commercial_Sodium-Ion_Battery_With_Severe_Gassing_Issue/Standard cycling/DOD80_2C2C_40degC/Cycling_Periods/S2000FLPGG_CYC_at40degC_V15_5295.ird,DOD80_2C2C_40degC,CYC,S2000FLPGG,15,5295,40,7.661,80.0,2.0,2.0,40.0
/media/kabir/Research/Project/sodium battery /Data_Failure_Mode_and_Degradation_Analysis_of_a_Commercial_Sodium-Ion_Battery_With_Severe_Gassing_Issue/Standard cycling/DOD80_2C2C_40degC/Cycling_Periods/S2000FLPGG_CYC_at40degC_V17_5325.ird,DOD80_2C2C_40degC,CYC,S2000FLPGG,17,5325,40,7.67,80.0,2.0,2.0,40.0
/media/kabir/Research/Project/sodium battery /Data_Failure_Mode_and_Degradation_Analysis_of_a_Commercial_Sodium-Ion_Battery_With_Severe_Gassing_Issue/Standard cycling/DOD80_2C2C_40degC/Cycling_Periods/S2000FLPGG_CYC_at40degC_V19_5371.ird,DOD80_2C2C_40degC,CYC,S2000FLPGG,19,5371,40,7.683,80.0,2.0,2.0,40.0
/media/kabir/Research/Project/sodium battery /Data_Failure_Mode_and_Degradation_Analysis_of_a_Commercial_Sodium-Ion_Battery_With_Severe_Gassing_Issue/Standard cycling/DOD80_2C2C_40degC/Cycling_Periods/S2000FLPGG_CYC_at40degC_V21_5394.ird,DOD80_2C2C_40degC,CYC,S2000FLPGG,21,5394,40,7.699,80.0,2.0,2.0,40.0
/media/kabir/Research/Project/sodium battery /Data_Failure_Mode_and_Degradation_Analysis_of_a_Commercial_Sodium-Ion_Battery_With_Severe_Gassing_Issue/Standard cycling/DOD80_2C2C_40degC/Cycling_Periods/S2000FMEL8_CYC_at40degC_V01_4942.ird,DOD80_2C2C_40degC,CYC,S2000FMEL8,1,4942,40,7.567,80.0,2.0,2.0,40.0
/media/kabir/Research/Project/sodium battery /Data_Failure_Mode_and_Degradation_Analysis_of_a_Commercial_Sodium-Ion_Battery_With_Severe_Gassing_Issue/Standard cycling/DOD80_2C2C_40degC/Cycling_Periods/S2000FMEL8_CYC_at40degC_V03_5012.ird,DOD80_2C2C_40degC,CYC,S2000FMEL8,3,5012,40,7.546,80.0,2.0,2.0,40.0
/media/kabir/Research/Project/sodium battery /Data_Failure_Mode_and_Degradation_Analysis_of_a_Commercial_Sodium-Ion_Battery_With_Severe_Gassing_Issue/Standard cycling/DOD80_2C2C_40degC/Cycling_Periods/S2000FMEL8_CYC_at40degC_V05_5060.ird,DOD80_2C2C_40degC,CYC,S2000FMEL8,5,5060,40,7.554,80.0,2.0,2.0,40.0
/media/kabir/Research/Project/sodium battery /Data_Failure_Mode_and_Degradation_Analysis_of_a_Commercial_Sodium-Ion_Battery_With_Severe_Gassing_Issue/Standard cycling/DOD80_2C2C_40degC/Cycling_Periods/S2000FMEL8_CYC_at40degC_V07_5114.ird,DOD80_2C2C_40degC,CYC,S2000FMEL8,7,5114,40,7.555,80.0,2.0,2.0,40.0
/media/kabir/Research/Project/sodium battery /Data_Failure_Mode_and_Degradation_Analysis_of_a_Commercial_Sodium-Ion_Battery_With_Severe_Gassing_Issue/Standard cycling/DOD80_2C2C_40degC/Cycling_Periods/S2000FMEL8_CYC_at40degC_V09_5161.ird,DOD80_2C2C_40degC,CYC,S2000FMEL8,9,5161,40,7.583,80.0,2.0,2.0,40.0
/media/kabir/Research/Project/sodium battery /Data_Failure_Mode_and_Degradation_Analysis_of_a_Commercial_Sodium-Ion_Battery_With_Severe_Gassing_Issue/Standard cycling/DOD80_2C2C_40degC/Cycling_Periods/S2000FMEL8_CYC_at40degC_V11_5212.ird,DOD80_2C2C_40degC,CYC,S2000FMEL8,11,5212,40,7.594,80.0,2.0,2.0,40.0
/media/kabir/Research/Project/sodium battery /Data_Failure_Mode_and_Degradation_Analysis_of_a_Commercial_Sodium-Ion_Battery_With_Severe_Gassing_Issue/Standard cycling/DOD80_2C2C_40degC/Cycling_Periods/S2000FMEL8_CYC_at40degC_V13_5251.ird,DOD80_2C2C_40degC,CYC,S2000FMEL8,13,5251,40,7.601,80.0,2.0,2.0,40.0
/media/kabir/Research/Project/sodium battery /Data_Failure_Mode_and_Degradation_Analysis_of_a_Commercial_Sodium-Ion_Battery_With_Severe_Gassing_Issue/Standard cycling/DOD80_2C2C_40degC/Cycling_Periods/S2000FMEL8_CYC_at40degC_V15_5293.ird,DOD80_2C2C_40degC,CYC,S2000FMEL8,15,5293,40,7.619,80.0,2.0,2.0,40.0
/media/kabir/Research/Project/sodium battery /Data_Failure_Mode_and_Degradation_Analysis_of_a_Commercial_Sodium-Ion_Battery_With_Severe_Gassing_Issue/Standard cycling/DOD80_2C2C_40degC/Cycling_Periods/S2000FMEL8_CYC_at40degC_V17_5323.ird,DOD80_2C2C_40degC,CYC,S2000FMEL8,17,5323,40,7.628,80.0,2.0,2.0,40.0
/media/kabir/Research/Project/sodium battery /Data_Failure_Mode_and_Degradation_Analysis_of_a_Commercial_Sodium-Ion_Battery_With_Severe_Gassing_Issue/Standard cycling/DOD80_2C2C_40degC/Cycling_Periods/S2000FMEL8_CYC_at40degC_V19_5369.ird,DOD80_2C2C_40degC,CYC,S2000FMEL8,19,5369,40,7.654,80.0,2.0,2.0,40.0
/media/kabir/Research/Project/sodium battery /Data_Failure_Mode_and_Degradation_Analysis_of_a_Commercial_Sodium-Ion_Battery_With_Severe_Gassing_Issue/Standard cycling/DOD80_2C2C_40degC/Cycling_Periods/S2000FMEL8_CYC_at40degC_V21_5392.ird,DOD80_2C2C_40degC,CYC,S2000FMEL8,21,5392,40,7.669,80.0,2.0,2.0,40.0
/media/kabir/Research/Project/sodium battery /Data_Failure_Mode_and_Degradation_Analysis_of_a_Commercial_Sodium-Ion_Battery_With_Severe_Gassing_Issue/Standard cycling/DOD80_2C2C_40degC/Cycling_Periods/S2000FMOQ0_CYC_at40degC_V01_4960.ird,DOD80_2C2C_40degC,CYC,S2000FMOQ0,1,4960,40,7.523,80.0,2.0,2.0,40.0
/media/kabir/Research/Project/sodium battery /Data_Failure_Mode_and_Degradation_Analysis_of_a_Commercial_Sodium-Ion_Battery_With_Severe_Gassing_Issue/Standard cycling/DOD80_2C2C_40degC/Cycling_Periods/S2000FMOQ0_CYC_at40degC_V03_5013.ird,DOD80_2C2C_40degC,CYC,S2000FMOQ0,3,5013,40,7.508,80.0,2.0,2.0,40.0
/media/kabir/Research/Project/sodium battery /Data_Failure_Mode_and_Degradation_Analysis_of_a_Commercial_Sodium-Ion_Battery_With_Severe_Gassing_Issue/Standard cycling/DOD80_2C2C_40degC/Cycling_Periods/S2000FMOQ0_CYC_at40degC_V05_5061.ird,DOD80_2C2C_40degC,CYC,S2000FMOQ0,5,5061,40,7.521,80.0,2.0,2.0,40.0
/media/kabir/Research/Project/sodium battery /Data_Failure_Mode_and_Degradation_Analysis_of_a_Commercial_Sodium-Ion_Battery_With_Severe_Gassing_Issue/Standard cycling/DOD80_2C2C_40degC/Cycling_Periods/S2000FMOQ0_CYC_at40degC_V07_5115.ird,DOD80_2C2C_40degC,CYC,S2000FMOQ0,7,5115,40,7.542,80.0,2.0,2.0,40.0
/media/kabir/Research/Project/sodium battery /Data_Failure_Mode_and_Degradation_Analysis_of_a_Commercial_Sodium-Ion_Battery_With_Severe_Gassing_Issue/Standard cycling/DOD80_2C2C_40degC/Cycling_Periods/S2000FMOQ0_CYC_at40degC_V09_5162.ird,DOD80_2C2C_40degC,CYC,S2000FMOQ0,9,5162,40,7.562,80.0,2.0,2.0,40.0
/media/kabir/Research/Project/sodium battery /Data_Failure_Mode_and_Degradation_Analysis_of_a_Commercial_Sodium-Ion_Battery_With_Severe_Gassing_Issue/Standard cycling/DOD80_2C2C_40degC/Cycling_Periods/S2000FMOQ0_CYC_at40degC_V11_5213.ird,DOD80_2C2C_40degC,CYC,S2000FMOQ0,11,5213,40,7.58,80.0,2.0,2.0,40.0
/media/kabir/Research/Project/sodium battery /Data_Failure_Mode_and_Degradation_Analysis_of_a_Commercial_Sodium-Ion_Battery_With_Severe_Gassing_Issue/Standard cycling/DOD80_2C2C_40degC/Cycling_Periods/S2000FMOQ0_CYC_at40degC_V13_5252.ird,DOD80_2C2C_40degC,CYC,S2000FMOQ0,13,5252,40,7.601,80.0,2.0,2.0,40.0
/media/kabir/Research/Project/sodium battery /Data_Failure_Mode_and_Degradation_Analysis_of_a_Commercial_Sodium-Ion_Battery_With_Severe_Gassing_Issue/Standard cycling/DOD80_2C2C_40degC/Cycling_Periods/S2000FMOQ0_CYC_at40degC_V15_5294.ird,DOD80_2C2C_40degC,CYC,S2000FMOQ0,15,5294,40,7.612,80.0,2.0,2.0,40.0
/media/kabir/Research/Project/sodium battery /Data_Failure_Mode_and_Degradation_Analysis_of_a_Commercial_Sodium-Ion_Battery_With_Severe_Gassing_Issue/Standard cycling/DOD80_2C2C_40degC/Cycling_Periods/S2000FMOQ0_CYC_at40degC_V17_5324.ird,DOD80_2C2C_40degC,CYC,S2000FMOQ0,17,5324,40,7.636,80.0,2.0,2.0,40.0
/media/kabir/Research/Project/sodium battery /Data_Failure_Mode_and_Degradation_Analysis_of_a_Commercial_Sodium-Ion_Battery_With_Severe_Gassing_Issue/Standard cycling/DOD80_2C2C_40degC/Cycling_Periods/S2000FMOQ0_CYC_at40degC_V19_5370.ird,DOD80_2C2C_40degC,CYC,S2000FMOQ0,19,5370,40,7.664,80.0,2.0,2.0,40.0
/media/kabir/Research/Project/sodium battery /Data_Failure_Mode_and_Degradation_Analysis_of_a_Commercial_Sodium-Ion_Battery_With_Severe_Gassing_Issue/Standard cycling/DOD80_2C2C_40degC/Cycling_Periods/S2000FMOQ0_CYC_at40degC_V21_5393.ird,DOD80_2C2C_40degC,CYC,S2000FMOQ0,21,5393,40,7.676,80.0,2.0,2.0,40.0
/media/kabir/Research/Project/sodium battery /Data_Failure_Mode_and_Degradation_Analysis_of_a_Commercial_Sodium-Ion_Battery_With_Severe_Gassing_Issue/Standard cycling/DOD80_2C2C_50degC/CU_at_25degC/S2000FPNAD_CU_at25degC_V00_4847.ird,DOD80_2C2C_50degC,CU,S2000FPNAD,0,4847,25,15.408,80.0,2.0,2.0,50.0
/media/kabir/Research/Project/sodium battery /Data_Failure_Mode_and_Degradation_Analysis_of_a_Commercial_Sodium-Ion_Battery_With_Severe_Gassing_Issue/Standard cycling/DOD80_2C2C_50degC/CU_at_25degC/S2000FPNAD_CU_at25degC_V01_4877.ird,DOD80_2C2C_50degC,CU,S2000FPNAD,1,4877,25,15.342,80.0,2.0,2.0,50.0
/media/kabir/Research/Project/sodium battery /Data_Failure_Mode_and_Degradation_Analysis_of_a_Commercial_Sodium-Ion_Battery_With_Severe_Gassing_Issue/Standard cycling/DOD80_2C2C_50degC/CU_at_25degC/S2000FPXAW_CU_at25degC_V00_4846.ird,DOD80_2C2C_50degC,CU,S2000FPXAW,0,4846,25,15.477,80.0,2.0,2.0,50.0
/media/kabir/Research/Project/sodium battery /Data_Failure_Mode_and_Degradation_Analysis_of_a_Commercial_Sodium-Ion_Battery_With_Severe_Gassing_Issue/Standard cycling/DOD80_2C2C_50degC/CU_at_25degC/S2000FPXAW_CU_at25degC_V01_4876.ird,DOD80_2C2C_50degC,CU,S2000FPXAW,1,4876,25,15.5,80.0,2.0,2.0,50.0
/media/kabir/Research/Project/sodium battery /Data_Failure_Mode_and_Degradation_Analysis_of_a_Commercial_Sodium-Ion_Battery_With_Severe_Gassing_Issue/Standard cycling/DOD80_2C2C_50degC/CU_at_25degC/S2000FQD0M_CU_at25degC_V00_4848.ird,DOD80_2C2C_50degC,CU,S2000FQD0M,0,4848,25,15.467,80.0,2.0,2.0,50.0
/media/kabir/Research/Project/sodium battery /Data_Failure_Mode_and_Degradation_Analysis_of_a_Commercial_Sodium-Ion_Battery_With_Severe_Gassing_Issue/Standard cycling/DOD80_2C2C_50degC/CU_at_25degC/S2000FQD0M_CU_at25degC_V01_4878.ird,DOD80_2C2C_50degC,CU,S2000FQD0M,1,4878,25,15.399,80.0,2.0,2.0,50.0
/media/kabir/Research/Project/sodium battery /Data_Failure_Mode_and_Degradation_Analysis_of_a_Commercial_Sodium-Ion_Battery_With_Severe_Gassing_Issue/Standard cycling/DOD80_2C2C_50degC/Cycling_Periods/S2000FPNAD_CU_at50degC_V01_4874.ird,DOD80_2C2C_50degC,CYC,S2000FPNAD,1,4874,50,40.409,80.0,2.0,2.0,50.0
/media/kabir/Research/Project/sodium battery /Data_Failure_Mode_and_Degradation_Analysis_of_a_Commercial_Sodium-Ion_Battery_With_Severe_Gassing_Issue/Standard cycling/DOD80_2C2C_50degC/Cycling_Periods/S2000FPXAW_CU_at50degC_V01_4873.ird,DOD80_2C2C_50degC,CYC,S2000FPXAW,1,4873,50,40.97,80.0,2.0,2.0,50.0
/media/kabir/Research/Project/sodium battery /Data_Failure_Mode_and_Degradation_Analysis_of_a_Commercial_Sodium-Ion_Battery_With_Severe_Gassing_Issue/Standard cycling/DOD80_2C2C_50degC/Cycling_Periods/S2000FQD0M_CU_at50degC_V01_4875.ird,DOD80_2C2C_50degC,CYC,S2000FQD0M,1,4875,50,40.653,80.0,2.0,2.0,50.0
